Row ID,Order ID,Order Date,Ship Date,Ship Mode,Customer ID,Customer Name,Segment,Country,City,State,Postal Code,Region,Product ID,Category,Sub-Category,Product Name,Sales,Quantity,Discount,Profit,Data_origen
89,CA-2016-159695,2016-04-05,2016-04-10,Second Class,GM-14455,Gary Mitchum,Home Office,United States,Houston,Texas,77095,Central,OFF-ST-10003442,Office Supplies,Storage,Eldon Portable Mobile Manager,158.36800000000002,7,0.2,13.857199999999999,0
324,CA-2016-162138,2016-04-23,2016-04-27,Standard Class,GK-14620,Grace Kelly,Corporate,United States,Hesperia,California,92345,West,OFF-BI-10004593,Office Supplies,Binders,Ibico Laser Imprintable Binding System Covers,251.52,6,0.2,81.744,0
333,US-2016-150147,2016-04-25,2016-04-29,Second Class,JL-15850,John Lucas,Consumer,United States,Philadelphia,Pennsylvania,19134,East,OFF-BI-10001153,Office Supplies,Binders,Ibico Recycled Grain-Textured Covers,20.724000000000004,2,0.7,-13.815999999999995,0
334,US-2016-150147,2016-04-25,2016-04-29,Second Class,JL-15850,John Lucas,Consumer,United States,Philadelphia,Pennsylvania,19134,East,OFF-BI-10001982,Office Supplies,Binders,Wilson Jones Custom Binder Spines & Labels,4.896000000000001,3,0.7,-3.427199999999999,0
355,CA-2016-138520,2016-04-08,2016-04-13,Standard Class,JL-15505,Jeremy Lonsdale,Consumer,United States,New York City,New York,10035,East,FUR-BO-10002268,Furniture,Bookcases,Sauder Barrister Bookcases,388.70400000000006,6,0.2,-4.858800000000002,0
359,CA-2016-130001,2016-04-23,2016-04-28,Standard Class,HK-14890,Heather Kirkland,Corporate,United States,Charlotte,North Carolina,28205,South,OFF-PA-10002666,Office Supplies,Paper,Southworth 25% Cotton Linen-Finish Paper & Envelopes,36.24000000000001,5,0.2,11.324999999999996,0
431,US-2016-123750,2016-04-15,2016-04-21,Standard Class,RB-19795,Ross Baird,Home Office,United States,Gastonia,North Carolina,28052,South,TEC-AC-10004659,Technology,Accessories,Imation Secure+ Hardware Encrypted USB 2.0 Flash Drive; 16GB,408.74399999999997,7,0.2,76.63949999999998,0
432,US-2016-123750,2016-04-15,2016-04-21,Standard Class,RB-19795,Ross Baird,Home Office,United States,Gastonia,North Carolina,28052,South,TEC-AC-10004659,Technology,Accessories,Imation Secure+ Hardware Encrypted USB 2.0 Flash Drive; 16GB,291.96,5,0.2,54.74249999999998,0
433,US-2016-123750,2016-04-15,2016-04-21,Standard Class,RB-19795,Ross Baird,Home Office,United States,Gastonia,North Carolina,28052,South,OFF-ST-10000617,Office Supplies,Storage,Woodgrain Magazine Files by Perma,4.768,2,0.2,-0.7748000000000006,0
451,CA-2016-166674,2016-04-01,2016-04-03,Second Class,RB-19360,Raymond Buch,Consumer,United States,Auburn,New York,13021,East,OFF-AR-10003156,Office Supplies,Art,50 Colored Long Pencils,30.48,3,0.0,7.924800000000001,0
463,CA-2016-109869,2016-04-22,2016-04-29,Standard Class,TN-21040,Tanja Norvell,Home Office,United States,Phoenix,Arizona,85023,West,FUR-FU-10000023,Furniture,Furnishings,Eldon Wave Desk Accessories,23.56,5,0.2,7.0680000000000005,0
465,CA-2016-109869,2016-04-22,2016-04-29,Standard Class,TN-21040,Tanja Norvell,Home Office,United States,Phoenix,Arizona,85023,West,OFF-BI-10000315,Office Supplies,Binders,Poly Designer Cover & Back,28.485,5,0.7,-20.88899999999999,0
466,CA-2016-109869,2016-04-22,2016-04-29,Standard Class,TN-21040,Tanja Norvell,Home Office,United States,Phoenix,Arizona,85023,West,OFF-SU-10003505,Office Supplies,Supplies,Premier Electric Letter Opener,185.376,2,0.2,-34.75800000000002,0
467,CA-2016-109869,2016-04-22,2016-04-29,Standard Class,TN-21040,Tanja Norvell,Home Office,United States,Phoenix,Arizona,85023,West,OFF-AP-10002578,Office Supplies,Appliances,"Fellowes Premier Superior Surge Suppressor, 10-Outlet, With Phone and Remote",78.272,2,0.2,5.8704,0
611,CA-2016-161816,2016-04-28,2016-05-01,First Class,NB-18655,Nona Balk,Corporate,United States,Dallas,Texas,75217,Central,TEC-PH-10003012,Technology,Phones,Nortel Meridian M3904 Professional Digital phone,369.576,3,0.2,41.57729999999995,0
648,CA-2016-103947,2016-04-01,2016-04-08,Standard Class,BB-10990,Barry Blumstein,Corporate,United States,Sierra Vista,Arizona,85635,West,OFF-AP-10002350,Office Supplies,Appliances,Belkin F9H710-06 7 Outlet SurgeMaster Surge Protector,30.144000000000002,2,0.2,3.0143999999999993,0
754,CA-2016-110499,2016-04-07,2016-04-09,First Class,YC-21895,Yoseph Carroll,Corporate,United States,San Francisco,California,94110,West,TEC-CO-10002095,Technology,Copiers,Hewlett Packard 610 Color Digital Copier / Printer,1199.976,3,0.2,374.99249999999995,0
1037,CA-2016-113061,2016-04-22,2016-04-26,Standard Class,EL-13735,Ed Ludwig,Home Office,United States,Jefferson City,Missouri,65109,Central,FUR-FU-10003975,Furniture,Furnishings,Eldon Advantage Chair Mats for Low to Medium Pile Carpets,86.62,2,0.0,8.661999999999992,0
1131,CA-2016-112102,2016-04-12,2016-04-16,Standard Class,BD-11605,Brian Dahlen,Consumer,United States,Springfield,Virginia,22153,South,OFF-PA-10000100,Office Supplies,Paper,Xerox 1945,40.99,1,0.0,20.0851,0
1199,CA-2016-130946,2016-04-08,2016-04-12,Standard Class,ZC-21910,Zuschuss Carroll,Consumer,United States,Houston,Texas,77041,Central,FUR-CH-10004540,Furniture,Chairs,Global Chrome Stack Chair,95.984,4,0.3,-4.113599999999998,0
1200,CA-2016-130946,2016-04-08,2016-04-12,Standard Class,ZC-21910,Zuschuss Carroll,Consumer,United States,Houston,Texas,77041,Central,OFF-BI-10004995,Office Supplies,Binders,GBC DocuBind P400 Electric Binding System,1088.7919999999997,4,0.8,-1850.9464000000007,0
1272,US-2016-103646,2016-04-21,2016-04-26,Standard Class,SP-20545,Sibella Parks,Corporate,United States,Chicago,Illinois,60623,Central,OFF-AP-10004487,Office Supplies,Appliances,Kensington 4 Outlet MasterPiece Compact Power Control Center,48.79199999999999,3,0.8,-126.85920000000002,0
1403,US-2016-161396,2016-04-19,2016-04-25,Standard Class,GM-14455,Gary Mitchum,Home Office,United States,Columbus,Ohio,43229,East,FUR-TA-10002622,Furniture,Tables,"Bush Andora Conference Table, Maple/Graphite Gray Finish",205.176,2,0.4,-58.13319999999999,0
1404,US-2016-161396,2016-04-19,2016-04-25,Standard Class,GM-14455,Gary Mitchum,Home Office,United States,Columbus,Ohio,43229,East,OFF-PA-10000418,Office Supplies,Paper,Xerox 189,419.4,5,0.2,146.79,0
1560,CA-2016-126809,2016-04-09,2016-04-13,Standard Class,EB-13750,Edward Becker,Corporate,United States,Seattle,Washington,98103,West,OFF-BI-10003712,Office Supplies,Binders,"Acco Pressboard Covers with Storage Hooks, 14 7/8"" x 11"", Light Blue",35.352000000000004,9,0.2,12.815099999999997,0
1577,CA-2016-109057,2016-04-22,2016-04-27,Standard Class,TT-21460,Tonja Turnell,Home Office,United States,Aurora,Illinois,60505,Central,OFF-ST-10002406,Office Supplies,Storage,Pizazz Global Quick File,23.952,2,0.2,2.3952000000000018,0
1606,US-2016-115819,2016-04-19,2016-04-24,Second Class,JO-15280,Jas O'Carroll,Consumer,United States,Los Angeles,California,90049,West,OFF-AR-10000823,Office Supplies,Art,Newell 307,5.46,3,0.0,1.5288000000000002,0
1607,US-2016-115819,2016-04-19,2016-04-24,Second Class,JO-15280,Jas O'Carroll,Consumer,United States,Los Angeles,California,90049,West,OFF-AR-10004456,Office Supplies,Art,Panasonic KP-4ABK Battery-Operated Pencil Sharpener,73.2,5,0.0,21.227999999999998,0
1716,CA-2016-154788,2016-04-30,2016-05-04,Standard Class,JL-15835,John Lee,Consumer,United States,New York City,New York,10011,East,OFF-BI-10003314,Office Supplies,Binders,Tuff Stuff Recycled Round Ring Binders,7.712000000000001,2,0.2,2.7956000000000003,0
1886,CA-2016-147578,2016-04-22,2016-04-26,Second Class,PG-18895,Paul Gonzalez,Consumer,United States,San Francisco,California,94122,West,FUR-FU-10001889,Furniture,Furnishings,Ultra Door Pull Handle,31.56,3,0.0,10.4148,0
1981,CA-2016-112669,2016-04-14,2016-04-14,Same Day,KT-16465,Kean Takahito,Consumer,United States,Glendale,Arizona,85301,West,OFF-ST-10001228,Office Supplies,Storage,"Fellowes Personal Hanging Folder Files, Navy",42.976,4,0.2,4.297600000000003,0
2155,US-2016-120460,2016-04-30,2016-05-05,Standard Class,BF-11170,Ben Ferrer,Home Office,United States,Dallas,Texas,75081,Central,FUR-FU-10004973,Furniture,Furnishings,Flat Face Poster Frame,22.608,3,0.6,-10.173599999999997,0
2253,CA-2016-117849,2016-04-15,2016-04-17,Second Class,JK-16120,Julie Kriz,Home Office,United States,San Diego,California,92105,West,OFF-PA-10004327,Office Supplies,Paper,Xerox 1911,143.7,3,0.0,68.976,0
2422,CA-2016-155551,2016-04-18,2016-04-23,Standard Class,CR-12580,Clay Rozendal,Home Office,United States,Elmhurst,Illinois,60126,Central,OFF-ST-10003656,Office Supplies,Storage,Safco Industrial Wire Shelving,230.376,3,0.2,-48.9549,0
2423,CA-2016-155551,2016-04-18,2016-04-23,Standard Class,CR-12580,Clay Rozendal,Home Office,United States,Elmhurst,Illinois,60126,Central,OFF-PA-10001560,Office Supplies,Paper,"Adams Telephone Message Books, 5 1/4” x 11”",9.664000000000001,2,0.2,3.2615999999999996,0
2542,CA-2016-144792,2016-04-30,2016-05-04,Standard Class,KD-16615,Ken Dana,Corporate,United States,Scottsdale,Arizona,85254,West,FUR-FU-10002759,Furniture,Furnishings,12-1/2 Diameter Round Wall Clock,111.888,7,0.2,22.3776,0
2614,CA-2016-137204,2016-04-28,2016-05-05,Standard Class,BO-11350,Bill Overfelt,Corporate,United States,Los Angeles,California,90045,West,FUR-CH-10002304,Furniture,Chairs,"Global Stack Chair without Arms, Black",41.568000000000005,2,0.2,2.5980000000000008,0
2644,CA-2016-149111,2016-04-17,2016-04-21,Second Class,BF-11170,Ben Ferrer,Home Office,United States,Raleigh,North Carolina,27604,South,TEC-PH-10003092,Technology,Phones,Motorola L804,36.792,1,0.2,4.139099999999999,0
2831,CA-2016-124149,2016-04-23,2016-04-26,First Class,MJ-17740,Max Jones,Consumer,United States,Lancaster,Ohio,43130,East,OFF-PA-10002923,Office Supplies,Paper,Xerox 1942,78.304,2,0.2,29.363999999999997,0
3235,CA-2016-138933,2016-04-24,2016-04-27,First Class,JL-15130,Jack Lebron,Consumer,United States,Riverside,California,92503,West,OFF-BI-10003355,Office Supplies,Binders,Cardinal Holdit Business Card Pockets,3.9840000000000004,1,0.2,1.3944,0
3673,CA-2016-104969,2016-04-08,2016-04-14,Standard Class,EH-14125,Eugene Hildebrand,Home Office,United States,Troy,Ohio,45373,East,OFF-EN-10002312,Office Supplies,Envelopes,#10 Self-Seal White Envelopes,8.872,1,0.2,3.2161,0
3790,US-2016-133508,2016-04-17,2016-04-21,Standard Class,SW-20350,Sean Wendt,Home Office,United States,Omaha,Nebraska,68104,Central,OFF-FA-10000134,Office Supplies,Fasteners,"Advantus Push Pins, Aluminum Head",29.049999999999997,5,0.0,9.0055,0
3986,CA-2016-108735,2016-04-17,2016-04-21,Standard Class,JM-15535,Jessica Myrick,Consumer,United States,Lakewood,California,90712,West,FUR-BO-10003441,Furniture,Bookcases,"Bush Westfield Collection Bookcases, Fully Assembled",257.499,3,0.15,24.235199999999978,0
3989,US-2016-159415,2016-04-17,2016-04-22,Standard Class,CS-12175,Charles Sheldon,Corporate,United States,Columbia,Tennessee,38401,South,FUR-FU-10003798,Furniture,Furnishings,"Ultra Door Kickplate, 8""H x 34""W",79.12,5,0.2,13.845999999999997,0
4090,CA-2016-161473,2016-04-01,2016-04-05,Standard Class,TB-21175,Thomas Boland,Corporate,United States,New York City,New York,10035,East,OFF-LA-10001297,Office Supplies,Labels,Avery 473,20.7,2,0.0,9.936,0
4092,CA-2016-161473,2016-04-01,2016-04-05,Standard Class,TB-21175,Thomas Boland,Corporate,United States,New York City,New York,10035,East,OFF-BI-10003305,Office Supplies,Binders,Avery Hanging File Binders,14.352000000000002,3,0.2,4.664399999999999,0
4160,US-2016-164588,2016-04-16,2016-04-23,Standard Class,AP-10915,Arthur Prichep,Consumer,United States,Columbus,Georgia,31907,South,OFF-AR-10003056,Office Supplies,Art,Newell 341,12.84,3,0.0,3.723599999999999,0
4244,CA-2016-159142,2016-04-04,2016-04-05,First Class,ME-17320,Maria Etezadi,Home Office,United States,Springfield,Virginia,22153,South,OFF-PA-10001776,Office Supplies,Paper,"Wirebound Message Books, Four 2 3/4"" x 5"" Forms per Page, 600 Sets per Book",27.81,3,0.0,13.070699999999999,0
4278,US-2016-107440,2016-04-16,2016-04-20,Standard Class,BS-11365,Bill Shonely,Corporate,United States,Lakewood,New Jersey,8701,East,TEC-MA-10001047,Technology,Machines,"3D Systems Cube Printer, 2nd Generation, Magenta",9099.93,7,0.0,2365.9817999999996,0
4280,US-2016-107440,2016-04-16,2016-04-20,Standard Class,BS-11365,Bill Shonely,Corporate,United States,Lakewood,New Jersey,8701,East,OFF-BI-10002432,Office Supplies,Binders,Wilson Jones Standard D-Ring Binders,25.299999999999997,5,0.0,11.890999999999998,0
4501,CA-2016-124814,2016-04-10,2016-04-16,Standard Class,FM-14215,Filia McAdams,Corporate,United States,Bakersfield,California,93309,West,OFF-BI-10000174,Office Supplies,Binders,"Wilson Jones Clip & Carry Folder Binder Tool for Ring Binders, Clear",23.2,5,0.2,8.119999999999997,0
4648,CA-2016-139556,2016-04-26,2016-05-01,Standard Class,DB-13360,Dennis Bolton,Home Office,United States,New York City,New York,10009,East,FUR-CH-10004983,Furniture,Chairs,Office Star - Mid Back Dual function Ergonomic High Back Chair with 2-Way Adjustable Arms,434.646,3,0.1,62.782199999999975,0
4987,CA-2016-149279,2016-04-24,2016-04-28,Standard Class,CL-12700,Craig Leslie,Home Office,United States,Colorado Springs,Colorado,80906,West,OFF-PA-10003441,Office Supplies,Paper,Xerox 226,15.552000000000003,3,0.2,5.4432,0
5059,CA-2016-120796,2016-04-03,2016-04-07,Standard Class,CS-11950,Carlos Soltero,Consumer,United States,Philadelphia,Pennsylvania,19140,East,OFF-BI-10004330,Office Supplies,Binders,"GBC Velobind Prepunched Cover Sets, Regency Series",99.846,9,0.7,-83.20499999999998,0
5508,CA-2016-150000,2016-04-08,2016-04-14,Standard Class,PG-18820,Patrick Gardner,Consumer,United States,Smyrna,Georgia,30080,South,OFF-EN-10002973,Office Supplies,Envelopes,Ampad #10 Peel & Seel Holiday Envelopes,17.92,4,0.0,8.601600000000001,0
5643,CA-2016-127985,2016-04-01,2016-04-05,Second Class,DB-12910,Daniel Byrd,Home Office,United States,Columbus,Georgia,31907,South,FUR-FU-10003274,Furniture,Furnishings,Regeneration Desk Collection,7.04,4,0.0,3.0976000000000004,0
5890,CA-2016-166625,2016-04-14,2016-04-17,First Class,JM-15580,Jill Matthias,Consumer,United States,Baltimore,Maryland,21215,East,OFF-BI-10002414,Office Supplies,Binders,GBC ProClick Spines for 32-Hole Punch,25.06,2,0.0,11.778199999999998,0
6151,US-2016-106600,2016-04-08,2016-04-11,First Class,RM-19375,Raymond Messe,Consumer,United States,Columbus,Georgia,31907,South,FUR-BO-10001608,Furniture,Bookcases,"Hon Metal Bookcases, Black",354.90000000000003,5,0.0,88.72500000000002,0
6718,CA-2016-134789,2016-04-08,2016-04-15,Standard Class,CK-12325,Christine Kargatis,Home Office,United States,Hot Springs,Arkansas,71901,South,OFF-PA-10001934,Office Supplies,Paper,Xerox 1993,25.92,4,0.0,12.700800000000001,0
6719,CA-2016-134789,2016-04-08,2016-04-15,Standard Class,CK-12325,Christine Kargatis,Home Office,United States,Hot Springs,Arkansas,71901,South,FUR-FU-10003268,Furniture,Furnishings,Eldon Radial Chair Mat for Low to Medium Pile Carpets,159.92,4,0.0,31.983999999999995,0
6736,CA-2016-123358,2016-04-10,2016-04-17,Standard Class,BT-11680,Brian Thompson,Consumer,United States,San Francisco,California,94122,West,OFF-AP-10004980,Office Supplies,Appliances,3M Replacement Filter for Office Air Cleaner for 20' x 33' Room,113.76,3,0.0,44.366400000000006,0
6738,CA-2016-123358,2016-04-10,2016-04-17,Standard Class,BT-11680,Brian Thompson,Consumer,United States,San Francisco,California,94122,West,OFF-ST-10000636,Office Supplies,Storage,Rogers Profile Extra Capacity Storage Tub,150.66,9,0.0,6.026399999999992,0
6739,CA-2016-123358,2016-04-10,2016-04-17,Standard Class,BT-11680,Brian Thompson,Consumer,United States,San Francisco,California,94122,West,OFF-BI-10000069,Office Supplies,Binders,"GBC Prepunched Paper, 19-Hole, for Binding Systems, 24-lb",48.032000000000004,4,0.2,15.610399999999993,0
6919,CA-2016-105473,2016-04-16,2016-04-18,Second Class,BM-11785,Bryan Mills,Consumer,United States,Seattle,Washington,98115,West,OFF-SU-10003567,Office Supplies,Supplies,Stiletto Hand Letter Openers,28.799999999999997,3,0.0,0.8640000000000008,0
7108,CA-2016-109666,2016-04-19,2016-04-26,Standard Class,KM-16720,Kunst Miller,Consumer,United States,New York City,New York,10035,East,TEC-PH-10004774,Technology,Phones,Gear Head AU3700S Headset,25.98,2,0.0,0.779399999999999,0
7109,CA-2016-109666,2016-04-19,2016-04-26,Standard Class,KM-16720,Kunst Miller,Consumer,United States,New York City,New York,10035,East,OFF-AR-10004582,Office Supplies,Art,BIC Brite Liner Grip Highlighters,3.28,2,0.0,1.4759999999999998,0
7110,CA-2016-109666,2016-04-19,2016-04-26,Standard Class,KM-16720,Kunst Miller,Consumer,United States,New York City,New York,10035,East,OFF-ST-10000991,Office Supplies,Storage,Space Solutions HD Industrial Steel Shelving.,459.88,4,0.0,13.796400000000006,0
7111,CA-2016-109666,2016-04-19,2016-04-26,Standard Class,KM-16720,Kunst Miller,Consumer,United States,New York City,New York,10035,East,OFF-SU-10002522,Office Supplies,Supplies,Acme Kleen Earth Office Shears,7.76,2,0.0,2.250399999999999,0
7112,CA-2016-109666,2016-04-19,2016-04-26,Standard Class,KM-16720,Kunst Miller,Consumer,United States,New York City,New York,10035,East,OFF-AR-10004022,Office Supplies,Art,Panasonic KP-380BK Classic Electric Pencil Sharpener,71.96,2,0.0,17.989999999999995,0
7113,CA-2016-109666,2016-04-19,2016-04-26,Standard Class,KM-16720,Kunst Miller,Consumer,United States,New York City,New York,10035,East,OFF-SU-10001218,Office Supplies,Supplies,Fiskars Softgrip Scissors,54.900000000000006,5,0.0,15.372000000000003,0
7114,CA-2016-109666,2016-04-19,2016-04-26,Standard Class,KM-16720,Kunst Miller,Consumer,United States,New York City,New York,10035,East,OFF-BI-10000174,Office Supplies,Binders,"Wilson Jones Clip & Carry Folder Binder Tool for Ring Binders, Clear",9.28,2,0.2,3.2479999999999998,0
7362,CA-2016-163594,2016-04-12,2016-04-14,First Class,JF-15295,Jason Fortune-,Consumer,United States,Los Angeles,California,90036,West,FUR-CH-10000225,Furniture,Chairs,"Global Geo Office Task Chair, Gray",194.35200000000003,3,0.2,-36.44100000000003,0
7363,CA-2016-163594,2016-04-12,2016-04-14,First Class,JF-15295,Jason Fortune-,Consumer,United States,Los Angeles,California,90036,West,OFF-BI-10003707,Office Supplies,Binders,Aluminum Screw Posts,36.624,3,0.2,13.734,0
7474,CA-2016-109652,2016-04-10,2016-04-15,Standard Class,QJ-19255,Quincy Jones,Corporate,United States,Chicago,Illinois,60653,Central,OFF-AR-10000034,Office Supplies,Art,"BIC Brite Liner Grip Highlighters, Assorted, 5/Pack",13.568000000000001,4,0.2,3.2223999999999995,0
7775,CA-2016-152800,2016-04-13,2016-04-15,First Class,SP-20920,Susan Pistek,Consumer,United States,San Francisco,California,94109,West,OFF-EN-10001509,Office Supplies,Envelopes,Poly String Tie Envelopes,6.12,3,0.0,2.8763999999999994,0
7780,CA-2016-139381,2016-04-18,2016-04-22,Standard Class,RF-19840,Roy Französisch,Consumer,United States,Chesapeake,Virginia,23320,South,OFF-AP-10001271,Office Supplies,Appliances,Eureka The Boss Cordless Rechargeable Stick Vac,203.92,4,0.0,55.058400000000006,0
7913,CA-2016-167605,2016-04-28,2016-04-30,Second Class,RB-19570,Rob Beeghly,Consumer,United States,Saint Charles,Illinois,60174,Central,FUR-FU-10001602,Furniture,Furnishings,"Eldon Delta Triangular Chair Mat, 52"" x 58"", Clear",30.344,2,0.6,-31.861200000000004,0
8453,CA-2016-125087,2016-04-18,2016-04-23,Standard Class,TH-21115,Thea Hudgings,Corporate,United States,Houston,Texas,77070,Central,FUR-CH-10002880,Furniture,Chairs,"Global High-Back Leather Tilter, Burgundy",344.37199999999996,4,0.3,-93.47240000000002,0
8572,CA-2016-162222,2016-04-03,2016-04-03,Same Day,SR-20740,Steven Roelle,Home Office,United States,Dallas,Texas,75081,Central,OFF-PA-10003893,Office Supplies,Paper,Xerox 1962,10.272000000000002,3,0.2,3.209999999999998,0
9135,CA-2016-124254,2016-04-12,2016-04-17,Standard Class,TB-21175,Thomas Boland,Corporate,United States,Wilson,North Carolina,27893,South,OFF-ST-10001469,Office Supplies,Storage,Fellowes Bankers Box Recycled Super Stor/Drawer,129.552,3,0.2,-22.671600000000005,0
9137,CA-2016-124254,2016-04-12,2016-04-17,Standard Class,TB-21175,Thomas Boland,Corporate,United States,Wilson,North Carolina,27893,South,OFF-PA-10000807,Office Supplies,Paper,"TOPS ""Important Message"" Pads, Canary, 4-1/4 x 5-1/2, 50 Sheets per Pad",10.272000000000002,3,0.2,3.4668,0
9206,CA-2016-146423,2016-04-21,2016-04-21,Same Day,BT-11680,Brian Thompson,Consumer,United States,Milford,Connecticut,6460,East,OFF-AR-10004817,Office Supplies,Art,Colorific Watercolor Pencils,15.48,3,0.0,4.4891999999999985,0
9316,CA-2016-161907,2016-04-05,2016-04-09,Standard Class,JH-16180,Justin Hirsh,Consumer,United States,Philadelphia,Pennsylvania,19140,East,TEC-PH-10000141,Technology,Phones,Clearsounds A400,118.78199999999998,3,0.4,-27.715799999999994,0
9503,CA-2016-101329,2016-04-22,2016-04-29,Standard Class,MM-17920,Michael Moore,Consumer,United States,Rome,New York,13440,East,OFF-AR-10000614,Office Supplies,Art,Barrel Sharpener,32.129999999999995,9,0.0,8.3538,0
9504,CA-2016-101329,2016-04-22,2016-04-29,Standard Class,MM-17920,Michael Moore,Consumer,United States,Rome,New York,13440,East,OFF-AR-10003190,Office Supplies,Art,Newell 32,2.88,1,0.0,0.8064,0
9668,CA-2016-126270,2016-04-23,2016-04-27,Standard Class,AF-10870,Art Ferguson,Consumer,United States,San Clemente,California,92672,West,OFF-BI-10002764,Office Supplies,Binders,Recycled Pressboard Report Cover with Reinforced Top Hinge,18.088,7,0.2,6.556900000000001,0
9678,CA-2016-144785,2016-04-18,2016-04-23,Standard Class,CS-12490,Cindy Schnelling,Corporate,United States,New York City,New York,10009,East,OFF-AR-10001573,Office Supplies,Art,American Pencil,6.99,3,0.0,2.027099999999999,0
9936,CA-2016-114405,2016-04-07,2016-04-12,Standard Class,AS-10240,Alan Shonely,Consumer,United States,Philadelphia,Pennsylvania,19120,East,OFF-ST-10001627,Office Supplies,Storage,Eldon Jumbo ProFile Portable File Boxes Graphite/Black,36.744,3,0.2,3.674400000000004,0
