Row ID,Order ID,Order Date,Ship Date,Ship Mode,Customer ID,Customer Name,Segment,Country,City,State,Postal Code,Region,Product ID,Category,Sub-Category,Product Name,Sales,Quantity,Discount,Profit,Data_origen
100,CA-2016-158568,2016-08-29,2016-09-02,Standard Class,RB-19465,Rick Bensley,Home Office,United States,Chicago,Illinois,60610,Central,OFF-PA-10003256,Office Supplies,Paper,Avery Personal Creations Heavyweight Cards,64.624,7,0.2,22.618399999999994,0
101,CA-2016-158568,2016-08-29,2016-09-02,Standard Class,RB-19465,Rick Bensley,Home Office,United States,Chicago,Illinois,60610,Central,TEC-AC-10001767,Technology,Accessories,SanDisk Ultra 64 GB MicroSDHC Class 10 Memory Card,95.97600000000001,3,0.2,-10.79730000000001,0
329,US-2016-141544,2016-08-30,2016-09-01,First Class,PO-18850,Patrick O'Brill,Consumer,United States,Philadelphia,Pennsylvania,19143,East,FUR-CH-10003312,Furniture,Chairs,Hon 2090 “Pillow Soft” Series Mid Back Swivel/Tilt Chairs,786.744,4,0.3,-258.5016000000001,0
330,US-2016-141544,2016-08-30,2016-09-01,First Class,PO-18850,Patrick O'Brill,Consumer,United States,Philadelphia,Pennsylvania,19143,East,OFF-LA-10001074,Office Supplies,Labels,Round Specialty Laser Printer Labels,100.24000000000001,10,0.2,33.83099999999999,0
331,US-2016-141544,2016-08-30,2016-09-01,First Class,PO-18850,Patrick O'Brill,Consumer,United States,Philadelphia,Pennsylvania,19143,East,OFF-BI-10001524,Office Supplies,Binders,GBC Premium Transparent Covers with Diagonal Lined Pattern,37.76400000000001,6,0.7,-27.693600000000004,0
637,US-2016-123470,2016-08-15,2016-08-21,Standard Class,ME-17725,Max Engle,Consumer,United States,Aurora,Colorado,80013,West,OFF-BI-10001989,Office Supplies,Binders,Premium Transparent Presentation Covers by GBC,18.882000000000005,3,0.7,-13.846800000000002,0
655,CA-2016-137239,2016-08-22,2016-08-28,Standard Class,CR-12730,Craig Reiter,Consumer,United States,Columbus,Ohio,43229,East,OFF-AP-10002439,Office Supplies,Appliances,Tripp Lite Isotel 8 Ultra 8 Outlet Metal Surge,113.552,2,0.2,8.516399999999994,0
656,CA-2016-137239,2016-08-22,2016-08-28,Standard Class,CR-12730,Craig Reiter,Consumer,United States,Columbus,Ohio,43229,East,OFF-BI-10002827,Office Supplies,Binders,Avery Durable Poly Binders,3.3180000000000005,2,0.7,-2.6544,0
745,US-2016-146710,2016-08-27,2016-09-01,Standard Class,SS-20875,Sung Shariari,Consumer,United States,Dallas,Texas,75220,Central,OFF-PA-10004971,Office Supplies,Paper,Xerox 196,4.6240000000000006,1,0.2,1.6762000000000001,0
746,US-2016-146710,2016-08-27,2016-09-01,Standard Class,SS-20875,Sung Shariari,Consumer,United States,Dallas,Texas,75220,Central,OFF-SU-10004261,Office Supplies,Supplies,"Fiskars 8"" Scissors, 2/Pack",55.168,4,0.2,6.20639999999999,0
1088,CA-2016-166163,2016-08-15,2016-08-20,Second Class,CY-12745,Craig Yedwab,Corporate,United States,Oakland,California,94601,West,TEC-PH-10004896,Technology,Phones,Nokia Lumia 521 (T-Mobile),71.976,3,0.2,7.197600000000005,0
1089,CA-2016-166163,2016-08-15,2016-08-20,Second Class,CY-12745,Craig Yedwab,Corporate,United States,Oakland,California,94601,West,OFF-LA-10000452,Office Supplies,Labels,Avery 488,3.15,1,0.0,1.512,0
1176,CA-2016-161207,2016-08-29,2016-09-03,Standard Class,AB-10060,Adam Bellavance,Home Office,United States,Concord,New Hampshire,3301,East,OFF-SU-10000381,Office Supplies,Supplies,Acme Forged Steel Scissors with Black Enamel Handles,27.93,3,0.0,8.099699999999999,0
1464,CA-2016-152289,2016-08-26,2016-08-28,First Class,LC-16930,Linda Cazamias,Corporate,United States,Pasadena,Texas,77506,Central,FUR-CH-10002126,Furniture,Chairs,Hon Deluxe Fabric Upholstered Stacking Chairs,1024.716,6,0.3,-29.277599999999893,0
1764,CA-2016-110254,2016-08-04,2016-08-08,Standard Class,ML-17755,Max Ludwig,Home Office,United States,Suffolk,Virginia,23434,South,OFF-SU-10002573,Office Supplies,Supplies,"Acme 10"" Easy Grip Assistive Scissors",35.06,2,0.0,10.517999999999997,0
1765,CA-2016-110254,2016-08-04,2016-08-08,Standard Class,ML-17755,Max Ludwig,Home Office,United States,Suffolk,Virginia,23434,South,OFF-LA-10004484,Office Supplies,Labels,Avery 476,4.13,1,0.0,1.8998,0
1766,CA-2016-110254,2016-08-04,2016-08-08,Standard Class,ML-17755,Max Ludwig,Home Office,United States,Suffolk,Virginia,23434,South,FUR-FU-10001591,Furniture,Furnishings,Advantus Panel Wall Certificate Holder - 8.5x11,109.8,9,0.0,46.11600000000001,0
1800,CA-2016-121034,2016-08-08,2016-08-10,Second Class,JF-15565,Jill Fjeld,Consumer,United States,Dallas,Texas,75081,Central,OFF-FA-10000585,Office Supplies,Fasteners,OIC Bulk Pack Metal Binder Clips,11.168000000000001,4,0.2,3.6295999999999995,0
1801,CA-2016-121034,2016-08-08,2016-08-10,Second Class,JF-15565,Jill Fjeld,Consumer,United States,Dallas,Texas,75081,Central,OFF-PA-10001994,Office Supplies,Paper,"Ink Jet Note and Greeting Cards, 8-1/2"" x 5-1/2"" Card Size",53.952000000000005,3,0.2,17.534399999999998,0
1870,CA-2016-148201,2016-08-26,2016-08-29,Second Class,CC-12145,Charles Crestani,Consumer,United States,Seattle,Washington,98103,West,OFF-PA-10000019,Office Supplies,Paper,Xerox 1931,6.48,1,0.0,3.1104000000000003,0
1902,CA-2016-151141,2016-08-20,2016-08-23,First Class,DW-13480,Dianna Wilson,Home Office,United States,Detroit,Michigan,48205,Central,TEC-PH-10004924,Technology,Phones,"SKILCRAFT Telephone Shoulder Rest, 2"" x 6.5"" x 2.5"", Black",14.78,2,0.0,3.9906000000000006,0
2555,CA-2016-118626,2016-08-15,2016-08-20,Standard Class,JC-15775,John Castell,Consumer,United States,Tallahassee,Florida,32303,South,TEC-PH-10000369,Technology,Phones,HTC One Mini,705.544,7,0.2,70.55440000000007,0
2573,CA-2016-155845,2016-08-12,2016-08-15,Second Class,CM-12235,Chris McAfee,Consumer,United States,Carrollton,Texas,75007,Central,TEC-AC-10004145,Technology,Accessories,Logitech diNovo Edge Keyboard,1399.9440000000002,7,0.2,52.497900000000016,0
2659,CA-2016-150343,2016-08-16,2016-08-20,Standard Class,PK-19075,Pete Kriz,Consumer,United States,San Francisco,California,94110,West,OFF-EN-10004030,Office Supplies,Envelopes,Convenience Packs of Business Envelopes,10.86,3,0.0,5.1042000000000005,0
2688,US-2016-128195,2016-08-04,2016-08-05,First Class,RA-19285,Ralph Arnett,Consumer,United States,Peoria,Illinois,61604,Central,OFF-BI-10002003,Office Supplies,Binders,Ibico Presentation Index for Binding Systems,3.979999999999999,5,0.8,-6.567000000000002,0
2692,US-2016-144211,2016-08-28,2016-09-02,Standard Class,CS-12130,Chad Sievert,Consumer,United States,Englewood,Colorado,80112,West,OFF-PA-10002246,Office Supplies,Paper,"Wirebound Four 2-3/4 x 5 Forms per Page, 400 Sets per Book",15.48,3,0.2,5.6115,0
2956,CA-2016-153353,2016-08-18,2016-08-24,Standard Class,GG-14650,Greg Guthrie,Corporate,United States,New York City,New York,10035,East,TEC-PH-10000439,Technology,Phones,GE DSL Phone Line Filter,39.99,1,0.0,11.597099999999998,0
3113,CA-2016-150350,2016-08-23,2016-08-30,Standard Class,MS-17770,Maxwell Schwartz,Consumer,United States,Seattle,Washington,98105,West,TEC-MA-10001972,Technology,Machines,Okidata C331dn Printer,837.5999999999999,3,0.2,62.82000000000005,0
3196,CA-2016-169026,2016-08-08,2016-08-13,Standard Class,CM-12655,Corinna Mitchell,Home Office,United States,Jackson,Mississippi,39212,South,OFF-FA-10001883,Office Supplies,Fasteners,"Alliance Super-Size Bands, Assorted Sizes",23.34,3,0.0,0.2333999999999996,0
3342,CA-2016-145982,2016-08-27,2016-09-01,Second Class,TB-21055,Ted Butterfield,Consumer,United States,Quincy,Massachusetts,2169,East,OFF-PA-10000675,Office Supplies,Paper,Xerox 1919,122.97,3,0.0,60.255300000000005,0
3344,CA-2016-145982,2016-08-27,2016-09-01,Second Class,TB-21055,Ted Butterfield,Consumer,United States,Quincy,Massachusetts,2169,East,TEC-PH-10000011,Technology,Phones,PureGear Roll-On Screen Protector,59.97,3,0.0,28.785599999999995,0
3345,CA-2016-145982,2016-08-27,2016-09-01,Second Class,TB-21055,Ted Butterfield,Consumer,United States,Quincy,Massachusetts,2169,East,OFF-PA-10002666,Office Supplies,Paper,Southworth 25% Cotton Linen-Finish Paper & Envelopes,81.54,9,0.0,36.693,0
3346,CA-2016-145982,2016-08-27,2016-09-01,Second Class,TB-21055,Ted Butterfield,Consumer,United States,Quincy,Massachusetts,2169,East,OFF-FA-10000735,Office Supplies,Fasteners,Staples,11.68,4,0.0,5.255999999999999,0
3347,CA-2016-145982,2016-08-27,2016-09-01,Second Class,TB-21055,Ted Butterfield,Consumer,United States,Quincy,Massachusetts,2169,East,OFF-BI-10000174,Office Supplies,Binders,"Wilson Jones Clip & Carry Folder Binder Tool for Ring Binders, Clear",29.0,5,0.0,13.919999999999998,0
3447,CA-2016-158869,2016-08-06,2016-08-07,First Class,AH-10690,Anna Häberlin,Corporate,United States,New York City,New York,10024,East,OFF-PA-10000474,Office Supplies,Paper,Easy-staple paper,70.88,2,0.0,33.313599999999994,0
3497,CA-2016-107328,2016-08-08,2016-08-15,Standard Class,CA-12055,Cathy Armstrong,Home Office,United States,Los Angeles,California,90036,West,FUR-TA-10001932,Furniture,Tables,"Chromcraft 48"" x 96"" Racetrack Double Pedestal Table",513.024,2,0.2,12.82559999999998,0
3518,US-2016-113649,2016-08-09,2016-08-12,First Class,HA-14920,Helen Andreada,Consumer,United States,Fayetteville,North Carolina,28314,South,TEC-PH-10002350,Technology,Phones,Apple EarPods with Remote and Mic,44.784,2,0.2,4.478399999999999,0
3763,CA-2016-156251,2016-08-13,2016-08-18,Second Class,TS-21160,Theresa Swint,Corporate,United States,West Allis,Wisconsin,53214,Central,FUR-BO-10001337,Furniture,Bookcases,O'Sullivan Living Dimensions 2-Shelf Bookcases,241.96,2,0.0,24.195999999999998,0
3764,CA-2016-156251,2016-08-13,2016-08-18,Second Class,TS-21160,Theresa Swint,Corporate,United States,West Allis,Wisconsin,53214,Central,OFF-BI-10003529,Office Supplies,Binders,Avery Round Ring Poly Binders,8.52,3,0.0,4.174799999999999,0
4071,CA-2016-145303,2016-08-28,2016-08-31,First Class,TP-21415,Tom Prescott,Consumer,United States,Dallas,Texas,75081,Central,OFF-BI-10002414,Office Supplies,Binders,GBC ProClick Spines for 32-Hole Punch,10.023999999999997,4,0.8,-16.539600000000007,0
4072,CA-2016-145303,2016-08-28,2016-08-31,First Class,TP-21415,Tom Prescott,Consumer,United States,Dallas,Texas,75081,Central,FUR-BO-10003159,Furniture,Bookcases,"Sauder Camden County Collection Libraries, Planked Cherry Finish",156.37279999999998,2,0.32,-52.89080000000003,0
4107,US-2016-148334,2016-08-22,2016-08-26,Standard Class,DD-13570,Dorothy Dickinson,Consumer,United States,Houston,Texas,77041,Central,OFF-BI-10003676,Office Supplies,Binders,"GBC Standard Recycled Report Covers, Clear Plastic Sheets",4.3119999999999985,2,0.8,-6.899200000000002,0
4646,CA-2016-143910,2016-08-12,2016-08-16,Standard Class,BC-11125,Becky Castell,Home Office,United States,New York City,New York,10011,East,FUR-CH-10000225,Furniture,Chairs,"Global Geo Office Task Chair, Gray",145.764,2,0.1,-8.098000000000017,0
4686,CA-2016-159912,2016-08-29,2016-09-03,Standard Class,GB-14530,George Bell,Corporate,United States,Philadelphia,Pennsylvania,19120,East,OFF-BI-10002071,Office Supplies,Binders,Fellowes Black Plastic Comb Bindings,3.486,2,0.7,-2.7887999999999993,0
4900,CA-2016-130484,2016-08-22,2016-08-27,Standard Class,SG-20470,Sheri Gordon,Consumer,United States,Gresham,Oregon,97030,West,OFF-BI-10000088,Office Supplies,Binders,GBC Imprintable Covers,26.352000000000004,8,0.7,-18.446399999999997,0
5247,CA-2016-156265,2016-08-02,2016-08-04,Second Class,BF-11020,Barry Französisch,Corporate,United States,Los Angeles,California,90032,West,OFF-BI-10000285,Office Supplies,Binders,XtraLife ClearVue Slant-D Ring Binders by Cardinal,12.544,2,0.2,4.704,0
5257,CA-2016-130078,2016-08-08,2016-08-14,Standard Class,CC-12145,Charles Crestani,Consumer,United States,Oklahoma City,Oklahoma,73120,Central,OFF-PA-10003270,Office Supplies,Paper,Xerox 1954,10.56,2,0.0,4.752,0
5313,CA-2016-123414,2016-08-21,2016-08-27,Standard Class,SU-20665,Stephanie Ulpright,Home Office,United States,Greenville,North Carolina,27834,South,OFF-SU-10002573,Office Supplies,Supplies,"Acme 10"" Easy Grip Assistive Scissors",28.048000000000002,2,0.2,3.5059999999999967,0
5380,CA-2016-136021,2016-08-14,2016-08-18,Standard Class,JM-15580,Jill Matthias,Consumer,United States,Los Angeles,California,90045,West,OFF-PA-10000551,Office Supplies,Paper,Array Memo Cubes,15.54,3,0.0,7.614599999999999,0
5381,CA-2016-136021,2016-08-14,2016-08-18,Standard Class,JM-15580,Jill Matthias,Consumer,United States,Los Angeles,California,90045,West,TEC-MA-10000423,Technology,Machines,Texas Instruments TI-34 Scientific Calculator,105.55199999999999,6,0.2,35.623799999999996,0
5448,US-2016-127425,2016-08-26,2016-08-31,Standard Class,DR-12880,Dan Reichenbach,Corporate,United States,New York City,New York,10035,East,TEC-AC-10002800,Technology,Accessories,Plantronics Audio 478 Stereo USB Headset,249.95000000000002,5,0.0,87.48249999999999,0
5603,CA-2016-117919,2016-08-27,2016-08-29,Second Class,TB-21355,Todd Boyes,Corporate,United States,Houston,Texas,77041,Central,OFF-ST-10003572,Office Supplies,Storage,Portfile Personal File Boxes,14.16,1,0.2,1.0620000000000003,0
5604,CA-2016-117919,2016-08-27,2016-08-29,Second Class,TB-21355,Todd Boyes,Corporate,United States,Houston,Texas,77041,Central,OFF-PA-10004353,Office Supplies,Paper,Southworth 25% Cotton Premium Laser Paper and Envelopes,79.92000000000002,5,0.2,27.972,0
5615,CA-2016-158001,2016-08-23,2016-08-27,Standard Class,JP-15460,Jennifer Patt,Corporate,United States,New York City,New York,10035,East,OFF-AR-10002399,Office Supplies,Art,"Dixon Prang Watercolor Pencils, 10-Color Set with Brush",21.299999999999997,5,0.0,8.733,0
5630,US-2016-146066,2016-08-21,2016-08-23,Second Class,RB-19465,Rick Bensley,Home Office,United States,Philadelphia,Pennsylvania,19143,East,FUR-TA-10002530,Furniture,Tables,"Iceberg OfficeWorks 42"" Round Tables",815.2919999999999,9,0.4,-339.7050000000001,0
5774,CA-2016-117408,2016-08-31,2016-09-06,Standard Class,TP-21130,Theone Pippenger,Consumer,United States,Waco,Texas,76706,Central,OFF-ST-10001580,Office Supplies,Storage,Super Decoflex Portable Personal File,23.968000000000004,2,0.2,2.396799999999999,0
6021,US-2016-156692,2016-08-13,2016-08-13,Same Day,HG-15025,Hunter Glantz,Consumer,United States,Kenner,Louisiana,70065,South,OFF-AP-10002222,Office Supplies,Appliances,Staple holder,17.34,2,0.0,4.681800000000001,0
6337,CA-2016-165995,2016-08-30,2016-09-06,Standard Class,BG-11740,Bruce Geld,Consumer,United States,Los Angeles,California,90008,West,FUR-FU-10000672,Furniture,Furnishings,"Executive Impressions 10"" Spectator Wall Clock",47.04,4,0.0,15.993599999999997,0
6583,CA-2016-148516,2016-08-07,2016-08-11,Standard Class,DW-13585,Dorothy Wardle,Corporate,United States,Edmonds,Washington,98026,West,TEC-AC-10003610,Technology,Accessories,Logitech Illuminated - Keyboard,179.97,3,0.0,86.38560000000001,0
6695,US-2016-163538,2016-08-26,2016-08-30,Standard Class,SS-20515,Shirley Schmidt,Home Office,United States,Franklin,Wisconsin,53132,Central,TEC-AC-10002006,Technology,Accessories,Memorex Micro Travel Drive 16 GB,47.97,3,0.0,14.870699999999998,0
6865,US-2016-126452,2016-08-21,2016-08-28,Standard Class,SC-20230,Scot Coram,Corporate,United States,Los Angeles,California,90004,West,OFF-BI-10004465,Office Supplies,Binders,Avery Durable Slant Ring Binders,12.672,2,0.2,4.752,0
6868,US-2016-126452,2016-08-21,2016-08-28,Standard Class,SC-20230,Scot Coram,Corporate,United States,Los Angeles,California,90004,West,TEC-PH-10003187,Technology,Phones,Anker Astro Mini 3000mAh Ultra-Compact Portable Charger,31.983999999999998,2,0.2,-7.9959999999999996,0
6869,US-2016-126452,2016-08-21,2016-08-28,Standard Class,SC-20230,Scot Coram,Corporate,United States,Los Angeles,California,90004,West,FUR-TA-10003569,Furniture,Tables,Bretford CR8500 Series Meeting Room Furniture,2887.0560000000005,9,0.2,180.44099999999992,0
6870,US-2016-126452,2016-08-21,2016-08-28,Standard Class,SC-20230,Scot Coram,Corporate,United States,Los Angeles,California,90004,West,OFF-PA-10003848,Office Supplies,Paper,Xerox 1997,12.96,2,0.0,6.2208000000000006,0
7049,CA-2016-119515,2016-08-14,2016-08-16,First Class,TR-21325,Toby Ritter,Consumer,United States,Nashville,Tennessee,37211,South,OFF-PA-10000552,Office Supplies,Paper,Xerox 200,15.552000000000003,3,0.2,5.4432,0
7102,CA-2016-144337,2016-08-01,2016-08-05,Second Class,SG-20890,Susan Gilcrest,Corporate,United States,Amarillo,Texas,79109,Central,OFF-PA-10000249,Office Supplies,Paper,Easy-staple paper,19.648,2,0.2,6.631199999999999,0
7252,CA-2016-116764,2016-08-27,2016-09-02,Standard Class,EM-13825,Elizabeth Moffitt,Corporate,United States,Hollywood,Florida,33021,South,OFF-LA-10002473,Office Supplies,Labels,Avery 484,9.216,4,0.2,3.3408,0
7703,CA-2016-114601,2016-08-26,2016-09-02,Standard Class,AA-10480,Andrew Allen,Consumer,United States,Detroit,Michigan,48234,Central,OFF-PA-10000605,Office Supplies,Paper,Xerox 1950,11.56,2,0.0,5.6644000000000005,0
7704,CA-2016-114601,2016-08-26,2016-09-02,Standard Class,AA-10480,Andrew Allen,Consumer,United States,Detroit,Michigan,48234,Central,TEC-PH-10002170,Technology,Phones,ClearSounds CSC500 Amplified Spirit Phone Corded phone,209.96999999999997,3,0.0,58.7916,0
7705,CA-2016-114601,2016-08-26,2016-09-02,Standard Class,AA-10480,Andrew Allen,Consumer,United States,Detroit,Michigan,48234,Central,FUR-TA-10004147,Furniture,Tables,Hon 4060 Series Tables,447.84,4,0.0,98.52479999999997,0
7706,CA-2016-114601,2016-08-26,2016-09-02,Standard Class,AA-10480,Andrew Allen,Consumer,United States,Detroit,Michigan,48234,Central,TEC-AC-10003911,Technology,Accessories,NETGEAR AC1750 Dual Band Gigabit Smart WiFi Router,479.97,3,0.0,163.1898,0
7707,CA-2016-114601,2016-08-26,2016-09-02,Standard Class,AA-10480,Andrew Allen,Consumer,United States,Detroit,Michigan,48234,Central,OFF-AR-10002578,Office Supplies,Art,Newell 335,8.64,3,0.0,2.5056,0
7770,CA-2016-155978,2016-08-01,2016-08-01,Same Day,TS-21205,Thomas Seio,Corporate,United States,Riverside,California,92503,West,TEC-PH-10002885,Technology,Phones,Apple iPhone 5,1039.728,2,0.2,90.97620000000006,0
7925,CA-2016-125843,2016-08-13,2016-08-16,First Class,RF-19840,Roy Französisch,Consumer,United States,Springfield,Virginia,22153,South,OFF-BI-10002309,Office Supplies,Binders,Avery Heavy-Duty EZD  Binder With Locking Rings,22.32,4,0.0,10.7136,0
7988,US-2016-117793,2016-08-23,2016-08-29,Standard Class,MA-17560,Matt Abelman,Home Office,United States,Sheboygan,Wisconsin,53081,Central,OFF-LA-10002945,Office Supplies,Labels,"Permanent Self-Adhesive File Folder Labels for Typewriters, 1 1/8 x 3 1/2, White",25.2,4,0.0,11.591999999999999,0
7991,US-2016-117793,2016-08-23,2016-08-29,Standard Class,MA-17560,Matt Abelman,Home Office,United States,Sheboygan,Wisconsin,53081,Central,TEC-AC-10003433,Technology,Accessories,Maxell 4.7GB DVD+R 5/Pack,1.98,2,0.0,0.891,0
8357,CA-2016-163174,2016-08-26,2016-08-30,Standard Class,XP-21865,Xylona Preis,Consumer,United States,Athens,Georgia,30605,South,FUR-FU-10000308,Furniture,Furnishings,Deflect-o Glass Clear Studded Chair Mats,186.54,3,0.0,41.0388,0
8691,CA-2016-136770,2016-08-14,2016-08-18,Standard Class,SP-20650,Stephanie Phelps,Corporate,United States,Akron,Ohio,44312,East,TEC-PH-10003580,Technology,Phones,Cisco IP Phone 7961G-GE VoIP phone,259.896,2,0.4,-56.31079999999997,0
8692,CA-2016-136770,2016-08-14,2016-08-18,Standard Class,SP-20650,Stephanie Phelps,Corporate,United States,Akron,Ohio,44312,East,TEC-PH-10001530,Technology,Phones,Plantronics Voyager Pro Legend,247.188,2,0.4,-49.43760000000003,0
8876,US-2016-141264,2016-08-13,2016-08-19,Standard Class,CT-11995,Carol Triggs,Consumer,United States,Irving,Texas,75061,Central,OFF-SU-10003505,Office Supplies,Supplies,Premier Electric Letter Opener,185.376,2,0.2,-34.75800000000002,0
8877,US-2016-141264,2016-08-13,2016-08-19,Standard Class,CT-11995,Carol Triggs,Consumer,United States,Irving,Texas,75061,Central,OFF-AP-10002534,Office Supplies,Appliances,3.6 Cubic Foot Counter Height Office Refrigerator,58.923999999999985,1,0.8,-153.2024,0
8895,CA-2016-167241,2016-08-15,2016-08-22,Standard Class,BD-11320,Bill Donatelli,Consumer,United States,Los Angeles,California,90004,West,FUR-FU-10004071,Furniture,Furnishings,Luxo Professional Magnifying Clamp-On Fluorescent Lamps,312.03000000000003,3,0.0,43.68420000000002,0
9023,US-2016-141880,2016-08-22,2016-08-23,First Class,TC-21475,Tony Chapman,Home Office,United States,Fort Collins,Colorado,80525,West,FUR-FU-10001979,Furniture,Furnishings,Dana Halogen Swing-Arm Architect Lamp,98.328,3,0.2,9.832800000000006,0
9125,CA-2016-128916,2016-08-18,2016-08-20,Second Class,MA-17560,Matt Abelman,Home Office,United States,Houston,Texas,77070,Central,FUR-FU-10001940,Furniture,Furnishings,Staple-based wall hangings,9.552,3,0.6,-3.8207999999999984,0
9155,CA-2016-132990,2016-08-01,2016-08-03,Second Class,KM-16660,Khloe Miller,Consumer,United States,Philadelphia,Pennsylvania,19140,East,FUR-FU-10004864,Furniture,Furnishings,Eldon 500 Class Desk Accessories,19.312,2,0.2,3.1382000000000003,0
9511,CA-2016-105263,2016-08-06,2016-08-11,Standard Class,LM-17065,Liz MacKendrick,Consumer,United States,New York City,New York,10024,East,OFF-AR-10002399,Office Supplies,Art,"Dixon Prang Watercolor Pencils, 10-Color Set with Brush",38.339999999999996,9,0.0,15.7194,0
9586,CA-2016-160598,2016-08-26,2016-08-28,First Class,SV-20815,Stuart Van,Corporate,United States,Miami,Florida,33142,South,OFF-PA-10002319,Office Supplies,Paper,Xerox 1944,31.008,1,0.2,11.240400000000001,0
9717,US-2016-144477,2016-08-12,2016-08-14,Second Class,DB-13270,Deborah Brumfield,Home Office,United States,Philadelphia,Pennsylvania,19134,East,OFF-AR-10000914,Office Supplies,Art,Boston 16765 Mini Stand Up Battery Pencil Sharpener,37.312000000000005,4,0.2,2.7984000000000027,0
9880,CA-2016-122581,2016-08-21,2016-08-25,Standard Class,JK-15370,Jay Kimmel,Consumer,United States,New York City,New York,10035,East,FUR-CH-10002961,Furniture,Chairs,"Leather Task Chair, Black",573.174,7,0.1,63.68599999999998,0
