Row ID,Order ID,Order Date,Ship Date,Ship Mode,Customer ID,Customer Name,Segment,Country,City,State,Postal Code,Region,Product ID,Category,Sub-Category,Product Name,Sales,Quantity,Discount,Profit,Data_origen
14,CA-2016-161389,2016-12-05,2016-12-10,Standard Class,IM-15070,Irene Maddox,Consumer,United States,Seattle,Washington,98103,West,OFF-BI-10003656,Office Supplies,Binders,Fellowes PB200 Plastic Comb Binding Machine,407.97600000000006,3,0.2,132.59219999999993,0
23,CA-2016-137330,2016-12-09,2016-12-13,Standard Class,KB-16585,Ken Black,Corporate,United States,Fremont,Nebraska,68025,Central,OFF-AP-10001492,Office Supplies,Appliances,"Acco Six-Outlet Power Strip, 4' Cord Length",60.339999999999996,7,0.0,15.688400000000001,0
37,CA-2016-117590,2016-12-08,2016-12-10,First Class,GH-14485,Gene Hale,Corporate,United States,Richardson,Texas,75080,Central,FUR-FU-10003664,Furniture,Furnishings,"Electrix Architect's Clamp-On Swing Arm Lamp, Black",190.92,5,0.6,-147.96300000000002,0
54,CA-2016-105816,2016-12-11,2016-12-17,Standard Class,JM-15265,Janet Molinari,Corporate,United States,New York City,New York,10024,East,OFF-FA-10000304,Office Supplies,Fasteners,Advantus Push Pins,15.260000000000002,7,0.0,6.256600000000001,0
149,CA-2016-114489,2016-12-05,2016-12-09,Standard Class,JE-16165,Justin Ellison,Corporate,United States,Franklin,Wisconsin,53132,Central,TEC-PH-10001448,Technology,Phones,Anker Astro 15000mAh USB Portable Charger,149.97,3,0.0,5.9987999999999815,0
151,CA-2016-114489,2016-12-05,2016-12-09,Standard Class,JE-16165,Justin Ellison,Corporate,United States,Franklin,Wisconsin,53132,Central,OFF-BI-10002735,Office Supplies,Binders,GBC Prestige Therm-A-Bind Covers,171.55,5,0.0,80.6285,0
254,CA-2016-146941,2016-12-10,2016-12-13,First Class,DL-13315,Delfina Latchford,Consumer,United States,New York City,New York,10024,East,OFF-EN-10003296,Office Supplies,Envelopes,Tyvek Side-Opening Peel & Seel Expanding Envelopes,361.92,4,0.0,162.864,0
288,CA-2016-112697,2016-12-18,2016-12-20,Second Class,AH-10195,Alan Haines,Corporate,United States,Tamarac,Florida,33319,South,OFF-AP-10002684,Office Supplies,Appliances,"Acco 7-Outlet Masterpiece Power Center, Wihtout Fax/Phone Line Protection",194.52800000000002,2,0.2,24.315999999999974,0
470,US-2016-100419,2016-12-16,2016-12-20,Second Class,CC-12670,Craig Carreira,Consumer,United States,Chicago,Illinois,60610,Central,OFF-BI-10002194,Office Supplies,Binders,Cardinal Hold-It CD Pocket,4.7879999999999985,3,0.8,-7.9002,0
631,US-2016-135720,2016-12-11,2016-12-13,Second Class,FM-14380,Fred McMath,Consumer,United States,Aurora,Colorado,80013,West,OFF-ST-10001963,Office Supplies,Storage,Tennsco Regal Shelving Units,243.38400000000001,3,0.2,-51.71910000000001,0
641,CA-2016-147067,2016-12-18,2016-12-22,Standard Class,JD-16150,Justin Deggeller,Corporate,United States,Minneapolis,Minnesota,55407,Central,FUR-FU-10000732,Furniture,Furnishings,Eldon 200 Class Desk Accessories,18.84,3,0.0,6.0287999999999995,0
649,CA-2016-160745,2016-12-11,2016-12-16,Second Class,AR-10825,Anthony Rawles,Corporate,United States,Vancouver,Washington,98661,West,FUR-FU-10001935,Furniture,Furnishings,3M Hangers With Command Adhesive,14.8,4,0.0,6.068000000000001,0
650,CA-2016-160745,2016-12-11,2016-12-16,Second Class,AR-10825,Anthony Rawles,Corporate,United States,Vancouver,Washington,98661,West,TEC-PH-10003273,Technology,Phones,AT&T TR1909W,302.376,3,0.2,22.678200000000018,0
722,CA-2016-142335,2016-12-15,2016-12-19,Standard Class,MP-17965,Michael Paige,Corporate,United States,Detroit,Michigan,48205,Central,FUR-TA-10000198,Furniture,Tables,Chromcraft Bull-Nose Wood Oval Conference Tables & Bases,1652.94,3,0.0,231.41160000000002,0
731,US-2016-150861,2016-12-03,2016-12-06,First Class,EG-13900,Emily Grady,Consumer,United States,Oceanside,New York,11572,East,FUR-CH-10002965,Furniture,Chairs,"Global Leather Highback Executive Chair with Pneumatic Height Adjustment, Black",542.646,3,0.1,102.49980000000001,0
942,CA-2016-142958,2016-12-13,2016-12-20,Standard Class,RW-19630,Rob Williams,Corporate,United States,Torrance,California,90503,West,OFF-BI-10001759,Office Supplies,Binders,"Acco Pressboard Covers with Storage Hooks, 14 7/8"" x 11"", Dark Blue",6.096,2,0.2,2.2098,0
1136,US-2016-148803,2016-12-11,2016-12-11,Same Day,LR-16915,Lena Radford,Consumer,United States,Homestead,Florida,33030,South,OFF-ST-10001476,Office Supplies,Storage,Steel Personal Filing/Posting Tote,85.224,3,0.2,7.457100000000004,0
1153,CA-2017-160395,2016-12-31,2017-01-06,Standard Class,KL-16555,Kelly Lampkin,Corporate,United States,Reno,Nevada,89502,West,OFF-AR-10003759,Office Supplies,Art,"Crayola Anti Dust Chalk, 12/Pack",3.64,2,0.0,1.638,0
1154,CA-2017-160395,2016-12-31,2017-01-06,Standard Class,KL-16555,Kelly Lampkin,Corporate,United States,Reno,Nevada,89502,West,OFF-BI-10003984,Office Supplies,Binders,Lock-Up Easel 'Spel-Binder',159.768,7,0.2,53.92170000000001,0
1178,CA-2016-113621,2016-12-01,2016-12-05,Standard Class,JE-15745,Joel Eaton,Consumer,United States,Rockville,Maryland,20852,East,FUR-CH-10001270,Furniture,Chairs,Harbour Creations Steel Folding Chair,172.5,2,0.0,51.749999999999986,0
1179,CA-2016-113621,2016-12-01,2016-12-05,Standard Class,JE-15745,Joel Eaton,Consumer,United States,Rockville,Maryland,20852,East,TEC-PH-10003931,Technology,Phones,JBL Micro Wireless Portable Bluetooth Speaker,179.97,3,0.0,44.99250000000001,0
1225,CA-2016-126004,2016-12-04,2016-12-05,First Class,BM-11140,Becky Martin,Consumer,United States,New York City,New York,10024,East,OFF-BI-10004656,Office Supplies,Binders,Peel & Stick Add-On Corner Pockets,1.7280000000000002,1,0.2,0.6047999999999999,0
1227,CA-2016-126004,2016-12-04,2016-12-05,First Class,BM-11140,Becky Martin,Consumer,United States,New York City,New York,10024,East,OFF-ST-10001418,Office Supplies,Storage,Carina Media Storage Towers in Natural & Black,182.94,3,0.0,3.6587999999999994,0
1228,CA-2016-126004,2016-12-04,2016-12-05,First Class,BM-11140,Becky Martin,Consumer,United States,New York City,New York,10024,East,OFF-ST-10000676,Office Supplies,Storage,Fellowes Econo/Stor Drawers,193.86,2,0.0,11.631599999999992,0
1258,US-2016-168620,2016-12-24,2016-12-28,Second Class,RB-19795,Ross Baird,Home Office,United States,Charlotte,North Carolina,28205,South,OFF-BI-10001575,Office Supplies,Binders,GBC Linen Binding Covers,27.882000000000005,3,0.7,-20.446799999999996,0
1299,CA-2016-134425,2016-12-08,2016-12-12,Second Class,QJ-19255,Quincy Jones,Corporate,United States,Saint Paul,Minnesota,55106,Central,TEC-PH-10003555,Technology,Phones,Motorola HK250 Universal Bluetooth Headset,114.94999999999999,5,0.0,2.2990000000000066,0
1301,CA-2016-137043,2016-12-23,2016-12-25,Second Class,LC-17140,Logan Currie,Consumer,United States,Springfield,Virginia,22153,South,FUR-FU-10003664,Furniture,Furnishings,"Electrix Architect's Clamp-On Swing Arm Lamp, Black",572.76,6,0.0,166.10039999999995,0
1313,CA-2016-141082,2016-12-09,2016-12-13,Standard Class,FM-14380,Fred McMath,Consumer,United States,Lawrence,Massachusetts,1841,East,OFF-LA-10001474,Office Supplies,Labels,Avery 477,122.12,4,0.0,56.175200000000004,0
1315,CA-2016-145919,2016-12-18,2016-12-23,Standard Class,HG-14965,Henry Goldwyn,Corporate,United States,Los Angeles,California,90032,West,OFF-PA-10003072,Office Supplies,Paper,"Eureka Recycled Copy Paper 8 1/2"" x 11"", Ream",38.88,6,0.0,18.6624,0
1316,CA-2016-145919,2016-12-18,2016-12-23,Standard Class,HG-14965,Henry Goldwyn,Corporate,United States,Los Angeles,California,90032,West,FUR-FU-10004960,Furniture,Furnishings,"Seth Thomas 12"" Clock w/ Goldtone Case",183.84,8,0.0,62.5056,0
1317,CA-2016-145919,2016-12-18,2016-12-23,Standard Class,HG-14965,Henry Goldwyn,Corporate,United States,Los Angeles,California,90032,West,OFF-SU-10003505,Office Supplies,Supplies,Premier Electric Letter Opener,579.3,5,0.0,28.96499999999996,0
1465,US-2016-104794,2016-12-16,2016-12-19,First Class,KD-16495,Keith Dawkins,Corporate,United States,New York City,New York,10009,East,OFF-FA-10001754,Office Supplies,Fasteners,Stockwell Gold Paper Clips,3.68,2,0.0,1.8032000000000001,0
1481,US-2016-108455,2016-12-02,2016-12-08,Standard Class,MK-18160,Mike Kennedy,Consumer,United States,San Francisco,California,94122,West,OFF-PA-10002464,Office Supplies,Paper,HP Office Recycled Paper (20Lb. and 87 Bright),40.46,7,0.0,19.825400000000002,0
1534,CA-2016-139885,2016-12-04,2016-12-08,Standard Class,EB-13840,Ellis Ballard,Corporate,United States,New York City,New York,10035,East,OFF-ST-10003324,Office Supplies,Storage,Belkin OmniView SE Rackmount Kit,212.88,6,0.0,0.0,0
1806,US-2016-116729,2016-12-25,2016-12-28,First Class,GK-14620,Grace Kelly,Corporate,United States,Los Angeles,California,90049,West,TEC-PH-10002200,Technology,Phones,Samsung Galaxy Note 2,2575.944,7,0.2,257.5944000000003,0
1807,US-2016-116729,2016-12-25,2016-12-28,First Class,GK-14620,Grace Kelly,Corporate,United States,Los Angeles,California,90049,West,OFF-PA-10002005,Office Supplies,Paper,Xerox 225,45.36,7,0.0,21.772800000000004,0
1808,US-2016-116729,2016-12-25,2016-12-28,First Class,GK-14620,Grace Kelly,Corporate,United States,Los Angeles,California,90049,West,TEC-AC-10001465,Technology,Accessories,SanDisk Cruzer 64 GB USB Flash Drive,254.24,7,0.0,76.27199999999998,0
1825,CA-2016-167507,2016-12-22,2016-12-28,Standard Class,SA-20830,Sue Ann Reed,Consumer,United States,Redmond,Oregon,97756,West,OFF-BI-10003694,Office Supplies,Binders,"Avery 3 1/2"" Diskette Storage Pages, 10/Pack",31.32,10,0.7,-25.05599999999999,0
1826,CA-2016-167507,2016-12-22,2016-12-28,Standard Class,SA-20830,Sue Ann Reed,Consumer,United States,Redmond,Oregon,97756,West,FUR-FU-10001935,Furniture,Furnishings,3M Hangers With Command Adhesive,11.840000000000002,4,0.2,3.108000000000001,0
2033,CA-2016-128923,2016-12-09,2016-12-13,Standard Class,GB-14530,George Bell,Corporate,United States,Fort Worth,Texas,76106,Central,OFF-PA-10002250,Office Supplies,Paper,Things To Do Today Pad,9.392000000000001,2,0.2,3.2872,0
2192,CA-2016-128412,2016-12-10,2016-12-17,Standard Class,AP-10915,Arthur Prichep,Consumer,United States,Seattle,Washington,98105,West,OFF-BI-10001718,Office Supplies,Binders,GBC DocuBind P50 Personal Binding Machine,153.552,3,0.2,51.8238,0
2193,CA-2016-128412,2016-12-10,2016-12-17,Standard Class,AP-10915,Arthur Prichep,Consumer,United States,Seattle,Washington,98105,West,OFF-AP-10002082,Office Supplies,Appliances,Holmes HEPA Air Purifier,65.34,3,0.0,22.869,0
2194,CA-2016-128412,2016-12-10,2016-12-17,Standard Class,AP-10915,Arthur Prichep,Consumer,United States,Seattle,Washington,98105,West,OFF-PA-10001125,Office Supplies,Paper,Xerox 1988,123.92,4,0.0,55.763999999999996,0
2195,CA-2016-128412,2016-12-10,2016-12-17,Standard Class,AP-10915,Arthur Prichep,Consumer,United States,Seattle,Washington,98105,West,OFF-AP-10000252,Office Supplies,Appliances,Harmony HEPA Quiet Air Purifiers,35.099999999999994,3,0.0,12.285,0
2196,CA-2016-128412,2016-12-10,2016-12-17,Standard Class,AP-10915,Arthur Prichep,Consumer,United States,Seattle,Washington,98105,West,TEC-AC-10003038,Technology,Accessories,Kingston Digital DataTraveler 16GB USB 2.0,44.75,5,0.0,8.502499999999994,0
2197,CA-2016-136483,2016-12-01,2016-12-06,Standard Class,AG-10390,Allen Goldenen,Consumer,United States,Knoxville,Tennessee,37918,South,OFF-AR-10000940,Office Supplies,Art,Newell 343,4.704,2,0.2,0.4116000000000002,0
2415,CA-2016-156300,2016-12-29,2017-01-02,Standard Class,TB-21595,Troy Blackwell,Consumer,United States,Milwaukee,Wisconsin,53209,Central,FUR-CH-10001714,Furniture,Chairs,"Global Leather & Oak Executive Chair, Burgundy",754.4499999999999,5,0.0,60.35600000000002,0
2822,CA-2017-100202,2016-12-31,2017-01-05,Standard Class,BD-11620,Brian DeCherney,Consumer,United States,Anaheim,California,92804,West,TEC-PH-10002563,Technology,Phones,Adtran 1202752G1,302.376,3,0.2,22.678200000000018,0
2934,US-2016-169040,2016-12-06,2016-12-12,Standard Class,GT-14710,Greg Tran,Consumer,United States,Seattle,Washington,98105,West,TEC-PH-10002310,Technology,Phones,Plantronics Calisto P620-M USB Wireless Speakerphone System,156.79200000000003,1,0.2,13.719300000000004,0
2937,US-2016-169040,2016-12-06,2016-12-12,Standard Class,GT-14710,Greg Tran,Consumer,United States,Seattle,Washington,98105,West,OFF-BI-10001636,Office Supplies,Binders,Ibico Plastic and Wire Spiral Binding Combs,47.208,7,0.2,15.342599999999997,0
2938,US-2016-169040,2016-12-06,2016-12-12,Standard Class,GT-14710,Greg Tran,Consumer,United States,Seattle,Washington,98105,West,OFF-PA-10001736,Office Supplies,Paper,Xerox 1880,248.07999999999998,7,0.0,116.59759999999997,0
2940,US-2016-169040,2016-12-06,2016-12-12,Standard Class,GT-14710,Greg Tran,Consumer,United States,Seattle,Washington,98105,West,OFF-BI-10001658,Office Supplies,Binders,GBC Standard Therm-A-Bind Covers,59.80800000000001,3,0.2,19.4376,0
3009,CA-2016-124772,2016-12-05,2016-12-06,First Class,JG-15160,James Galang,Consumer,United States,Murray,Kentucky,42071,South,FUR-FU-10004748,Furniture,Furnishings,"Howard Miller 16"" Diameter Gallery Wall Clock",191.82,3,0.0,74.8098,0
3479,CA-2016-131289,2016-12-08,2016-12-14,Standard Class,SP-20620,Stefania Perrino,Corporate,United States,San Francisco,California,94110,West,OFF-AR-10003056,Office Supplies,Art,Newell 341,8.56,2,0.0,2.4823999999999993,0
3481,CA-2016-131289,2016-12-08,2016-12-14,Standard Class,SP-20620,Stefania Perrino,Corporate,United States,San Francisco,California,94110,West,FUR-TA-10003954,Furniture,Tables,Hon 94000 Series Round Tables,1421.6640000000002,6,0.2,-195.47879999999998,0
3687,CA-2016-102792,2016-12-13,2016-12-19,Standard Class,JC-15340,Jasper Cacioppo,Consumer,United States,Riverside,California,92503,West,OFF-AR-10004757,Office Supplies,Art,Crayola Colored Pencils,9.84,3,0.0,3.2471999999999994,0
3722,CA-2016-151155,2016-12-20,2016-12-24,Standard Class,AB-10255,Alejandro Ballentine,Home Office,United States,Jackson,Mississippi,39212,South,OFF-BI-10003910,Office Supplies,Binders,DXL Angle-View Binders with Locking Rings by Samsill,15.42,2,0.0,6.939,0
3726,CA-2016-151512,2016-12-26,2017-01-02,Standard Class,SH-19975,Sally Hughsby,Corporate,United States,Denver,Colorado,80219,West,OFF-AP-10000252,Office Supplies,Appliances,Harmony HEPA Quiet Air Purifiers,18.72,2,0.2,3.51,0
3740,CA-2016-133340,2016-12-09,2016-12-13,Standard Class,LH-17155,Logan Haushalter,Consumer,United States,Jackson,Michigan,49201,Central,TEC-AC-10001109,Technology,Accessories,Logitech Trackman Marble Mouse,59.98,2,0.0,25.1916,0
3940,US-2016-143448,2016-12-10,2016-12-10,Same Day,MH-17455,Mark Hamilton,Consumer,United States,Greenwood,Indiana,46142,Central,FUR-CH-10003379,Furniture,Chairs,Global Commerce Series High-Back Swivel/Tilt Chairs,1424.9,5,0.0,356.225,0
4035,US-2016-108777,2016-12-12,2016-12-12,Same Day,JM-15655,Jim Mitchum,Corporate,United States,Lorain,Ohio,44052,East,OFF-BI-10003982,Office Supplies,Binders,Wilson Jones Century Plastic Molded Ring Binders,18.693,3,0.7,-14.331299999999992,0
4155,CA-2016-139689,2016-12-29,2017-01-03,Standard Class,MP-17965,Michael Paige,Corporate,United States,Bristol,Tennessee,37620,South,OFF-BI-10004781,Office Supplies,Binders,GBC Wire Binding Strips,38.088,4,0.7,-27.93119999999999,0
4156,CA-2016-139689,2016-12-29,2017-01-03,Standard Class,MP-17965,Michael Paige,Corporate,United States,Bristol,Tennessee,37620,South,OFF-BI-10000145,Office Supplies,Binders,Zipper Ring Binder Pockets,2.8080000000000007,3,0.7,-1.9656000000000002,0
4185,CA-2016-143749,2016-12-05,2016-12-07,First Class,AG-10300,Aleksandra Gannaway,Corporate,United States,Franklin,Massachusetts,2038,East,FUR-BO-10002853,Furniture,Bookcases,O'Sullivan 5-Shelf Heavy-Duty Bookcases,81.94,1,0.0,20.485,0
4440,CA-2016-162726,2016-12-27,2017-01-02,Standard Class,MT-17815,Meg Tillman,Consumer,United States,Port Arthur,Texas,77642,Central,OFF-PA-10004041,Office Supplies,Paper,"It's Hot Message Books with Stickers, 2 3/4"" x 5""",23.680000000000003,4,0.2,7.3999999999999995,0
4575,CA-2016-139395,2016-12-12,2016-12-18,Standard Class,MG-17650,Matthew Grinstein,Home Office,United States,Jackson,Michigan,49201,Central,FUR-FU-10003724,Furniture,Furnishings,Westinghouse Clip-On Gooseneck Lamps,33.48,4,0.0,8.704799999999999,0
4576,CA-2016-139395,2016-12-12,2016-12-18,Standard Class,MG-17650,Matthew Grinstein,Home Office,United States,Jackson,Michigan,49201,Central,OFF-AR-10003732,Office Supplies,Art,Newell 333,13.899999999999999,5,0.0,3.6139999999999994,0
4593,CA-2016-129868,2016-12-26,2016-12-31,Standard Class,MC-18130,Mike Caudle,Corporate,United States,Los Angeles,California,90004,West,FUR-CH-10003535,Furniture,Chairs,"Global Armless Task Chair, Royal Blue",146.352,3,0.2,-5.488200000000006,0
4613,US-2017-165953,2016-12-31,2017-01-06,Standard Class,EP-13915,Emily Phan,Consumer,United States,Jacksonville,Florida,32216,South,OFF-AR-10000588,Office Supplies,Art,Newell 345,47.616,3,0.2,3.571200000000001,0
4614,US-2017-165953,2016-12-31,2017-01-06,Standard Class,EP-13915,Emily Phan,Consumer,United States,Jacksonville,Florida,32216,South,OFF-PA-10002250,Office Supplies,Paper,Things To Do Today Pad,23.480000000000004,5,0.2,8.218,0
4683,CA-2016-127698,2016-12-01,2016-12-01,Same Day,MV-18190,Mike Vittorini,Consumer,United States,Raleigh,North Carolina,27604,South,TEC-PH-10003811,Technology,Phones,Jabra Supreme Plus Driver Edition Headset,863.928,9,0.2,86.3928,0
4750,CA-2016-123526,2016-12-24,2016-12-25,First Class,BV-11245,Benjamin Venier,Corporate,United States,Seattle,Washington,98103,West,OFF-PA-10002986,Office Supplies,Paper,Xerox 1898,33.4,5,0.0,16.032,0
4752,CA-2016-159989,2016-12-09,2016-12-13,Standard Class,EB-13870,Emily Burns,Consumer,United States,Franklin,Tennessee,37064,South,TEC-PH-10000169,Technology,Phones,ARKON Windshield Dashboard Air Vent Car Mount Holder,40.68,3,0.2,-9.153000000000004,0
5022,CA-2016-133795,2016-12-18,2016-12-24,Standard Class,JE-15475,Jeremy Ellison,Consumer,United States,San Diego,California,92037,West,TEC-AC-10001465,Technology,Accessories,SanDisk Cruzer 64 GB USB Flash Drive,72.64,2,0.0,21.791999999999994,0
5024,CA-2016-133795,2016-12-18,2016-12-24,Standard Class,JE-15475,Jeremy Ellison,Consumer,United States,San Diego,California,92037,West,FUR-FU-10003731,Furniture,Furnishings,"Eldon Expressions Wood and Plastic Desk Accessories, Oak",39.92,4,0.0,11.177600000000002,0
5034,CA-2016-155166,2016-12-26,2017-01-02,Standard Class,BB-11545,Brenda Bowman,Corporate,United States,Vineland,New Jersey,8360,East,OFF-AP-10002765,Office Supplies,Appliances,Fellowes Advanced Computer Series Surge Protectors,26.49,1,0.0,7.417200000000001,0
5060,CA-2016-109722,2016-12-05,2016-12-07,Second Class,TP-21130,Theone Pippenger,Consumer,United States,Georgetown,Kentucky,40324,South,TEC-PH-10000560,Technology,Phones,Samsung Galaxy S III - 16GB - pebble blue (T-Mobile),699.98,2,0.0,195.99440000000004,0
5252,US-2016-169369,2016-12-12,2016-12-18,Standard Class,EC-14050,Erin Creighton,Consumer,United States,Columbus,Georgia,31907,South,OFF-PA-10004438,Office Supplies,Paper,Xerox 1907,49.12,4,0.0,23.086399999999998,0
5330,CA-2016-111941,2016-12-25,2016-12-28,Second Class,BD-11620,Brian DeCherney,Consumer,United States,New York City,New York,10035,East,OFF-BI-10001524,Office Supplies,Binders,GBC Premium Transparent Covers with Diagonal Lined Pattern,33.568000000000005,2,0.2,11.748799999999997,0
5363,CA-2016-122017,2016-12-29,2017-01-02,Standard Class,CD-11920,Carlos Daly,Consumer,United States,Wichita,Kansas,67212,Central,FUR-FU-10000672,Furniture,Furnishings,"Executive Impressions 10"" Spectator Wall Clock",70.56,6,0.0,23.990399999999994,0
5426,CA-2016-153598,2016-12-03,2016-12-06,First Class,NM-18520,Neoma Murray,Consumer,United States,Los Angeles,California,90045,West,TEC-AC-10003870,Technology,Accessories,Logitech Z-906 Speaker sys - home theater - 5.1-CH,1649.95,5,0.0,659.98,0
5525,CA-2016-147123,2016-12-10,2016-12-12,First Class,SJ-20125,Sanjit Jacobs,Home Office,United States,Long Beach,California,90805,West,OFF-PA-10000575,Office Supplies,Paper,"Wirebound Message Books, Four 2 3/4 x 5 White Forms per Page",80.28,12,0.0,36.928799999999995,0
5544,CA-2016-134936,2016-12-19,2016-12-25,Standard Class,ES-14080,Erin Smith,Corporate,United States,Tucson,Arizona,85705,West,OFF-BI-10000174,Office Supplies,Binders,"Wilson Jones Clip & Carry Folder Binder Tool for Ring Binders, Clear",10.440000000000001,6,0.7,-7.655999999999999,0
5578,CA-2016-136686,2016-12-12,2016-12-16,Standard Class,RF-19840,Roy Französisch,Consumer,United States,Pasadena,California,91104,West,OFF-AP-10002350,Office Supplies,Appliances,Belkin F9H710-06 7 Outlet SurgeMaster Surge Protector,56.519999999999996,3,0.0,15.8256,0
5590,CA-2016-115224,2016-12-08,2016-12-11,Second Class,DB-13615,Doug Bickford,Consumer,United States,San Francisco,California,94110,West,OFF-ST-10000615,Office Supplies,Storage,"SimpliFile Personal File, Black Granite, 15w x 6-15/16d x 11-1/4h",34.05,3,0.0,9.534000000000002,0
5656,CA-2016-145261,2016-12-18,2016-12-21,First Class,AH-10120,Adrian Hane,Home Office,United States,Salem,Oregon,97301,West,OFF-AR-10004078,Office Supplies,Art,Newell 312,18.688,4,0.2,2.3359999999999994,0
5658,CA-2016-145261,2016-12-18,2016-12-21,First Class,AH-10120,Adrian Hane,Home Office,United States,Salem,Oregon,97301,West,TEC-AC-10000991,Technology,Accessories,Sony Micro Vault Click 8 GB USB 2.0 Flash Drive,112.77600000000001,3,0.2,-8.458199999999998,0
5739,CA-2017-156139,2016-12-31,2017-01-06,Standard Class,BP-11155,Becky Pak,Consumer,United States,San Francisco,California,94109,West,OFF-BI-10004233,Office Supplies,Binders,"GBC Pre-Punched Binding Paper, Plastic, White, 8-1/2"" x 11""",38.376000000000005,3,0.2,13.4316,0
5747,CA-2016-113733,2016-12-08,2016-12-12,Standard Class,LH-16900,Lena Hernandez,Consumer,United States,Greenville,North Carolina,27834,South,TEC-PH-10002496,Technology,Phones,Cisco SPA301,249.58400000000003,2,0.2,31.197999999999986,0
5748,CA-2016-113733,2016-12-08,2016-12-12,Standard Class,LH-16900,Lena Hernandez,Consumer,United States,Greenville,North Carolina,27834,South,TEC-AC-10002473,Technology,Accessories,Maxell 4.7GB DVD-R,68.112,3,0.2,17.879399999999997,0
5761,US-2016-111528,2016-12-30,2016-12-30,Same Day,JP-16135,Julie Prescott,Home Office,United States,Los Angeles,California,90032,West,OFF-BI-10002194,Office Supplies,Binders,Cardinal Hold-It CD Pocket,6.384,1,0.2,2.1546000000000003,0
5778,CA-2016-112060,2016-12-04,2016-12-09,Standard Class,KT-16465,Kean Takahito,Consumer,United States,San Francisco,California,94109,West,OFF-PA-10000994,Office Supplies,Paper,Xerox 1915,104.85,1,0.0,50.327999999999996,0
5908,US-2016-113985,2016-12-02,2016-12-07,Standard Class,KD-16495,Keith Dawkins,Corporate,United States,San Jose,California,95123,West,OFF-BI-10002353,Office Supplies,Binders,GBC VeloBind Cover Sets,24.704,2,0.2,9.264,0
5910,US-2016-113985,2016-12-02,2016-12-07,Standard Class,KD-16495,Keith Dawkins,Corporate,United States,San Jose,California,95123,West,FUR-FU-10003026,Furniture,Furnishings,"Eldon Regeneration Recycled Desk Accessories, Black",14.52,3,0.0,5.6628,0
5995,CA-2016-162187,2016-12-11,2016-12-11,Same Day,NS-18640,Noel Staavos,Corporate,United States,Columbus,Ohio,43229,East,OFF-SU-10004782,Office Supplies,Supplies,"Elite 5"" Scissors",13.52,2,0.2,1.6899999999999986,0
5998,CA-2016-162187,2016-12-11,2016-12-11,Same Day,NS-18640,Noel Staavos,Corporate,United States,Columbus,Ohio,43229,East,FUR-TA-10003008,Furniture,Tables,"Lesro Round Back Collection Coffee Table, End Table",328.59000000000003,3,0.4,-147.8655,0
6172,CA-2016-141523,2016-12-19,2016-12-24,Second Class,MH-17440,Mark Haberlin,Corporate,United States,New York City,New York,10035,East,OFF-AR-10001545,Office Supplies,Art,Newell 326,3.52,2,0.0,1.0208,0
6191,CA-2016-157259,2016-12-24,2016-12-28,Standard Class,JM-15535,Jessica Myrick,Consumer,United States,New York City,New York,10035,East,FUR-FU-10003192,Furniture,Furnishings,Luxo Adjustable Task Clamp Lamp,799.5600000000001,9,0.0,207.88559999999998,0
6394,CA-2016-129126,2016-12-14,2016-12-19,Standard Class,PK-19075,Pete Kriz,Consumer,United States,New York City,New York,10011,East,OFF-FA-10000621,Office Supplies,Fasteners,"OIC Colored Binder Clips, Assorted Sizes",21.48,6,0.0,10.5252,0
6397,CA-2016-129126,2016-12-14,2016-12-19,Standard Class,PK-19075,Pete Kriz,Consumer,United States,New York City,New York,10011,East,OFF-BI-10000279,Office Supplies,Binders,"Acco Recycled 2"" Capacity Laser Printer Hanging Data Binders",23.12,2,0.2,7.802999999999998,0
6468,CA-2016-163804,2016-12-02,2016-12-08,Standard Class,DB-13270,Deborah Brumfield,Home Office,United States,Providence,Rhode Island,2908,East,OFF-ST-10000142,Office Supplies,Storage,Deluxe Rollaway Locking File with Drawer,2079.4,5,0.0,582.232,0
6470,CA-2016-163804,2016-12-02,2016-12-08,Standard Class,DB-13270,Deborah Brumfield,Home Office,United States,Providence,Rhode Island,2908,East,FUR-FU-10004864,Furniture,Furnishings,Eldon 500 Class Desk Accessories,72.42,6,0.0,23.898600000000002,0
6528,CA-2016-157791,2016-12-23,2016-12-28,Second Class,CA-11965,Carol Adams,Corporate,United States,Warwick,Rhode Island,2886,East,TEC-CO-10002095,Technology,Copiers,Hewlett Packard 610 Color Digital Copier / Printer,1999.96,4,0.0,899.982,0
6647,US-2016-127334,2016-12-15,2016-12-21,Standard Class,MP-18175,Mike Pelletier,Home Office,United States,Springfield,Oregon,97477,West,FUR-TA-10003473,Furniture,Tables,Bretford Rectangular Conference Table Tops,564.1949999999999,3,0.5,-304.6652999999999,0
6711,CA-2016-149503,2016-12-09,2016-12-12,First Class,SP-20650,Stephanie Phelps,Corporate,United States,Stockton,California,95207,West,OFF-BI-10002133,Office Supplies,Binders,"Wilson Jones Elliptical Ring 3 1/2"" Capacity Binders, 800 sheets",273.92,8,0.2,99.29599999999998,0
6800,CA-2016-109827,2016-12-25,2017-01-01,Standard Class,LW-16825,Laurel Workman,Corporate,United States,Phoenix,Arizona,85023,West,FUR-TA-10002607,Furniture,Tables,KI Conference Tables,35.445,1,0.5,-24.102599999999995,0
6801,CA-2016-109827,2016-12-25,2017-01-01,Standard Class,LW-16825,Laurel Workman,Corporate,United States,Phoenix,Arizona,85023,West,TEC-MA-10003356,Technology,Machines,Panasonic KX MC6040 Color Laser Multifunction Printer,269.97,2,0.7,-386.957,0
7052,CA-2016-165330,2016-12-11,2016-12-11,Same Day,WB-21850,William Brown,Consumer,United States,Anaheim,California,92804,West,OFF-AR-10000914,Office Supplies,Art,Boston 16765 Mini Stand Up Battery Pencil Sharpener,23.32,2,0.0,6.063200000000002,0
7056,CA-2016-165330,2016-12-11,2016-12-11,Same Day,WB-21850,William Brown,Consumer,United States,Anaheim,California,92804,West,OFF-BI-10002824,Office Supplies,Binders,Recycled Easel Ring Binders,35.808,3,0.2,11.189999999999996,0
7059,CA-2016-165330,2016-12-11,2016-12-11,Same Day,WB-21850,William Brown,Consumer,United States,Anaheim,California,92804,West,OFF-ST-10000636,Office Supplies,Storage,Rogers Profile Extra Capacity Storage Tub,50.22,3,0.0,2.0087999999999973,0
7063,CA-2016-157742,2016-12-29,2016-12-31,Second Class,KL-16645,Ken Lonsdale,Consumer,United States,Springfield,Oregon,97477,West,OFF-EN-10002592,Office Supplies,Envelopes,"Peel & Seel Recycled Catalog Envelopes, Brown",27.792,3,0.2,10.422,0
7182,CA-2016-138667,2016-12-27,2016-12-30,Second Class,MW-18220,Mitch Webber,Consumer,United States,Lancaster,Ohio,43130,East,TEC-AC-10003063,Technology,Accessories,Micro Innovations USB RF Wireless Keyboard with Mouse,40.0,2,0.2,0.5,0
7239,CA-2016-101651,2016-12-24,2016-12-30,Standard Class,SC-20305,Sean Christensen,Consumer,United States,San Jose,California,95123,West,FUR-FU-10000771,Furniture,Furnishings,"Eldon 200 Class Desk Accessories, Smoke",43.96,7,0.0,18.463200000000004,0
7240,CA-2016-101651,2016-12-24,2016-12-30,Standard Class,SC-20305,Sean Christensen,Consumer,United States,San Jose,California,95123,West,OFF-EN-10001990,Office Supplies,Envelopes,Staple envelope,39.76,7,0.0,18.687199999999997,0
7579,CA-2016-138597,2016-12-18,2016-12-21,First Class,PN-18775,Parhena Norris,Home Office,United States,Omaha,Nebraska,68104,Central,FUR-CH-10004997,Furniture,Chairs,Hon Every-Day Series Multi-Task Chairs,563.9399999999999,3,0.0,112.78800000000001,0
7618,CA-2016-144309,2016-12-10,2016-12-16,Standard Class,CM-12235,Chris McAfee,Consumer,United States,Watertown,New York,13601,East,OFF-BI-10003656,Office Supplies,Binders,Fellowes PB200 Plastic Comb Binding Machine,679.96,5,0.2,220.98699999999997,0
7792,CA-2016-108364,2016-12-19,2016-12-24,Standard Class,BP-11050,Barry Pond,Corporate,United States,Chicago,Illinois,60623,Central,OFF-BI-10002012,Office Supplies,Binders,Wilson Jones Easy Flow II Sheet Lifters,1.7999999999999996,5,0.8,-2.880000000000001,0
7890,CA-2016-148684,2016-12-25,2016-12-29,Standard Class,TS-21655,Trudy Schmidt,Consumer,United States,Fayetteville,Arkansas,72701,South,OFF-AR-10003811,Office Supplies,Art,Newell 327,19.89,9,0.0,5.3703,0
7891,CA-2016-148684,2016-12-25,2016-12-29,Standard Class,TS-21655,Trudy Schmidt,Consumer,United States,Fayetteville,Arkansas,72701,South,TEC-AC-10001838,Technology,Accessories,Razer Tiamat Over Ear 7.1 Surround Sound PC Gaming Headset,399.98,2,0.0,171.99140000000003,0
7893,CA-2016-148684,2016-12-25,2016-12-29,Standard Class,TS-21655,Trudy Schmidt,Consumer,United States,Fayetteville,Arkansas,72701,South,OFF-PA-10003302,Office Supplies,Paper,Xerox 1906,106.32,3,0.0,49.97039999999999,0
7909,CA-2016-149762,2016-12-03,2016-12-07,Standard Class,RD-19720,Roger Demir,Consumer,United States,Morgan Hill,California,95037,West,FUR-TA-10004147,Furniture,Tables,Hon 4060 Series Tables,268.704,3,0.2,6.717599999999976,0
8047,CA-2016-113600,2016-12-15,2016-12-17,Second Class,SH-20395,Shahid Hopkins,Consumer,United States,Cuyahoga Falls,Ohio,44221,East,OFF-BI-10000201,Office Supplies,Binders,"Avery Triangle Shaped Sheet Lifters, Black, 2/Pack",2.2140000000000004,3,0.7,-1.4760000000000004,0
8112,CA-2016-130393,2016-12-01,2016-12-03,Second Class,JM-15865,John Murray,Consumer,United States,San Angelo,Texas,76903,Central,FUR-CH-10002647,Furniture,Chairs,"Situations Contoured Folding Chairs, 4/Set",248.43,5,0.3,-17.744999999999976,0
8114,CA-2016-130393,2016-12-01,2016-12-03,Second Class,JM-15865,John Murray,Consumer,United States,San Angelo,Texas,76903,Central,FUR-CH-10004477,Furniture,Chairs,"Global Push Button Manager's Chair, Indigo",85.246,2,0.3,-1.217800000000004,0
8390,CA-2016-102596,2016-12-27,2016-12-30,First Class,RD-19810,Ross DeVincentis,Home Office,United States,Akron,Ohio,44312,East,OFF-FA-10000621,Office Supplies,Fasteners,"OIC Colored Binder Clips, Assorted Sizes",17.184,6,0.2,6.2292,0
8393,CA-2016-142594,2016-12-01,2016-12-06,Second Class,EJ-14155,Eva Jacobs,Consumer,United States,Franklin,Massachusetts,2038,East,TEC-PH-10000193,Technology,Phones,Jensen SMPS-640 - speaker phone,137.94,3,0.0,35.864399999999996,0
8395,CA-2016-142594,2016-12-01,2016-12-06,Second Class,EJ-14155,Eva Jacobs,Consumer,United States,Franklin,Massachusetts,2038,East,OFF-AP-10002945,Office Supplies,Appliances,Honeywell Enviracaire Portable HEPA Air Cleaner for 17' x 22' Room,901.9499999999999,3,0.0,297.64349999999996,0
8496,CA-2016-143154,2016-12-02,2016-12-08,Standard Class,AS-10225,Alan Schoenberger,Corporate,United States,Longmont,Colorado,80501,West,TEC-AC-10002942,Technology,Accessories,WD My Passport Ultra 1TB Portable External Hard Drive,165.60000000000002,3,0.2,-6.210000000000015,0
8555,CA-2016-102092,2016-12-09,2016-12-11,First Class,PM-18940,Paul MacIntyre,Consumer,United States,Springfield,Virginia,22153,South,FUR-TA-10002530,Furniture,Tables,"Iceberg OfficeWorks 42"" Round Tables",1056.86,7,0.0,158.52899999999994,0
8570,CA-2016-162390,2016-12-06,2016-12-12,Standard Class,DP-13105,Dave Poirier,Corporate,United States,Hempstead,New York,11550,East,OFF-BI-10001721,Office Supplies,Binders,Trimflex Flexible Post Binders,222.35199999999998,13,0.2,77.82320000000001,0
8571,CA-2016-162390,2016-12-06,2016-12-12,Standard Class,DP-13105,Dave Poirier,Corporate,United States,Hempstead,New York,11550,East,TEC-CO-10004202,Technology,Copiers,Brother DCP1000 Digital 3 in 1 Multifunction Machine,479.98400000000004,2,0.2,89.99699999999999,0
8580,CA-2016-111605,2016-12-27,2017-01-02,Standard Class,JW-15955,Joni Wasserman,Consumer,United States,Louisville,Kentucky,40214,South,OFF-LA-10002368,Office Supplies,Labels,Avery 479,2.61,1,0.0,1.2006,0
8667,CA-2016-163951,2016-12-30,2017-01-02,First Class,CJ-11875,Carl Jackson,Corporate,United States,Philadelphia,Pennsylvania,19140,East,OFF-AR-10004269,Office Supplies,Art,Newell 31,16.520000000000003,5,0.2,1.6519999999999992,0
8681,CA-2016-143805,2016-12-01,2016-12-03,Second Class,JD-15895,Jonathan Doherty,Corporate,United States,Richmond,Virginia,23223,South,OFF-AP-10002945,Office Supplies,Appliances,Honeywell Enviracaire Portable HEPA Air Cleaner for 17' x 22' Room,2104.5499999999997,7,0.0,694.5014999999999,0
8685,CA-2016-155446,2016-12-16,2016-12-23,Standard Class,TN-21040,Tanja Norvell,Home Office,United States,San Diego,California,92024,West,TEC-AC-10001445,Technology,Accessories,Imation USB 2.0 Swivel Flash Drive USB flash drive - 4 GB - Pink,21.209999999999997,7,0.0,4.454099999999999,0
8724,US-2016-135209,2016-12-29,2016-12-31,Second Class,MH-17290,Marc Harrigan,Home Office,United States,Miami,Florida,33178,South,OFF-PA-10002986,Office Supplies,Paper,Xerox 1898,37.408,7,0.2,13.0928,0
8725,US-2016-135209,2016-12-29,2016-12-31,Second Class,MH-17290,Marc Harrigan,Home Office,United States,Miami,Florida,33178,South,OFF-PA-10000143,Office Supplies,Paper,Astroparche Fine Business Paper,25.344,6,0.2,8.870400000000002,0
8763,CA-2016-112578,2016-12-29,2017-01-02,Standard Class,FO-14305,Frank Olsen,Consumer,United States,Sacramento,California,95823,West,OFF-ST-10003722,Office Supplies,Storage,Project Tote Personal File,14.03,1,0.0,4.068699999999998,0
8776,CA-2016-163636,2016-12-05,2016-12-09,Second Class,MP-18175,Mike Pelletier,Home Office,United States,Chicago,Illinois,60623,Central,OFF-AR-10001547,Office Supplies,Art,Newell 311,3.536,2,0.2,0.3094,0
8908,CA-2016-139934,2016-12-18,2016-12-20,First Class,AY-10555,Andy Yotov,Corporate,United States,San Francisco,California,94110,West,TEC-PH-10001552,Technology,Phones,I Need's 3d Hello Kitty Hybrid Silicone Case Cover for HTC One X 4g with 3d Hello Kitty Stylus Pen Green/pink,66.97600000000001,7,0.2,6.697600000000001,0
9017,CA-2016-131639,2016-12-17,2016-12-23,Standard Class,NS-18640,Noel Staavos,Corporate,United States,Carlsbad,New Mexico,88220,West,OFF-BI-10000948,Office Supplies,Binders,"GBC Laser Imprintable Binding System Covers, Desert Sand",11.416,1,0.2,3.852899999999999,0
9162,CA-2016-160108,2016-12-08,2016-12-12,Standard Class,AG-10900,Arthur Gainer,Consumer,United States,Eau Claire,Wisconsin,54703,Central,FUR-BO-10003450,Furniture,Bookcases,"Bush Westfield Collection Bookcases, Dark Cherry Finish",405.85999999999996,7,0.0,32.46879999999998,0
9172,US-2016-155768,2016-12-01,2016-12-01,Same Day,LB-16795,Laurel Beltran,Home Office,United States,Oxnard,California,93030,West,OFF-PA-10001357,Office Supplies,Paper,Xerox 1886,47.9,1,0.0,22.991999999999997,0
9173,US-2016-155768,2016-12-01,2016-12-01,Same Day,LB-16795,Laurel Beltran,Home Office,United States,Oxnard,California,93030,West,OFF-ST-10002292,Office Supplies,Storage,"Sauder Facets Collection Locker/File Cabinet, Sky Alder Finish",1112.94,3,0.0,222.5879999999999,0
9174,US-2016-155768,2016-12-01,2016-12-01,Same Day,LB-16795,Laurel Beltran,Home Office,United States,Oxnard,California,93030,West,OFF-EN-10001219,Office Supplies,Envelopes,"#10- 4 1/8"" x 9 1/2"" Security-Tint Envelopes",22.919999999999998,3,0.0,11.230799999999999,0
9205,CA-2016-104689,2016-12-01,2016-12-05,Standard Class,FH-14365,Fred Hopkins,Corporate,United States,Los Angeles,California,90004,West,OFF-AR-10001149,Office Supplies,Art,"Sanford Colorific Colored Pencils, 12/Box",23.04,8,0.0,6.911999999999999,0
9251,CA-2016-105354,2016-12-02,2016-12-06,Standard Class,PW-19030,Pauline Webber,Corporate,United States,Marion,Iowa,52302,Central,OFF-BI-10001107,Office Supplies,Binders,"GBC White Gloss Covers, Plain Front",115.84,8,0.0,54.4448,0
9283,CA-2016-160486,2016-12-30,2017-01-04,Standard Class,EH-14185,Evan Henry,Consumer,United States,West Palm Beach,Florida,33407,South,OFF-PA-10002421,Office Supplies,Paper,Embossed Ink Jet Note Cards,72.224,4,0.2,25.2784,0
9350,CA-2016-114860,2016-12-22,2016-12-28,Standard Class,DN-13690,Duane Noonan,Consumer,United States,Moreno Valley,California,92553,West,FUR-FU-10001934,Furniture,Furnishings,Magnifier Swing Arm Lamp,41.96,2,0.0,10.909600000000001,0
9485,CA-2016-164770,2016-12-02,2016-12-04,Second Class,MY-18295,Muhammed Yedwab,Corporate,United States,Houston,Texas,77036,Central,FUR-BO-10003893,Furniture,Bookcases,Sauder Camden County Collection Library,781.8639999999999,10,0.32,-137.97600000000008,0
9486,CA-2016-164770,2016-12-02,2016-12-04,Second Class,MY-18295,Muhammed Yedwab,Corporate,United States,Houston,Texas,77036,Central,OFF-PA-10003893,Office Supplies,Paper,Xerox 1962,30.816000000000003,9,0.2,9.629999999999995,0
9673,CA-2016-114867,2016-12-23,2016-12-28,Standard Class,FM-14290,Frank Merwin,Home Office,United States,Philadelphia,Pennsylvania,19143,East,OFF-PA-10000477,Office Supplies,Paper,Xerox 1952,7.968000000000001,2,0.2,2.6892000000000005,0
9696,US-2016-151260,2016-12-11,2016-12-14,First Class,SC-20695,Steve Chapman,Corporate,United States,Springfield,Ohio,45503,East,OFF-AP-10002892,Office Supplies,Appliances,Belkin F5C206VTEL 6 Outlet Surge,73.536,4,0.2,9.191999999999993,0
9939,CA-2016-169824,2016-12-12,2016-12-17,Standard Class,NS-18640,Noel Staavos,Corporate,United States,New York City,New York,10009,East,FUR-FU-10004864,Furniture,Furnishings,Eldon 500 Class Desk Accessories,60.35,5,0.0,19.9155,0
9940,CA-2016-169824,2016-12-12,2016-12-17,Standard Class,NS-18640,Noel Staavos,Corporate,United States,New York City,New York,10009,East,OFF-SU-10000952,Office Supplies,Supplies,Fiskars Home & Office Scissors,35.52,4,0.0,9.945600000000002,0
9941,CA-2016-169824,2016-12-12,2016-12-17,Standard Class,NS-18640,Noel Staavos,Corporate,United States,New York City,New York,10009,East,OFF-AR-10000462,Office Supplies,Art,Sanford Pocket Accent Highlighters,11.200000000000001,7,0.0,4.816000000000001,0
9974,US-2016-103674,2016-12-06,2016-12-10,Standard Class,AP-10720,Anne Pryor,Home Office,United States,Los Angeles,California,90032,West,TEC-PH-10004080,Technology,Phones,Avaya 5410 Digital phone,271.96,5,0.2,27.195999999999998,0
9976,US-2016-103674,2016-12-06,2016-12-10,Standard Class,AP-10720,Anne Pryor,Home Office,United States,Los Angeles,California,90032,West,OFF-PA-10000743,Office Supplies,Paper,Xerox 1977,13.36,2,0.0,6.4128,0
