Row ID,Order ID,Order Date,Ship Date,Ship Mode,Customer ID,Customer Name,Segment,Country,City,State,Postal Code,Region,Product ID,Category,Sub-Category,Product Name,Sales,Quantity,Discount,Profit,Data_origen
268,CA-2016-111010,2016-01-22,2016-01-28,Standard Class,PG-18895,Paul Gonzalez,Consumer,United States,Morristown,New Jersey,7960,East,OFF-FA-10003472,Office Supplies,Fasteners,Bagged Rubber Bands,7.5600000000000005,6,0.0,0.3024,0
863,CA-2016-134474,2016-01-05,2016-01-07,Second Class,AJ-10795,Anthony Johnson,Corporate,United States,Jacksonville,Florida,32216,South,TEC-AC-10001714,Technology,Accessories,Logitech MX Performance Wireless Mouse,191.472,6,0.2,40.6878,0
864,CA-2016-134474,2016-01-05,2016-01-07,Second Class,AJ-10795,Anthony Johnson,Corporate,United States,Jacksonville,Florida,32216,South,OFF-AR-10003958,Office Supplies,Art,Newell 337,5.248,2,0.2,0.5903999999999991,0
876,CA-2016-116736,2016-01-17,2016-01-21,Standard Class,CC-12430,Chuck Clark,Home Office,United States,Concord,New Hampshire,3301,East,FUR-FU-10004017,Furniture,Furnishings,"Tenex Contemporary Contur Chairmats for Low and Medium Pile Carpet, Computer, 39"" x 49""",322.59000000000003,3,0.0,64.518,0
1026,CA-2016-126529,2016-01-11,2016-01-13,Second Class,DE-13255,Deanra Eno,Home Office,United States,Springfield,Ohio,45503,East,OFF-PA-10001166,Office Supplies,Paper,Xerox 2,15.552000000000003,3,0.2,5.4432,0
1027,CA-2016-126529,2016-01-11,2016-01-13,Second Class,DE-13255,Deanra Eno,Home Office,United States,Springfield,Ohio,45503,East,OFF-PA-10003656,Office Supplies,Paper,Xerox 1935,63.312,3,0.2,20.576399999999996,0
1028,CA-2016-126529,2016-01-11,2016-01-13,Second Class,DE-13255,Deanra Eno,Home Office,United States,Springfield,Ohio,45503,East,TEC-PH-10000148,Technology,Phones,Cyber Acoustics AC-202b Speech Recognition Stereo Headset,15.588,2,0.4,-9.8724,0
2162,CA-2016-101938,2016-01-07,2016-01-12,Standard Class,DW-13480,Dianna Wilson,Home Office,United States,Oakland,California,94601,West,OFF-AR-10003696,Office Supplies,Art,Panasonic KP-350BK Electric Pencil Sharpener with Auto Stop,34.58,1,0.0,10.028199999999998,0
2471,US-2016-135923,2016-01-22,2016-01-28,Standard Class,CM-11935,Carlos Meador,Consumer,United States,Fayetteville,North Carolina,28314,South,FUR-FU-10002107,Furniture,Furnishings,Eldon Pizzaz Desk Accessories,14.272,8,0.2,4.281600000000001,0
2472,US-2016-135923,2016-01-22,2016-01-28,Standard Class,CM-11935,Carlos Meador,Consumer,United States,Fayetteville,North Carolina,28314,South,FUR-BO-10002213,Furniture,Bookcases,"Sauder Forest Hills Library, Woodland Oak Finish",451.13599999999997,4,0.2,-67.67039999999997,0
2473,US-2016-135923,2016-01-22,2016-01-28,Standard Class,CM-11935,Carlos Meador,Consumer,United States,Fayetteville,North Carolina,28314,South,OFF-AP-10000692,Office Supplies,Appliances,Fellowes Mighty 8 Compact Surge Protector,64.864,4,0.2,6.486400000000003,0
2694,CA-2016-138079,2016-01-22,2016-01-28,Standard Class,AJ-10795,Anthony Johnson,Corporate,United States,Seattle,Washington,98115,West,FUR-FU-10001475,Furniture,Furnishings,"Contract Clock, 14"", Brown",109.9,5,0.0,37.366,0
2877,US-2016-167339,2016-01-21,2016-01-23,Second Class,TD-20995,Tamara Dahlen,Consumer,United States,San Diego,California,92037,West,FUR-CH-10000785,Furniture,Chairs,Global Ergonomic Managers Chair,1013.4879999999999,7,0.2,76.01160000000002,0
2878,CA-2016-152072,2016-01-15,2016-01-19,Standard Class,Dp-13240,Dean percer,Home Office,United States,Westfield,New Jersey,7090,East,OFF-EN-10003040,Office Supplies,Envelopes,Quality Park Security Envelopes,52.34,2,0.0,24.599800000000002,0
2880,CA-2016-152072,2016-01-15,2016-01-19,Standard Class,Dp-13240,Dean percer,Home Office,United States,Westfield,New Jersey,7090,East,TEC-AC-10000844,Technology,Accessories,Logitech Gaming G510s - Keyboard,254.96999999999997,3,0.0,91.7892,0
2885,CA-2016-164483,2016-01-30,2016-02-03,Standard Class,JF-15490,Jeremy Farry,Consumer,United States,San Francisco,California,94122,West,OFF-BI-10000014,Office Supplies,Binders,Heavy-Duty E-Z-D Binders,17.456,2,0.2,5.8914,0
2898,US-2016-164630,2016-01-04,2016-01-09,Standard Class,EB-13975,Erica Bern,Corporate,United States,Charlotte,North Carolina,28205,South,TEC-CO-10000971,Technology,Copiers,Hewlett Packard 310 Color Digital Copier,959.9680000000001,4,0.2,119.99599999999992,0
3074,CA-2016-125206,2016-01-03,2016-01-05,First Class,LR-16915,Lena Radford,Consumer,United States,Los Angeles,California,90045,West,OFF-ST-10003692,Office Supplies,Storage,Recycled Steel Personal File for Hanging File Folders,114.46,2,0.0,28.614999999999995,0
3209,CA-2016-108882,2016-01-09,2016-01-15,Standard Class,LA-16780,Laura Armstrong,Corporate,United States,Fresno,California,93727,West,TEC-AC-10000420,Technology,Accessories,Logitech G500s Laser Gaming Mouse with Adjustable Weight Tuning,349.95,5,0.0,118.98299999999999,0
3702,CA-2016-126543,2016-01-09,2016-01-13,Second Class,MF-17665,Maureen Fritzler,Corporate,United States,Toledo,Ohio,43615,East,FUR-FU-10002445,Furniture,Furnishings,"DAX Two-Tone Rosewood/Black Document Frame, Desktop, 5 x 7",15.168000000000001,2,0.2,3.792000000000001,0
3744,CA-2016-137848,2016-01-15,2016-01-21,Standard Class,WB-21850,William Brown,Consumer,United States,New York City,New York,10011,East,OFF-BI-10002225,Office Supplies,Binders,"Square Ring Data Binders, Rigid 75 Pt. Covers, 11"" x 14-7/8""",49.536,3,0.2,17.3376,0
4668,CA-2016-116547,2016-01-10,2016-01-17,Standard Class,KB-16585,Ken Black,Corporate,United States,Seattle,Washington,98115,West,TEC-AC-10002335,Technology,Accessories,Logitech Media Keyboard K200,69.98,2,0.0,13.296199999999999,0
4919,CA-2016-160304,2016-01-02,2016-01-07,Standard Class,BM-11575,Brendan Murry,Corporate,United States,Gaithersburg,Maryland,20877,East,FUR-BO-10004709,Furniture,Bookcases,"Bush Westfield Collection Bookcases, Medium Cherry Finish",173.94,3,0.0,38.2668,0
4999,CA-2016-129238,2016-01-31,2016-02-04,Standard Class,SC-20050,Sample Company A,Home Office,United States,Los Angeles,California,90045,West,TEC-PH-10004120,Technology,Phones,AT&T 1080 Phone,109.59200000000001,1,0.2,8.2194,0
5000,CA-2016-129238,2016-01-31,2016-02-04,Standard Class,SC-20050,Sample Company A,Home Office,United States,Los Angeles,California,90045,West,OFF-PA-10002764,Office Supplies,Paper,Easy-staple paper,56.7,5,0.0,27.782999999999998,0
5114,CA-2016-147970,2016-01-31,2016-02-02,Second Class,AB-10150,Aimee Bixby,Consumer,United States,Dallas,Texas,75220,Central,OFF-PA-10003936,Office Supplies,Paper,Xerox 1994,15.552000000000003,3,0.2,5.4432,0
5675,CA-2016-146318,2016-01-22,2016-01-27,Standard Class,MC-17275,Marc Crier,Consumer,United States,Seattle,Washington,98105,West,OFF-PA-10003953,Office Supplies,Paper,Xerox 218,12.96,2,0.0,6.2208000000000006,0
5752,CA-2016-125850,2016-01-22,2016-01-28,Standard Class,FP-14320,Frank Preis,Consumer,United States,San Diego,California,92037,West,OFF-LA-10003498,Office Supplies,Labels,Avery 475,44.400000000000006,3,0.0,22.200000000000003,0
5753,CA-2016-125850,2016-01-22,2016-01-28,Standard Class,FP-14320,Frank Preis,Consumer,United States,San Diego,California,92037,West,OFF-LA-10004484,Office Supplies,Labels,Avery 476,20.65,5,0.0,9.498999999999999,0
5868,CA-2016-158211,2016-01-04,2016-01-08,Standard Class,BP-11185,Ben Peterman,Corporate,United States,Philadelphia,Pennsylvania,19143,East,OFF-AR-10004078,Office Supplies,Art,Newell 312,4.672,1,0.2,0.5839999999999999,0
5968,CA-2016-166912,2016-01-15,2016-01-17,First Class,BE-11335,Bill Eplett,Home Office,United States,New York City,New York,10009,East,OFF-PA-10001033,Office Supplies,Paper,Xerox 1893,81.98,2,0.0,40.1702,0
6230,CA-2016-148208,2016-01-22,2016-01-27,Standard Class,BT-11530,Bradley Talbott,Home Office,United States,Cleveland,Ohio,44105,East,TEC-AC-10000171,Technology,Accessories,"Verbatim 25 GB 6x Blu-ray Single Layer Recordable Disc, 25/Pack",55.176,3,0.2,15.8631,0
6238,US-2016-155180,2016-01-22,2016-01-29,Standard Class,TB-21280,Toby Braunhardt,Consumer,United States,New York City,New York,10009,East,OFF-BI-10004506,Office Supplies,Binders,Wilson Jones data.warehouse D-Ring Binders with DublLock,26.336000000000002,4,0.2,9.217600000000001,0
6970,CA-2016-163937,2016-01-10,2016-01-13,Second Class,JB-16000,Joy Bell-,Consumer,United States,Longview,Washington,98632,West,FUR-FU-10000010,Furniture,Furnishings,"DAX Value U-Channel Document Frames, Easel Back",24.849999999999998,5,0.0,7.703499999999998,0
7291,CA-2016-153661,2016-01-30,2016-01-31,First Class,SC-20725,Steven Cartwright,Consumer,United States,San Francisco,California,94122,West,OFF-BI-10004781,Office Supplies,Binders,GBC Wire Binding Strips,50.784,2,0.2,17.7744,0
7292,CA-2016-153661,2016-01-30,2016-01-31,First Class,SC-20725,Steven Cartwright,Consumer,United States,San Francisco,California,94122,West,OFF-LA-10004689,Office Supplies,Labels,Avery 512,26.01,9,0.0,12.2247,0
7294,CA-2016-113656,2016-01-23,2016-01-29,Standard Class,CB-12415,Christy Brittain,Consumer,United States,Los Angeles,California,90036,West,FUR-FU-10000719,Furniture,Furnishings,"DAX Cubicle Frames, 8-1/2 x 11",59.99,7,0.0,21.596400000000003,0
7565,US-2016-166660,2016-01-30,2016-02-01,Second Class,TB-21250,Tim Brockman,Consumer,United States,Seattle,Washington,98103,West,FUR-CH-10001190,Furniture,Chairs,Global Deluxe High-Back Office Chair in Storm,435.16800000000006,4,0.2,-59.83560000000004,0
7810,US-2016-137295,2016-01-08,2016-01-13,Standard Class,VS-21820,Vivek Sundaresam,Consumer,United States,Raleigh,North Carolina,27604,South,TEC-PH-10004080,Technology,Phones,Avaya 5410 Digital phone,108.78399999999999,2,0.2,10.8784,0
8032,CA-2016-158806,2016-01-07,2016-01-11,Standard Class,NM-18520,Neoma Murray,Consumer,United States,Amarillo,Texas,79109,Central,OFF-PA-10004621,Office Supplies,Paper,Xerox 212,25.920000000000005,5,0.2,9.072,0
8176,CA-2016-114944,2016-01-30,2016-02-04,Standard Class,HE-14800,Harold Engle,Corporate,United States,Chicago,Illinois,60623,Central,OFF-PA-10003892,Office Supplies,Paper,Xerox 1943,156.512,4,0.2,52.82279999999999,0
8604,US-2016-116365,2016-01-03,2016-01-08,Standard Class,CA-12310,Christine Abelman,Corporate,United States,San Antonio,Texas,78207,Central,TEC-AC-10002217,Technology,Accessories,Imation Clip USB flash drive - 8 GB,30.080000000000002,2,0.2,-5.264,0
8605,US-2016-116365,2016-01-03,2016-01-08,Standard Class,CA-12310,Christine Abelman,Corporate,United States,San Antonio,Texas,78207,Central,TEC-AC-10002942,Technology,Accessories,WD My Passport Ultra 1TB Portable External Hard Drive,165.60000000000002,3,0.2,-6.210000000000015,0
8762,CA-2016-159891,2016-01-31,2016-02-06,Standard Class,BF-11170,Ben Ferrer,Home Office,United States,Atlanta,Georgia,30318,South,OFF-EN-10004483,Office Supplies,Envelopes,"#10 White Business Envelopes,4 1/8 x 9 1/2",125.36,8,0.0,58.91919999999999,0
8926,CA-2016-168032,2016-01-30,2016-02-03,Standard Class,DF-13135,David Flashing,Consumer,United States,Rockford,Illinois,61107,Central,OFF-BI-10000546,Office Supplies,Binders,Avery Durable Binders,1.7279999999999995,3,0.8,-2.678399999999999,0
8927,CA-2016-168032,2016-01-30,2016-02-03,Standard Class,DF-13135,David Flashing,Consumer,United States,Rockford,Illinois,61107,Central,FUR-TA-10004256,Furniture,Tables,Bretford “Just In Time” Height-Adjustable Multi-Task Work Tables,626.0999999999999,3,0.5,-538.446,0
9148,US-2016-165505,2016-01-23,2016-01-27,Standard Class,CB-12535,Claudia Bergmann,Corporate,United States,Burlington,Vermont,5408,East,OFF-AR-10003477,Office Supplies,Art,4009 Highlighters,8.040000000000001,6,0.0,2.7336,0
9360,CA-2016-168046,2016-01-25,2016-01-28,Second Class,JD-15895,Jonathan Doherty,Corporate,United States,New York City,New York,10024,East,FUR-FU-10000747,Furniture,Furnishings,Tenex B1-RE Series Chair Mats for Low Pile Carpets,45.98,1,0.0,7.816599999999994,0
9361,CA-2016-168046,2016-01-25,2016-01-28,Second Class,JD-15895,Jonathan Doherty,Corporate,United States,New York City,New York,10024,East,OFF-ST-10004337,Office Supplies,Storage,"SAFCO Commercial Wire Shelving, 72h",428.68,7,0.0,0.0,0
9495,CA-2016-105207,2016-01-03,2016-01-08,Standard Class,BO-11350,Bill Overfelt,Corporate,United States,Broken Arrow,Oklahoma,74012,Central,OFF-BI-10004364,Office Supplies,Binders,Storex Dura Pro Binders,11.88,2,0.0,5.346,0
