Row ID,Order ID,Order Date,Ship Date,Ship Mode,Customer ID,Customer Name,Segment,Country,City,State,Postal Code,Region,Product ID,Category,Sub-Category,Product Name,Sales,Quantity,Discount,Profit,Data_origen
855,CA-2016-123274,2016-02-19,2016-02-24,Standard Class,GT-14710,Greg Tran,Consumer,United States,New York City,New York,10035,East,OFF-ST-10000736,Office Supplies,Storage,Carina Double Wide Media Storage Towers in Natural & Black,242.94,3,0.0,9.71759999999999,0
1243,US-2016-162859,2016-02-15,2016-02-22,Standard Class,PG-18820,Patrick Gardner,Consumer,United States,New York City,New York,10009,East,OFF-BI-10004519,Office Supplies,Binders,GBC DocuBind P100 Manual Binding Machine,398.352,3,0.2,124.48499999999999,0
1383,US-2016-108504,2016-02-05,2016-02-05,Same Day,PP-18955,Paul Prost,Home Office,United States,Smyrna,Georgia,30080,South,OFF-ST-10002344,Office Supplies,Storage,"Carina 42""Hx23 3/4""W Media Storage Unit",80.98,1,0.0,1.6196000000000055,0
1384,US-2016-108504,2016-02-05,2016-02-05,Same Day,PP-18955,Paul Prost,Home Office,United States,Smyrna,Georgia,30080,South,OFF-PA-10001289,Office Supplies,Paper,White Computer Printout Paper by Universal,348.84,9,0.0,170.9316,0
1385,US-2016-108504,2016-02-05,2016-02-05,Same Day,PP-18955,Paul Prost,Home Office,United States,Smyrna,Georgia,30080,South,OFF-FA-10000053,Office Supplies,Fasteners,Revere Boxed Rubber Bands by Revere,9.45,5,0.0,0.18900000000000028,0
1391,US-2016-108504,2016-02-05,2016-02-05,Same Day,PP-18955,Paul Prost,Home Office,United States,Smyrna,Georgia,30080,South,OFF-PA-10000357,Office Supplies,Paper,"White Dual Perf Computer Printout Paper, 2700 Sheets, 1 Part, Heavyweight, 20 lbs., 14 7/8 x 11",122.97,3,0.0,60.255300000000005,0
1579,CA-2016-102456,2016-02-27,2016-03-01,First Class,DL-12865,Dan Lawera,Consumer,United States,New York City,New York,10011,East,OFF-AP-10004336,Office Supplies,Appliances,"Conquest 14 Commercial Heavy-Duty Upright Vacuum, Collection System, Accessory Kit",170.88,3,0.0,49.55519999999998,0
1729,CA-2016-106894,2016-02-07,2016-02-07,Same Day,CA-12265,Christina Anderson,Consumer,United States,Springfield,Virginia,22153,South,TEC-AC-10003063,Technology,Accessories,Micro Innovations USB RF Wireless Keyboard with Mouse,100.0,4,0.0,21.0,0
1730,CA-2016-106894,2016-02-07,2016-02-07,Same Day,CA-12265,Christina Anderson,Consumer,United States,Springfield,Virginia,22153,South,OFF-LA-10001045,Office Supplies,Labels,Permanent Self-Adhesive File Folder Labels for Typewriters by Universal,7.83,3,0.0,3.6018,0
1821,CA-2016-168956,2016-02-16,2016-02-20,Standard Class,EA-14035,Erin Ashbrook,Corporate,United States,Chicago,Illinois,60623,Central,OFF-AP-10004233,Office Supplies,Appliances,Honeywell Enviracaire Portable Air Cleaner for up to 8 x 10 Room,92.06399999999998,6,0.8,-225.55680000000007,0
1822,CA-2016-168956,2016-02-16,2016-02-20,Standard Class,EA-14035,Erin Ashbrook,Corporate,United States,Chicago,Illinois,60623,Central,OFF-FA-10000304,Office Supplies,Fasteners,Advantus Push Pins,6.976000000000001,4,0.2,1.8312000000000004,0
1824,CA-2016-168956,2016-02-16,2016-02-20,Standard Class,EA-14035,Erin Ashbrook,Corporate,United States,Chicago,Illinois,60623,Central,OFF-PA-10000809,Office Supplies,Paper,Xerox 206,5.184000000000001,1,0.2,1.8144,0
2742,CA-2016-165015,2016-02-25,2016-02-27,Second Class,BD-11725,Bruce Degenhardt,Consumer,United States,Newark,Ohio,43055,East,OFF-EN-10003134,Office Supplies,Envelopes,Staple envelope,46.72,5,0.2,17.52,0
2989,CA-2016-139010,2016-02-21,2016-02-26,Second Class,MC-17635,Matthew Clasen,Corporate,United States,Los Angeles,California,90032,West,TEC-AC-10004227,Technology,Accessories,SanDisk Ultra 16 GB MicroSDHC Class 10 Memory Card,12.99,1,0.0,0.779399999999999,0
2990,CA-2016-139010,2016-02-21,2016-02-26,Second Class,MC-17635,Matthew Clasen,Corporate,United States,Los Angeles,California,90032,West,OFF-BI-10000174,Office Supplies,Binders,"Wilson Jones Clip & Carry Folder Binder Tool for Ring Binders, Clear",18.56,4,0.2,6.4959999999999996,0
2991,CA-2016-139010,2016-02-21,2016-02-26,Second Class,MC-17635,Matthew Clasen,Corporate,United States,Los Angeles,California,90032,West,OFF-ST-10001809,Office Supplies,Storage,Fellowes Officeware Wire Shelving,449.15,5,0.0,8.98299999999999,0
4777,CA-2016-101630,2016-02-19,2016-02-23,Second Class,CK-12760,Cyma Kinney,Corporate,United States,Long Beach,New York,11561,East,OFF-LA-10004425,Office Supplies,Labels,Staple-on labels,8.67,3,0.0,4.0749,0
4778,CA-2016-101630,2016-02-19,2016-02-23,Second Class,CK-12760,Cyma Kinney,Corporate,United States,Long Beach,New York,11561,East,OFF-SU-10001664,Office Supplies,Supplies,Acme Office Executive Series Stainless Steel Trimmers,25.71,3,0.0,6.6846000000000005,0
5306,US-2016-168410,2016-02-21,2016-02-26,Standard Class,BV-11245,Benjamin Venier,Corporate,United States,Oceanside,New York,11572,East,FUR-FU-10000629,Furniture,Furnishings,9-3/4 Diameter Round Wall Clock,68.94999999999999,5,0.0,28.959000000000003,0
5406,US-2016-143280,2016-02-22,2016-02-26,Standard Class,TZ-21580,Tracy Zic,Consumer,United States,Los Angeles,California,90045,West,TEC-AC-10003399,Technology,Accessories,Memorex Mini Travel Drive 64 GB USB 2.0 Flash Drive,36.24,1,0.0,15.2208,0
5407,US-2016-143280,2016-02-22,2016-02-26,Standard Class,TZ-21580,Tracy Zic,Consumer,United States,Los Angeles,California,90045,West,OFF-FA-10000992,Office Supplies,Fasteners,"Acco Clips to Go Binder Clips, 24 Clips in Two Sizes",10.649999999999999,3,0.0,5.0055,0
5754,CA-2016-118514,2016-02-03,2016-02-10,Standard Class,LC-17050,Liz Carlisle,Consumer,United States,Richmond,Kentucky,40475,South,FUR-CH-10000015,Furniture,Chairs,Hon Multipurpose Stacking Arm Chairs,866.4,4,0.0,225.264,0
5810,CA-2016-125017,2016-02-06,2016-02-11,Standard Class,KB-16240,Karen Bern,Corporate,United States,Chattanooga,Tennessee,37421,South,FUR-FU-10000723,Furniture,Furnishings,"Deflect-o EconoMat Studded, No Bevel Mat for Low Pile Carpeting",132.22400000000002,4,0.2,-18.180799999999998,0
7812,CA-2016-134334,2016-02-14,2016-02-15,First Class,DK-13090,Dave Kipp,Consumer,United States,Clinton,Maryland,20735,East,OFF-AR-10001770,Office Supplies,Art,Economy #2 Pencils,7.98,3,0.0,2.0747999999999998,0
8143,CA-2016-100993,2016-02-05,2016-02-10,Standard Class,AZ-10750,Annie Zypern,Consumer,United States,San Diego,California,92037,West,OFF-ST-10004340,Office Supplies,Storage,"Fellowes Mobile File Cart, Black",186.54,3,0.0,50.36580000000001,0
8144,CA-2016-100993,2016-02-05,2016-02-10,Standard Class,AZ-10750,Annie Zypern,Consumer,United States,San Diego,California,92037,West,FUR-TA-10001095,Furniture,Tables,Chromcraft Round Conference Tables,557.728,4,0.2,6.971599999999995,0
8145,CA-2016-100993,2016-02-05,2016-02-10,Standard Class,AZ-10750,Annie Zypern,Consumer,United States,San Diego,California,92037,West,TEC-PH-10001448,Technology,Phones,Anker Astro 15000mAh USB Portable Charger,159.96800000000002,4,0.2,-31.99360000000003,0
8161,CA-2016-134138,2016-02-16,2016-02-20,Standard Class,JD-15790,John Dryer,Consumer,United States,Belleville,New Jersey,7109,East,FUR-CH-10001545,Furniture,Chairs,Hon Comfortask Task/Swivel Chairs,227.96,2,0.0,36.473600000000005,0
8277,US-2016-139262,2016-02-21,2016-02-25,Standard Class,LC-16960,Lindsay Castell,Home Office,United States,Tampa,Florida,33614,South,OFF-BI-10003727,Office Supplies,Binders,Avery Durable Slant Ring Binders With Label Holder,3.762,3,0.7,-2.758799999999999,0
8278,US-2016-139262,2016-02-21,2016-02-25,Standard Class,LC-16960,Lindsay Castell,Home Office,United States,Tampa,Florida,33614,South,OFF-BI-10002026,Office Supplies,Binders,Avery Arch Ring Binders,34.86000000000001,2,0.7,-26.726000000000006,0
8279,US-2016-139262,2016-02-21,2016-02-25,Standard Class,LC-16960,Lindsay Castell,Home Office,United States,Tampa,Florida,33614,South,OFF-ST-10001496,Office Supplies,Storage,Standard Rollaway File with Lock,432.456,3,0.2,32.434200000000004,0
8383,CA-2016-163048,2016-02-08,2016-02-15,Standard Class,MH-17440,Mark Haberlin,Corporate,United States,Houston,Texas,77036,Central,FUR-CH-10001270,Furniture,Chairs,Harbour Creations Steel Folding Chair,241.49999999999997,4,0.3,0.0,0
8489,CA-2016-158841,2016-02-02,2016-02-04,Second Class,SE-20110,Sanjit Engle,Consumer,United States,Arlington,Virginia,22204,South,TEC-MA-10001127,Technology,Machines,"HP Designjet T520 Inkjet Large Format Printer - 24"" Color",8749.95,5,0.0,2799.9839999999995,0
8490,CA-2016-158841,2016-02-02,2016-02-04,Second Class,SE-20110,Sanjit Engle,Consumer,United States,Arlington,Virginia,22204,South,OFF-BI-10002557,Office Supplies,Binders,Presstex Flexible Ring Binders,36.4,8,0.0,18.2,0
8491,CA-2016-158841,2016-02-02,2016-02-04,Second Class,SE-20110,Sanjit Engle,Consumer,United States,Arlington,Virginia,22204,South,FUR-FU-10001731,Furniture,Furnishings,Acrylic Self-Standing Desk Frames,18.689999999999998,7,0.0,7.1022,0
9063,CA-2016-101623,2016-02-28,2016-03-06,Standard Class,RR-19525,Rick Reed,Corporate,United States,New York City,New York,10035,East,OFF-FA-10003495,Office Supplies,Fasteners,Staples,36.480000000000004,6,0.0,18.240000000000002,0
9080,CA-2016-108105,2016-02-16,2016-02-23,Standard Class,GW-14605,Giulietta Weimer,Consumer,United States,Henderson,Kentucky,42420,South,OFF-BI-10002412,Office Supplies,Binders,Wilson Jones “Snap” Scratch Pad Binder Tool for Ring Binders,5.8,1,0.0,2.61,0
9521,CA-2016-101189,2016-02-04,2016-02-09,Standard Class,JB-15400,Jennifer Braxton,Corporate,United States,Los Angeles,California,90049,West,OFF-ST-10004180,Office Supplies,Storage,Safco Commercial Shelving,93.02,2,0.0,3.720799999999997,0
9722,CA-2016-105781,2016-02-16,2016-02-20,Standard Class,JF-15565,Jill Fjeld,Consumer,United States,New York City,New York,10024,East,FUR-CH-10001802,Furniture,Chairs,Hon Every-Day Chair Series Swivel Task Chairs,326.646,3,0.1,39.923399999999994,0
9723,CA-2016-105781,2016-02-16,2016-02-20,Standard Class,JF-15565,Jill Fjeld,Consumer,United States,New York City,New York,10024,East,TEC-AC-10003628,Technology,Accessories,Logitech 910-002974 M325 Wireless Mouse for Web Scrolling,89.97,3,0.0,39.58680000000001,0
