Row ID,Order ID,Order Date,Ship Date,Ship Mode,Customer ID,Customer Name,Segment,Country,City,State,Postal Code,Region,Product ID,Category,Sub-Category,Product Name,Sales,Quantity,Discount,Profit,Data_origen
43,CA-2016-101343,2016-07-17,2016-07-22,Standard Class,RA-19885,Ruben Ausman,Corporate,United States,Los Angeles,California,90049,West,OFF-ST-10003479,Office Supplies,Storage,"Eldon Base for stackable storage shelf, platinum",77.88,2,0.0,3.8939999999999912,0
478,CA-2016-103891,2016-07-12,2016-07-19,Standard Class,KH-16690,Kristen Hastings,Corporate,United States,Los Angeles,California,90008,West,TEC-PH-10000149,Technology,Phones,Cisco SPA525G2 IP Phone - Wireless,95.76,6,0.2,7.181999999999995,0
500,CA-2016-126158,2016-07-25,2016-07-31,Standard Class,SC-20095,Sanjit Chand,Consumer,United States,Costa Mesa,California,92627,West,FUR-FU-10000073,Furniture,Furnishings,Deflect-O Glasstique Clear Desk Accessories,69.3,9,0.0,22.868999999999996,0
536,CA-2016-126613,2016-07-10,2016-07-16,Standard Class,AA-10375,Allen Armold,Consumer,United States,Mesa,Arizona,85204,West,OFF-ST-10001325,Office Supplies,Storage,Sterilite Officeware Hinged File Box,16.768,2,0.2,1.4672,0
601,US-2016-100720,2016-07-16,2016-07-21,Standard Class,CK-12205,Chloris Kastensmidt,Consumer,United States,Philadelphia,Pennsylvania,19120,East,TEC-PH-10003963,Technology,Phones,GE 2-Jack Phone Line Splitter,494.376,4,0.4,-115.35440000000006,0
602,US-2016-100720,2016-07-16,2016-07-21,Standard Class,CK-12205,Chloris Kastensmidt,Consumer,United States,Philadelphia,Pennsylvania,19120,East,OFF-SU-10001574,Office Supplies,Supplies,Acme Value Line Scissors,5.84,2,0.2,0.7299999999999995,0
725,CA-2016-114713,2016-07-07,2016-07-12,Standard Class,SC-20695,Steve Chapman,Corporate,United States,Hialeah,Florida,33012,South,OFF-SU-10004664,Office Supplies,Supplies,Acme Softgrip Scissors,45.584,7,0.2,5.1282,0
834,CA-2016-165316,2016-07-23,2016-07-27,Standard Class,JB-15400,Jennifer Braxton,Corporate,United States,Tampa,Florida,33614,South,OFF-AR-10002956,Office Supplies,Art,Boston 16801 Nautilus Battery Pencil Sharpener,35.216,2,0.2,2.6411999999999995,0
835,CA-2016-165316,2016-07-23,2016-07-27,Standard Class,JB-15400,Jennifer Braxton,Corporate,United States,Tampa,Florida,33614,South,OFF-AP-10003266,Office Supplies,Appliances,"Holmes Replacement Filter for HEPA Air Cleaner, Large Room",23.696,2,0.2,6.5164,0
836,CA-2016-165316,2016-07-23,2016-07-27,Standard Class,JB-15400,Jennifer Braxton,Corporate,United States,Tampa,Florida,33614,South,TEC-MA-10004002,Technology,Machines,Zebra GX420t Direct Thermal/Thermal Transfer Printer,265.475,1,0.5,-111.49950000000007,0
1203,CA-2016-114727,2016-07-18,2016-07-24,Standard Class,LS-16945,Linda Southworth,Corporate,United States,Denver,Colorado,80219,West,FUR-CH-10002331,Furniture,Chairs,Hon 4700 Series Mobuis Mid-Back Task Chairs with Adjustable Arms,854.3520000000001,3,0.2,10.679399999999873,0
1205,CA-2016-114727,2016-07-18,2016-07-24,Standard Class,LS-16945,Linda Southworth,Corporate,United States,Denver,Colorado,80219,West,OFF-ST-10000689,Office Supplies,Storage,"Fellowes Strictly Business Drawer File, Letter/Legal Size",338.04,3,0.2,-33.804,0
1208,CA-2016-137050,2016-07-14,2016-07-18,Second Class,SW-20755,Steven Ward,Corporate,United States,New York City,New York,10009,East,OFF-BI-10002160,Office Supplies,Binders,Acco Hanging Data Binders,9.144,3,0.2,3.2003999999999997,0
1209,CA-2016-137050,2016-07-14,2016-07-18,Second Class,SW-20755,Steven Ward,Corporate,United States,New York City,New York,10009,East,OFF-FA-10002988,Office Supplies,Fasteners,Ideal Clamps,14.069999999999999,7,0.0,6.894299999999999,0
1210,CA-2016-137050,2016-07-14,2016-07-18,Second Class,SW-20755,Steven Ward,Corporate,United States,New York City,New York,10009,East,OFF-AR-10004999,Office Supplies,Art,Newell 315,41.86,7,0.0,10.465,0
1211,CA-2016-137050,2016-07-14,2016-07-18,Second Class,SW-20755,Steven Ward,Corporate,United States,New York City,New York,10009,East,OFF-BI-10001031,Office Supplies,Binders,Pressboard Data Binders by Wilson Jones,8.544,2,0.2,2.8835999999999995,0
1412,CA-2016-136329,2016-07-09,2016-07-13,Standard Class,JD-15895,Jonathan Doherty,Corporate,United States,New York City,New York,10035,East,FUR-CH-10002335,Furniture,Chairs,Hon GuestStacker Chair,408.006,2,0.1,72.5344,0
1733,US-2016-131149,2016-07-10,2016-07-14,Standard Class,LH-17155,Logan Haushalter,Consumer,United States,Dallas,Texas,75081,Central,OFF-ST-10000689,Office Supplies,Storage,"Fellowes Strictly Business Drawer File, Letter/Legal Size",338.04,3,0.2,-33.804,0
1734,US-2016-131149,2016-07-10,2016-07-14,Standard Class,LH-17155,Logan Haushalter,Consumer,United States,Dallas,Texas,75081,Central,OFF-AR-10002135,Office Supplies,Art,Boston Heavy-Duty Trimline Electric Pencil Sharpeners,154.24,4,0.2,17.351999999999975,0
1842,CA-2016-157763,2016-07-18,2016-07-23,Standard Class,KH-16330,Katharine Harms,Corporate,United States,Bowling Green,Kentucky,42104,South,FUR-CH-10000988,Furniture,Chairs,Hon Olson Stacker Stools,140.81,1,0.0,39.4268,0
1923,CA-2016-156685,2016-07-08,2016-07-10,Second Class,SC-20230,Scot Coram,Corporate,United States,Arlington,Texas,76017,Central,TEC-PH-10004345,Technology,Phones,Cisco SPA 502G IP Phone,863.6400000000001,9,0.2,107.95499999999998,0
1924,CA-2016-156685,2016-07-08,2016-07-10,Second Class,SC-20230,Scot Coram,Corporate,United States,Arlington,Texas,76017,Central,OFF-AR-10000588,Office Supplies,Art,Newell 345,47.616,3,0.2,3.571200000000001,0
1987,CA-2016-147417,2016-07-25,2016-07-27,First Class,CB-12415,Christy Brittain,Consumer,United States,Columbus,Ohio,43229,East,TEC-CO-10001449,Technology,Copiers,Hewlett Packard LaserJet 3310 Copier,1439.9759999999999,4,0.4,191.9968,0
2046,CA-2016-131835,2016-07-17,2016-07-21,Standard Class,MC-17590,Matt Collister,Corporate,United States,Perth Amboy,New Jersey,8861,East,OFF-AP-10004487,Office Supplies,Appliances,Kensington 4 Outlet MasterPiece Compact Power Control Center,162.64,2,0.0,45.539199999999994,0
2071,CA-2016-146521,2016-07-21,2016-07-23,Second Class,CC-12610,Corey Catlett,Corporate,United States,Philadelphia,Pennsylvania,19134,East,OFF-BI-10000301,Office Supplies,Binders,GBC Instant Report Kit,1.9410000000000003,1,0.7,-1.294,0
2154,CA-2016-117282,2016-07-14,2016-07-18,Standard Class,DR-12880,Dan Reichenbach,Corporate,United States,New York City,New York,10009,East,OFF-BI-10004094,Office Supplies,Binders,GBC Standard Plastic Binding Systems Combs,14.16,2,0.2,5.133,0
2174,CA-2016-112025,2016-07-30,2016-08-04,Standard Class,LS-16975,Lindsay Shagiari,Home Office,United States,Houston,Texas,77070,Central,OFF-BI-10002353,Office Supplies,Binders,GBC VeloBind Cover Sets,9.263999999999998,3,0.8,-13.895999999999997,0
2187,CA-2016-101378,2016-07-14,2016-07-14,Same Day,RH-19600,Rob Haberlin,Consumer,United States,Huntsville,Alabama,35810,South,TEC-AC-10002345,Technology,Accessories,HP Standard 104 key PS/2 Keyboard,29.0,2,0.0,7.25,0
2238,CA-2016-122322,2016-07-15,2016-07-21,Standard Class,RH-19510,Rick Huthwaite,Home Office,United States,Provo,Utah,84604,West,OFF-SU-10000952,Office Supplies,Supplies,Fiskars Home & Office Scissors,44.400000000000006,5,0.0,12.432000000000002,0
2374,CA-2016-159940,2016-07-07,2016-07-11,Second Class,BF-11020,Barry Französisch,Corporate,United States,Aurora,Illinois,60505,Central,OFF-PA-10001609,Office Supplies,Paper,Tops Wirebound Message Log Books,23.688000000000002,9,0.2,7.698599999999999,0
3010,CA-2016-115525,2016-07-25,2016-07-29,Standard Class,RR-19525,Rick Reed,Corporate,United States,Toledo,Ohio,43615,East,OFF-AP-10000026,Office Supplies,Appliances,Tripp Lite Isotel 6 Outlet Surge Protector with Fax/Modem Protection,243.88000000000002,5,0.2,27.43649999999996,0
3111,CA-2016-121671,2016-07-17,2016-07-22,Standard Class,AA-10480,Andrew Allen,Consumer,United States,Springfield,Missouri,65807,Central,OFF-PA-10001934,Office Supplies,Paper,Xerox 1993,51.84,8,0.0,25.401600000000002,0
3445,CA-2016-116344,2016-07-29,2016-08-02,Standard Class,JO-15145,Jack O'Briant,Corporate,United States,Philadelphia,Pennsylvania,19140,East,OFF-ST-10001713,Office Supplies,Storage,"Gould Plastics 9-Pocket Panel Bin, 18-3/8w x 5-1/4d x 20-1/2h, Black",84.784,2,0.2,-16.956800000000005,0
3565,CA-2016-130029,2016-07-03,2016-07-06,First Class,GT-14755,Guy Thornton,Consumer,United States,Los Angeles,California,90049,West,OFF-PA-10000552,Office Supplies,Paper,Xerox 200,12.96,2,0.0,6.2208000000000006,0
3566,CA-2016-130029,2016-07-03,2016-07-06,First Class,GT-14755,Guy Thornton,Consumer,United States,Los Angeles,California,90049,West,OFF-FA-10001135,Office Supplies,Fasteners,"Brites Rubber Bands, 1 1/2 oz. Box",3.96,2,0.0,0.07920000000000016,0
3579,CA-2016-104157,2016-07-25,2016-07-29,Standard Class,MT-17815,Meg Tillman,Consumer,United States,Jackson,Mississippi,39212,South,OFF-ST-10000321,Office Supplies,Storage,Akro Stacking Bins,7.89,1,0.0,0.315599999999999,0
3661,CA-2016-161676,2016-07-18,2016-07-23,Standard Class,JP-15460,Jennifer Patt,Corporate,United States,Glendale,Arizona,85301,West,OFF-SU-10004782,Office Supplies,Supplies,"Elite 5"" Scissors",33.8,5,0.2,4.224999999999998,0
3815,CA-2016-152471,2016-07-08,2016-07-08,Same Day,ZD-21925,Zuschuss Donatelli,Consumer,United States,Jacksonville,Florida,32216,South,TEC-PH-10002824,Technology,Phones,Jabra SPEAK 410 Multidevice Speakerphone,823.9600000000002,5,0.2,51.497499999999974,0
3816,CA-2016-152471,2016-07-08,2016-07-08,Same Day,ZD-21925,Zuschuss Donatelli,Consumer,United States,Jacksonville,Florida,32216,South,OFF-PA-10004965,Office Supplies,Paper,Xerox 1921,15.984000000000002,2,0.2,4.994999999999999,0
3983,CA-2016-135265,2016-07-07,2016-07-09,Second Class,CC-12370,Christopher Conant,Consumer,United States,Los Angeles,California,90045,West,FUR-CH-10003061,Furniture,Chairs,"Global Leather Task Chair, Black",287.968,4,0.2,-3.599600000000052,0
3984,CA-2016-135265,2016-07-07,2016-07-09,Second Class,CC-12370,Christopher Conant,Consumer,United States,Los Angeles,California,90045,West,TEC-CO-10003763,Technology,Copiers,Canon PC1060 Personal Laser Copier,2799.9600000000005,5,0.2,944.9864999999999,0
4173,CA-2016-152163,2016-07-01,2016-07-01,Same Day,JF-15355,Jay Fein,Consumer,United States,Columbia,South Carolina,29203,South,OFF-BI-10002215,Office Supplies,Binders,"Wilson Jones Hanging View Binder, White, 1""",14.2,2,0.0,6.531999999999999,0
4174,CA-2016-152163,2016-07-01,2016-07-01,Same Day,JF-15355,Jay Fein,Consumer,United States,Columbia,South Carolina,29203,South,OFF-PA-10000788,Office Supplies,Paper,Xerox 210,12.96,2,0.0,6.2208000000000006,0
4175,CA-2016-152163,2016-07-01,2016-07-01,Same Day,JF-15355,Jay Fein,Consumer,United States,Columbia,South Carolina,29203,South,OFF-BI-10003364,Office Supplies,Binders,Binding Machine Supplies,58.34,2,0.0,28.0032,0
4441,US-2016-111290,2016-07-22,2016-07-26,Standard Class,DK-13375,Dennis Kane,Consumer,United States,Westland,Michigan,48185,Central,TEC-AC-10004975,Technology,Accessories,Plantronics Audio 995 Wireless Stereo Headset,109.95,1,0.0,36.283500000000004,0
4442,US-2016-111290,2016-07-22,2016-07-26,Standard Class,DK-13375,Dennis Kane,Consumer,United States,Westland,Michigan,48185,Central,OFF-ST-10001932,Office Supplies,Storage,Fellowes Staxonsteel Drawer Files,965.8499999999999,5,0.0,135.21900000000002,0
4443,US-2016-111290,2016-07-22,2016-07-26,Standard Class,DK-13375,Dennis Kane,Consumer,United States,Westland,Michigan,48185,Central,OFF-AR-10001761,Office Supplies,Art,Avery Hi-Liter Smear-Safe Highlighters,29.2,5,0.0,10.511999999999999,0
4444,US-2016-111290,2016-07-22,2016-07-26,Standard Class,DK-13375,Dennis Kane,Consumer,United States,Westland,Michigan,48185,Central,OFF-PA-10002262,Office Supplies,Paper,Xerox 192,32.400000000000006,5,0.0,15.552000000000001,0
4452,CA-2016-147137,2016-07-04,2016-07-06,First Class,AA-10645,Anna Andreadi,Consumer,United States,San Francisco,California,94109,West,FUR-FU-10000221,Furniture,Furnishings,"Master Caster Door Stop, Brown",25.4,5,0.0,8.636,0
4673,CA-2016-133550,2016-07-31,2016-08-06,Standard Class,KL-16645,Ken Lonsdale,Consumer,United States,Detroit,Michigan,48205,Central,TEC-PH-10004042,Technology,Phones,ClearOne Communications CHAT 70 OC Speaker Phone,635.96,4,0.0,165.3496,0
4674,CA-2016-133550,2016-07-31,2016-08-06,Standard Class,KL-16645,Ken Lonsdale,Consumer,United States,Detroit,Michigan,48205,Central,TEC-PH-10001079,Technology,Phones,Polycom SoundPoint Pro SE-225 Corded phone,118.99,1,0.0,33.3172,0
4682,CA-2016-169215,2016-07-14,2016-07-18,Second Class,RE-19450,Richard Eichhorn,Consumer,United States,Auburn,New York,13021,East,OFF-FA-10000936,Office Supplies,Fasteners,Acco Hot Clips Clips to Go,29.61,9,0.0,13.324499999999999,0
4730,CA-2016-124681,2016-07-18,2016-07-23,Second Class,SV-20935,Susan Vittorini,Consumer,United States,Dallas,Texas,75217,Central,TEC-AC-10000487,Technology,Accessories,SanDisk Cruzer 4 GB USB Flash Drive,15.576,3,0.2,3.3099,0
5244,CA-2016-149454,2016-07-25,2016-07-26,First Class,KM-16375,Katherine Murray,Home Office,United States,Arlington,Virginia,22204,South,OFF-BI-10003694,Office Supplies,Binders,"Avery 3 1/2"" Diskette Storage Pages, 10/Pack",10.44,1,0.0,4.8024,0
5446,CA-2016-128307,2016-07-25,2016-07-29,Standard Class,BE-11335,Bill Eplett,Home Office,United States,Houston,Texas,77041,Central,OFF-EN-10003040,Office Supplies,Envelopes,Quality Park Security Envelopes,20.936000000000003,1,0.2,7.0659,0
5453,CA-2016-140613,2016-07-22,2016-07-29,Standard Class,KN-16705,Kristina Nunn,Home Office,United States,Sparks,Nevada,89431,West,OFF-SU-10004261,Office Supplies,Supplies,"Fiskars 8"" Scissors, 2/Pack",86.19999999999999,5,0.0,24.997999999999987,0
5664,CA-2016-141957,2016-07-21,2016-07-21,Same Day,JG-15310,Jason Gross,Corporate,United States,Newark,Ohio,43055,East,OFF-AR-10000914,Office Supplies,Art,Boston 16765 Mini Stand Up Battery Pencil Sharpener,18.656000000000002,2,0.2,1.3992000000000013,0
5665,CA-2016-141957,2016-07-21,2016-07-21,Same Day,JG-15310,Jason Gross,Corporate,United States,Newark,Ohio,43055,East,OFF-BI-10001116,Office Supplies,Binders,"Wilson Jones 1"" Hanging DublLock Ring Binders",11.088000000000003,7,0.7,-8.1312,0
5667,CA-2016-141957,2016-07-21,2016-07-21,Same Day,JG-15310,Jason Gross,Corporate,United States,Newark,Ohio,43055,East,OFF-ST-10004340,Office Supplies,Storage,"Fellowes Mobile File Cart, Black",99.488,2,0.2,8.705200000000005,0
5679,CA-2016-143924,2016-07-28,2016-08-03,Standard Class,SC-20680,Steve Carroll,Home Office,United States,Holland,Michigan,49423,Central,OFF-FA-10000735,Office Supplies,Fasteners,Staples,20.439999999999998,7,0.0,9.197999999999999,0
5834,CA-2016-142895,2016-07-21,2016-07-26,Standard Class,BP-11290,Beth Paige,Consumer,United States,Concord,North Carolina,28027,South,FUR-CH-10002961,Furniture,Chairs,"Leather Task Chair, Black",363.92,5,0.2,0.0,0
5938,CA-2016-103107,2016-07-04,2016-07-04,Same Day,RB-19465,Rick Bensley,Home Office,United States,Seattle,Washington,98103,West,TEC-PH-10002564,Technology,Phones,OtterBox Defender Series Case - Samsung Galaxy S4,71.976,3,0.2,8.99699999999999,0
5985,CA-2016-163776,2016-07-19,2016-07-25,Standard Class,JS-16030,Joy Smith,Consumer,United States,Hattiesburg,Mississippi,39401,South,FUR-FU-10001185,Furniture,Furnishings,"Advantus Employee of the Month Certificate Frame, 11 x 13-1/2",185.57999999999998,6,0.0,76.0878,0
5989,CA-2016-163776,2016-07-19,2016-07-25,Standard Class,JS-16030,Joy Smith,Consumer,United States,Hattiesburg,Mississippi,39401,South,OFF-BI-10000404,Office Supplies,Binders,Avery Printable Repositionable Plastic Tabs,8.6,1,0.0,4.042,0
5990,CA-2016-163776,2016-07-19,2016-07-25,Standard Class,JS-16030,Joy Smith,Consumer,United States,Hattiesburg,Mississippi,39401,South,FUR-BO-10003546,Furniture,Bookcases,Hon 4-Shelf Metal Bookcases,504.90000000000003,5,0.0,126.22500000000002,0
6274,US-2016-139087,2016-07-17,2016-07-22,Second Class,DK-13375,Dennis Kane,Consumer,United States,Seattle,Washington,98105,West,FUR-FU-10001847,Furniture,Furnishings,Eldon Image Series Black Desk Accessories,12.419999999999998,3,0.0,4.4712,0
6278,US-2016-139087,2016-07-17,2016-07-22,Second Class,DK-13375,Dennis Kane,Consumer,United States,Seattle,Washington,98105,West,OFF-ST-10000604,Office Supplies,Storage,Home/Office Personal File Carts,69.52,2,0.0,17.379999999999995,0
6279,US-2016-139087,2016-07-17,2016-07-22,Second Class,DK-13375,Dennis Kane,Consumer,United States,Seattle,Washington,98105,West,TEC-PH-10000148,Technology,Phones,Cyber Acoustics AC-202b Speech Recognition Stereo Headset,20.784000000000002,2,0.2,-4.6764,0
6280,US-2016-139087,2016-07-17,2016-07-22,Second Class,DK-13375,Dennis Kane,Consumer,United States,Seattle,Washington,98105,West,OFF-BI-10000042,Office Supplies,Binders,"Pressboard Data Binder, Crimson, 12"" X 8 1/2""",12.816,3,0.2,4.165199999999999,0
6525,CA-2016-129308,2016-07-07,2016-07-13,Standard Class,CC-12100,Chad Cunningham,Home Office,United States,Philadelphia,Pennsylvania,19120,East,TEC-PH-10002310,Technology,Phones,Panasonic KX T7731-B Digital phone,59.99399999999999,1,0.4,-12.998700000000007,0
6560,CA-2016-160941,2016-07-21,2016-07-26,Standard Class,DK-12835,Damala Kotsonis,Corporate,United States,Roseville,California,95661,West,OFF-EN-10003001,Office Supplies,Envelopes,Ames Color-File Green Diamond Border X-ray Mailers,419.90000000000003,5,0.0,197.35299999999998,0
6561,CA-2016-160941,2016-07-21,2016-07-26,Standard Class,DK-12835,Damala Kotsonis,Corporate,United States,Roseville,California,95661,West,OFF-LA-10003766,Office Supplies,Labels,Self-Adhesive Removable Labels,3.15,1,0.0,1.512,0
6927,CA-2016-140046,2016-07-28,2016-08-03,Standard Class,KM-16660,Khloe Miller,Consumer,United States,Los Angeles,California,90032,West,OFF-LA-10000305,Office Supplies,Labels,Avery 495,18.9,3,0.0,8.693999999999999,0
6957,CA-2016-157588,2016-07-14,2016-07-19,Standard Class,AR-10570,Anemone Ratner,Consumer,United States,Columbus,Georgia,31907,South,OFF-BI-10003963,Office Supplies,Binders,Cardinal Holdit Data Disk Pockets,36.4,5,0.0,17.107999999999997,0
6966,CA-2016-157161,2016-07-16,2016-07-20,Second Class,JD-15895,Jonathan Doherty,Corporate,United States,Columbia,South Carolina,29203,South,TEC-AC-10000358,Technology,Accessories,Imation Secure Drive + Hardware Encrypted USB flash drive - 16 GB,75.98,2,0.0,18.2352,0
6968,CA-2016-157161,2016-07-16,2016-07-20,Second Class,JD-15895,Jonathan Doherty,Corporate,United States,Columbia,South Carolina,29203,South,OFF-PA-10001461,Office Supplies,Paper,HP Office Paper (20Lb. and 87 Bright),60.12,9,0.0,28.857599999999998,0
7072,CA-2016-112256,2016-07-23,2016-07-28,Standard Class,CK-12205,Chloris Kastensmidt,Consumer,United States,Mcallen,Texas,78501,Central,OFF-AR-10001216,Office Supplies,Art,Newell 339,4.4479999999999995,2,0.2,0.3335999999999999,0
7075,CA-2016-112256,2016-07-23,2016-07-28,Standard Class,CK-12205,Chloris Kastensmidt,Consumer,United States,Mcallen,Texas,78501,Central,OFF-BI-10004364,Office Supplies,Binders,Storex Dura Pro Binders,4.751999999999999,4,0.8,-8.316000000000003,0
7224,CA-2016-109953,2016-07-14,2016-07-18,Standard Class,RB-19360,Raymond Buch,Consumer,United States,San Francisco,California,94122,West,TEC-PH-10004093,Technology,Phones,Panasonic Kx-TS550,110.376,3,0.2,12.417299999999997,0
7225,CA-2016-109953,2016-07-14,2016-07-18,Standard Class,RB-19360,Raymond Buch,Consumer,United States,San Francisco,California,94122,West,OFF-AP-10002998,Office Supplies,Appliances,Holmes 99% HEPA Air Purifier,151.62,7,0.0,50.03459999999999,0
7226,CA-2016-109953,2016-07-14,2016-07-18,Standard Class,RB-19360,Raymond Buch,Consumer,United States,San Francisco,California,94122,West,FUR-FU-10000073,Furniture,Furnishings,Deflect-O Glasstique Clear Desk Accessories,30.8,4,0.0,10.163999999999998,0
7455,CA-2016-137743,2016-07-30,2016-08-04,Standard Class,KH-16360,Katherine Hughes,Consumer,United States,Chicago,Illinois,60623,Central,OFF-LA-10003663,Office Supplies,Labels,Avery 498,9.248000000000001,4,0.2,3.1212,0
7456,CA-2016-137743,2016-07-30,2016-08-04,Standard Class,KH-16360,Katherine Hughes,Consumer,United States,Chicago,Illinois,60623,Central,OFF-ST-10001780,Office Supplies,Storage,Tennsco 16-Compartment Lockers with Coat Rack,1036.624,2,0.2,51.831200000000024,0
7604,CA-2016-152520,2016-07-08,2016-07-12,Standard Class,TH-21115,Thea Hudgings,Corporate,United States,Providence,Rhode Island,2908,East,OFF-PA-10000289,Office Supplies,Paper,Xerox 213,12.96,2,0.0,6.2208000000000006,0
7842,CA-2016-116603,2016-07-17,2016-07-22,Standard Class,AT-10735,Annie Thurman,Consumer,United States,New York City,New York,10024,East,OFF-AP-10002892,Office Supplies,Appliances,Belkin F5C206VTEL 6 Outlet Surge,45.96,2,0.0,13.787999999999997,0
7908,CA-2016-112585,2016-07-30,2016-08-02,First Class,RW-19630,Rob Williams,Corporate,United States,San Francisco,California,94122,West,OFF-AP-10003849,Office Supplies,Appliances,Hoover Shoulder Vac Commercial Portable Vacuum,715.64,2,0.0,178.90999999999997,0
7932,US-2016-168095,2016-07-15,2016-07-20,Standard Class,MC-17425,Mark Cousins,Corporate,United States,Portland,Oregon,97206,West,FUR-CH-10004886,Furniture,Chairs,Bevis Steel Folding Chairs,230.28000000000003,3,0.2,23.02799999999999,0
8140,CA-2016-102561,2016-07-18,2016-07-22,Standard Class,NK-18490,Neil Knudson,Home Office,United States,Philadelphia,Pennsylvania,19140,East,OFF-ST-10001476,Office Supplies,Storage,Steel Personal Filing/Posting Tote,284.08000000000004,10,0.2,24.857,0
8141,CA-2016-102561,2016-07-18,2016-07-22,Standard Class,NK-18490,Neil Knudson,Home Office,United States,Philadelphia,Pennsylvania,19140,East,OFF-PA-10004971,Office Supplies,Paper,Xerox 196,18.496000000000002,4,0.2,6.7048000000000005,0
8337,CA-2016-101469,2016-07-02,2016-07-08,Standard Class,KH-16360,Katherine Hughes,Consumer,United States,Arlington,Virginia,22204,South,OFF-AR-10003986,Office Supplies,Art,Avery Hi-Liter Pen Style Six-Color Fluorescent Set,7.7,2,0.0,3.157,0
8632,CA-2016-107783,2016-07-28,2016-07-29,First Class,OT-18730,Olvera Toch,Consumer,United States,Bethlehem,Pennsylvania,18018,East,FUR-BO-10004409,Furniture,Bookcases,"Safco Value Mate Series Steel Bookcases, Baked Enamel Finish on Steel, Gray",177.45000000000002,5,0.5,-78.078,0
8633,CA-2016-107783,2016-07-28,2016-07-29,First Class,OT-18730,Olvera Toch,Consumer,United States,Bethlehem,Pennsylvania,18018,East,OFF-BI-10000545,Office Supplies,Binders,GBC Ibimaster 500 Manual ProClick Binding System,1369.7640000000001,6,0.7,-913.1759999999999,0
8705,CA-2016-111318,2016-07-23,2016-07-26,First Class,IL-15100,Ivan Liston,Consumer,United States,Houston,Texas,77041,Central,TEC-PH-10004100,Technology,Phones,Griffin GC17055 Auxiliary Audio Cable,115.136,8,0.2,11.513600000000004,0
8741,CA-2016-102498,2016-07-24,2016-07-25,First Class,JG-15160,James Galang,Consumer,United States,Lafayette,Louisiana,70506,South,OFF-AR-10004456,Office Supplies,Art,Panasonic KP-4ABK Battery-Operated Pencil Sharpener,73.2,5,0.0,21.227999999999998,0
8758,CA-2016-114307,2016-07-22,2016-07-26,Standard Class,MF-17665,Maureen Fritzler,Corporate,United States,Columbia,Maryland,21044,East,OFF-PA-10004100,Office Supplies,Paper,Xerox 216,51.84,8,0.0,24.883200000000002,0
8760,CA-2016-114307,2016-07-22,2016-07-26,Standard Class,MF-17665,Maureen Fritzler,Corporate,United States,Columbia,Maryland,21044,East,OFF-BI-10002012,Office Supplies,Binders,Wilson Jones Easy Flow II Sheet Lifters,5.4,3,0.0,2.592,0
8777,CA-2016-102813,2016-07-02,2016-07-03,First Class,EA-14035,Erin Ashbrook,Corporate,United States,Huntsville,Texas,77340,Central,FUR-CH-10000665,Furniture,Chairs,"Global Airflow Leather Mesh Back Chair, Black",528.43,5,0.3,0.0,0
8798,CA-2016-106397,2016-07-07,2016-07-13,Standard Class,MJ-17740,Max Jones,Consumer,United States,Orem,Utah,84057,West,OFF-AR-10004602,Office Supplies,Art,Boston KS Multi-Size Manual Pencil Sharpener,45.98,2,0.0,12.874400000000001,0
8905,US-2016-126431,2016-07-01,2016-07-01,Same Day,SU-20665,Stephanie Ulpright,Home Office,United States,New York City,New York,10009,East,OFF-LA-10001474,Office Supplies,Labels,Avery 477,30.53,1,0.0,14.043800000000001,0
8907,US-2016-126431,2016-07-01,2016-07-01,Same Day,SU-20665,Stephanie Ulpright,Home Office,United States,New York City,New York,10009,East,OFF-PA-10001950,Office Supplies,Paper,Southworth 25% Cotton Antique Laid Paper & Envelopes,75.06,9,0.0,33.776999999999994,0
9592,US-2016-105452,2016-07-28,2016-08-01,Standard Class,BF-11005,Barry Franz,Home Office,United States,Pasadena,Texas,77506,Central,FUR-FU-10003691,Furniture,Furnishings,"Eldon Image Series Desk Accessories, Ebony",24.700000000000003,5,0.6,-9.879999999999995,0
9593,US-2016-105452,2016-07-28,2016-08-01,Standard Class,BF-11005,Barry Franz,Home Office,United States,Pasadena,Texas,77506,Central,FUR-FU-10003806,Furniture,Furnishings,"Tenex Chairmat w/ Average Lip, 45"" x 53""",302.72,5,0.6,-378.4000000000001,0
9891,US-2016-115441,2016-07-25,2016-07-28,Second Class,SH-19975,Sally Hughsby,Corporate,United States,Milwaukee,Wisconsin,53209,Central,OFF-PA-10004996,Office Supplies,Paper,"Speediset Carbonless Redi-Letter 7"" x 8 1/2""",20.62,2,0.0,9.6914,0
9893,US-2016-115441,2016-07-25,2016-07-28,Second Class,SH-19975,Sally Hughsby,Corporate,United States,Milwaukee,Wisconsin,53209,Central,TEC-PH-10002262,Technology,Phones,LG Electronics Tone+ HBS-730 Bluetooth Headset,297.55,5,0.0,83.31400000000002,0
9894,US-2016-115441,2016-07-25,2016-07-28,Second Class,SH-19975,Sally Hughsby,Corporate,United States,Milwaukee,Wisconsin,53209,Central,FUR-CH-10004626,Furniture,Chairs,Office Star Flex Back Scooter Chair with Aluminum Finish Frame,403.56,4,0.0,96.8544,0
9895,US-2016-115441,2016-07-25,2016-07-28,Second Class,SH-19975,Sally Hughsby,Corporate,United States,Milwaukee,Wisconsin,53209,Central,FUR-FU-10001756,Furniture,Furnishings,"Eldon Expressions Desk Accessory, Wood Photo Frame, Mahogany",95.19999999999999,5,0.0,27.60799999999999,0
