Row ID,Order ID,Order Date,Ship Date,Ship Mode,Customer ID,Customer Name,Segment,Country,City,State,Postal Code,Region,Product ID,Category,Sub-Category,Product Name,Sales,Quantity,Discount,Profit,Data_origen
48,CA-2016-169194,2016-06-20,2016-06-25,Standard Class,LH-16900,Lena Hernandez,Consumer,United States,Dover,Delaware,19901,East,TEC-AC-10002167,Technology,Accessories,Imation 8gb Micro Traveldrive Usb 2.0 Flash Drive,45.0,3,0.0,4.950000000000001,0
49,CA-2016-169194,2016-06-20,2016-06-25,Standard Class,LH-16900,Lena Hernandez,Consumer,United States,Dover,Delaware,19901,East,TEC-PH-10003988,Technology,Phones,"LF Elite 3D Dazzle Designer Hard Case Cover, Lf Stylus Pen and Wiper For Apple Iphone 5c Mini Lite",21.8,2,0.0,6.104000000000001,0
57,CA-2016-111682,2016-06-17,2016-06-18,First Class,TB-21055,Ted Butterfield,Consumer,United States,Troy,New York,12180,East,OFF-PA-10001569,Office Supplies,Paper,Xerox 232,32.400000000000006,5,0.0,15.552000000000001,0
59,CA-2016-111682,2016-06-17,2016-06-18,First Class,TB-21055,Ted Butterfield,Consumer,United States,Troy,New York,12180,East,OFF-PA-10000587,Office Supplies,Paper,"Array Parchment Paper, Assorted Colors",14.56,2,0.0,6.9888,0
60,CA-2016-111682,2016-06-17,2016-06-18,First Class,TB-21055,Ted Butterfield,Consumer,United States,Troy,New York,12180,East,TEC-AC-10002167,Technology,Accessories,Imation 8gb Micro Traveldrive Usb 2.0 Flash Drive,30.0,2,0.0,3.3000000000000007,0
70,CA-2016-119823,2016-06-04,2016-06-06,First Class,KD-16270,Karen Daniels,Consumer,United States,Springfield,Virginia,22153,South,OFF-PA-10000482,Office Supplies,Paper,"Snap-A-Way Black Print Carbonless Ruled Speed Letter, Triplicate",75.88,2,0.0,35.663599999999995,0
80,CA-2016-127208,2016-06-12,2016-06-15,First Class,SC-20770,Stewart Carmichael,Corporate,United States,Decatur,Alabama,35601,South,OFF-AP-10002118,Office Supplies,Appliances,"1.7 Cubic Foot Compact ""Cube"" Office Refrigerators",208.16,1,0.0,56.20320000000001,0
239,CA-2016-157749,2016-06-04,2016-06-09,Second Class,KL-16645,Ken Lonsdale,Consumer,United States,Chicago,Illinois,60610,Central,FUR-FU-10000576,Furniture,Furnishings,Luxo Professional Fluorescent Magnifier Lamp with Clamp-Mount Base,419.68000000000006,5,0.6,-356.72799999999995,0
240,CA-2016-157749,2016-06-04,2016-06-09,Second Class,KL-16645,Ken Lonsdale,Consumer,United States,Chicago,Illinois,60610,Central,FUR-FU-10004351,Furniture,Furnishings,Staple-based wall hangings,11.688,3,0.6,-4.6751999999999985,0
265,CA-2016-125318,2016-06-06,2016-06-13,Standard Class,RC-19825,Roy Collins,Consumer,United States,Chicago,Illinois,60610,Central,TEC-PH-10001433,Technology,Phones,Cisco Small Business SPA 502G VoIP phone,328.224,4,0.2,28.7196,0
434,CA-2016-127369,2016-06-06,2016-06-07,First Class,DB-13060,Dave Brooks,Consumer,United States,Lowell,Massachusetts,1852,East,OFF-ST-10003306,Office Supplies,Storage,Letter Size Cart,714.3000000000001,5,0.0,207.14699999999993,0
437,CA-2016-147375,2016-06-12,2016-06-14,Second Class,PO-19180,Philisse Overcash,Home Office,United States,Chicago,Illinois,60623,Central,TEC-MA-10002937,Technology,Machines,"Canon Color ImageCLASS MF8580Cdw Wireless Laser All-In-One Printer, Copier, Scanner",1007.979,3,0.3,43.199100000000044,0
438,CA-2016-147375,2016-06-12,2016-06-14,Second Class,PO-19180,Philisse Overcash,Home Office,United States,Chicago,Illinois,60623,Central,OFF-PA-10001970,Office Supplies,Paper,Xerox 1908,313.488,7,0.2,113.63939999999998,0
480,CA-2016-100790,2016-06-26,2016-07-02,Standard Class,JG-15805,John Grady,Corporate,United States,New York City,New York,10024,East,OFF-AR-10003045,Office Supplies,Art,Prang Colored Pencils,14.7,5,0.0,6.615,0
558,CA-2016-113243,2016-06-10,2016-06-15,Standard Class,OT-18730,Olvera Toch,Consumer,United States,Los Angeles,California,90045,West,FUR-TA-10004256,Furniture,Tables,Bretford “Just In Time” Height-Adjustable Multi-Task Work Tables,1335.68,4,0.2,-217.04800000000017,0
559,CA-2016-113243,2016-06-10,2016-06-15,Standard Class,OT-18730,Olvera Toch,Consumer,United States,Los Angeles,California,90045,West,OFF-PA-10003441,Office Supplies,Paper,Xerox 226,32.400000000000006,5,0.0,15.552000000000001,0
852,CA-2016-152534,2016-06-20,2016-06-25,Second Class,DP-13105,Dave Poirier,Corporate,United States,Salinas,California,93905,West,OFF-PA-10001870,Office Supplies,Paper,Xerox 202,38.88,6,0.0,18.6624,0
936,CA-2016-140081,2016-06-20,2016-06-24,Standard Class,CG-12040,Catherine Glotzbach,Home Office,United States,Philadelphia,Pennsylvania,19120,East,OFF-PA-10001870,Office Supplies,Paper,Xerox 202,15.552000000000003,3,0.2,5.4432,0
1100,CA-2016-107216,2016-06-14,2016-06-17,First Class,PV-18985,Paul Van Hugh,Home Office,United States,San Francisco,California,94122,West,FUR-FU-10000206,Furniture,Furnishings,"GE General Purpose, Extra Long Life, Showcase & Floodlight Incandescent Bulbs",8.73,3,0.0,4.1030999999999995,0
1101,CA-2016-107216,2016-06-14,2016-06-17,First Class,PV-18985,Paul Van Hugh,Home Office,United States,San Francisco,California,94122,West,TEC-AC-10001013,Technology,Accessories,Logitech ClearChat Comfort/USB Headset H390,29.29,1,0.0,9.665699999999998,0
1102,CA-2016-107216,2016-06-14,2016-06-17,First Class,PV-18985,Paul Van Hugh,Home Office,United States,San Francisco,California,94122,West,OFF-AR-10002255,Office Supplies,Art,Newell 346,8.64,3,0.0,2.5056,0
1286,CA-2016-119445,2016-06-26,2016-07-03,Standard Class,GM-14500,Gene McClure,Consumer,United States,Providence,Rhode Island,2908,East,OFF-ST-10000617,Office Supplies,Storage,Woodgrain Magazine Files by Perma,14.9,5,0.0,1.0429999999999984,0
1307,CA-2016-141397,2016-06-20,2016-06-21,First Class,RC-19825,Roy Collins,Consumer,United States,Pasadena,California,91104,West,OFF-PA-10002986,Office Supplies,Paper,Xerox 1898,46.76,7,0.0,22.4448,0
1309,CA-2016-141397,2016-06-20,2016-06-21,First Class,RC-19825,Roy Collins,Consumer,United States,Pasadena,California,91104,West,OFF-AP-10003971,Office Supplies,Appliances,Belkin 6 Outlet Metallic Surge Strip,21.78,2,0.0,5.662800000000001,0
1310,CA-2016-141397,2016-06-20,2016-06-21,First Class,RC-19825,Roy Collins,Consumer,United States,Pasadena,California,91104,West,OFF-ST-10001469,Office Supplies,Storage,Fellowes Bankers Box Recycled Super Stor/Drawer,161.94,3,0.0,9.716399999999993,0
1311,CA-2016-141397,2016-06-20,2016-06-21,First Class,RC-19825,Roy Collins,Consumer,United States,Pasadena,California,91104,West,FUR-CH-10003846,Furniture,Chairs,Hon Valutask Swivel Chairs,161.568,2,0.2,-8.078399999999995,0
1552,CA-2016-159345,2016-06-17,2016-06-22,Standard Class,IG-15085,Ivan Gibson,Consumer,United States,San Diego,California,92024,West,OFF-PA-10000806,Office Supplies,Paper,Xerox 1934,111.96,2,0.0,54.8604,0
1694,US-2016-158708,2016-06-26,2016-06-29,Second Class,AB-10255,Alejandro Ballentine,Home Office,United States,Plano,Texas,75023,Central,TEC-AC-10003133,Technology,Accessories,Memorex Mini Travel Drive 4 GB USB 2.0 Flash Drive,13.616,2,0.2,3.574200000000001,0
1901,CA-2016-140543,2016-06-29,2016-07-03,Second Class,Co-12640,Corey-Lock,Consumer,United States,Florence,South Carolina,29501,South,OFF-ST-10000563,Office Supplies,Storage,Fellowes Bankers Box Stor/Drawer Steel Plus,191.88,6,0.0,19.188000000000002,0
1927,US-2016-139710,2016-06-09,2016-06-15,Standard Class,GM-14680,Greg Matthias,Consumer,United States,Los Angeles,California,90045,West,TEC-PH-10001198,Technology,Phones,Avaya 4621SW VoIP phone,177.48000000000002,3,0.2,19.966499999999982,0
2086,CA-2016-140501,2016-06-23,2016-06-28,Standard Class,IM-15070,Irene Maddox,Consumer,United States,New York City,New York,10009,East,OFF-LA-10000248,Office Supplies,Labels,Avery 52,18.45,5,0.0,8.6715,0
2087,CA-2016-140501,2016-06-23,2016-06-28,Standard Class,IM-15070,Irene Maddox,Consumer,United States,New York City,New York,10009,East,OFF-ST-10000060,Office Supplies,Storage,Fellowes Bankers Box Staxonsteel Drawer File/Stacking System,324.90000000000003,5,0.0,38.988000000000014,0
2089,CA-2016-140501,2016-06-23,2016-06-28,Standard Class,IM-15070,Irene Maddox,Consumer,United States,New York City,New York,10009,East,OFF-FA-10004076,Office Supplies,Fasteners,Translucent Push Pins by OIC,3.96,2,0.0,1.4651999999999998,0
2146,US-2016-152051,2016-06-25,2016-06-29,Standard Class,TS-21160,Theresa Swint,Corporate,United States,York,Pennsylvania,17403,East,FUR-CH-10002965,Furniture,Chairs,"Global Leather Highback Executive Chair with Pneumatic Height Adjustment, Black",422.05799999999994,3,0.3,-18.0882,0
2147,US-2016-152051,2016-06-25,2016-06-29,Standard Class,TS-21160,Theresa Swint,Corporate,United States,York,Pennsylvania,17403,East,OFF-BI-10004781,Office Supplies,Binders,GBC Wire Binding Strips,38.088,4,0.7,-27.93119999999999,0
2429,CA-2016-169922,2016-06-11,2016-06-17,Standard Class,MZ-17515,Mary Zewe,Corporate,United States,Arlington,Texas,76017,Central,OFF-BI-10001617,Office Supplies,Binders,GBC Wire Binding Combs,8.271999999999998,4,0.8,-13.648800000000001,0
2603,CA-2016-165848,2016-06-04,2016-06-04,Same Day,EN-13780,Edward Nazzal,Consumer,United States,New York City,New York,10035,East,TEC-MA-10003356,Technology,Machines,Panasonic KX MC6040 Color Laser Multifunction Printer,1349.85,3,0.0,364.45949999999993,0
2604,CA-2016-165848,2016-06-04,2016-06-04,Same Day,EN-13780,Edward Nazzal,Consumer,United States,New York City,New York,10035,East,FUR-BO-10000362,Furniture,Bookcases,Sauder Inglewood Library Bookcases,136.784,1,0.2,5.129400000000004,0
2605,CA-2016-165848,2016-06-04,2016-06-04,Same Day,EN-13780,Edward Nazzal,Consumer,United States,New York City,New York,10035,East,FUR-FU-10003878,Furniture,Furnishings,"Linden 10"" Round Wall Clock, Black",61.12,4,0.0,20.7808,0
2903,CA-2016-164035,2016-06-12,2016-06-17,Standard Class,CR-12730,Craig Reiter,Consumer,United States,Chicago,Illinois,60610,Central,OFF-PA-10002160,Office Supplies,Paper,Xerox 1978,23.120000000000005,5,0.2,8.381,0
3529,CA-2016-130680,2016-06-24,2016-06-29,Standard Class,BD-11320,Bill Donatelli,Consumer,United States,San Diego,California,92024,West,TEC-PH-10004833,Technology,Phones,Macally Suction Cup Mount,38.24,4,0.2,-9.56,0
3727,CA-2016-165169,2016-06-05,2016-06-11,Standard Class,JL-15235,Janet Lee,Consumer,United States,Newark,Delaware,19711,East,OFF-ST-10001496,Office Supplies,Storage,Standard Rollaway File with Lock,360.38,2,0.0,93.6988,0
3957,CA-2016-114951,2016-06-26,2016-07-03,Standard Class,DN-13690,Duane Noonan,Consumer,United States,San Francisco,California,94109,West,FUR-FU-10002364,Furniture,Furnishings,"Eldon Expressions Wood Desk Accessories, Oak",22.14,3,0.0,6.420599999999998,0
4142,CA-2016-136287,2016-06-13,2016-06-17,Standard Class,SS-20590,Sonia Sunley,Consumer,United States,Wichita,Kansas,67212,Central,OFF-LA-10003148,Office Supplies,Labels,Avery 51,18.9,3,0.0,8.693999999999999,0
4179,CA-2016-148593,2016-06-16,2016-06-18,Second Class,BD-11320,Bill Donatelli,Consumer,United States,Los Angeles,California,90045,West,OFF-PA-10001776,Office Supplies,Paper,"Wirebound Message Books, Four 2 3/4"" x 5"" Forms per Page, 600 Sets per Book",46.349999999999994,5,0.0,21.784499999999998,0
4307,CA-2016-161095,2016-06-28,2016-06-28,Same Day,CS-12250,Chris Selesnick,Corporate,United States,Los Angeles,California,90032,West,OFF-BI-10002764,Office Supplies,Binders,Recycled Pressboard Report Cover with Reinforced Top Hinge,7.752000000000001,3,0.2,2.8101,0
5085,CA-2016-108350,2016-06-06,2016-06-09,Second Class,SC-20230,Scot Coram,Corporate,United States,Lowell,Massachusetts,1852,East,OFF-PA-10003656,Office Supplies,Paper,Xerox 1935,105.52,4,0.0,48.539199999999994,0
5227,CA-2016-119865,2016-06-21,2016-06-26,Standard Class,AS-10090,Adam Shillingsburg,Consumer,United States,New York City,New York,10011,East,OFF-BI-10003007,Office Supplies,Binders,"Premium Transparent Presentation Covers, No Pattern/Clear, 8 1/2"" x 11""",186.144,6,0.2,60.49679999999999,0
5228,CA-2016-119865,2016-06-21,2016-06-26,Standard Class,AS-10090,Adam Shillingsburg,Consumer,United States,New York City,New York,10011,East,FUR-BO-10003272,Furniture,Bookcases,O'Sullivan Living Dimensions 5-Shelf Bookcases,353.568,2,0.2,-44.196000000000026,0
5532,US-2016-167472,2016-06-06,2016-06-07,First Class,CK-12595,Clytie Kelty,Consumer,United States,Little Rock,Arkansas,72209,South,TEC-AC-10001109,Technology,Accessories,Logitech Trackman Marble Mouse,179.94,6,0.0,75.57480000000001,0
5538,US-2016-167472,2016-06-06,2016-06-07,First Class,CK-12595,Clytie Kelty,Consumer,United States,Little Rock,Arkansas,72209,South,OFF-PA-10001534,Office Supplies,Paper,Xerox 230,12.96,2,0.0,6.2208000000000006,0
5668,CA-2016-142405,2016-06-11,2016-06-15,Standard Class,SE-20110,Sanjit Engle,Consumer,United States,Seattle,Washington,98103,West,OFF-LA-10004093,Office Supplies,Labels,Avery 486,14.62,2,0.0,6.8713999999999995,0
5669,CA-2016-142405,2016-06-11,2016-06-15,Standard Class,SE-20110,Sanjit Engle,Consumer,United States,Seattle,Washington,98103,West,OFF-BI-10004728,Office Supplies,Binders,Wilson Jones Turn Tabs Binder Tool for Ring Binders,53.984,14,0.2,17.544800000000002,0
6149,CA-2016-161928,2016-06-27,2016-06-29,Second Class,AC-10660,Anna Chung,Consumer,United States,San Francisco,California,94109,West,TEC-PH-10003484,Technology,Phones,Ooma Telo VoIP Home Phone System,201.584,2,0.2,12.599000000000004,0
6506,CA-2016-152331,2016-06-26,2016-06-30,Standard Class,LD-16855,Lela Donovan,Corporate,United States,Chicago,Illinois,60653,Central,OFF-AR-10001547,Office Supplies,Art,Newell 311,5.304,3,0.2,0.46409999999999996,0
6594,CA-2016-126795,2016-06-13,2016-06-16,Second Class,GT-14710,Greg Tran,Consumer,United States,New York City,New York,10024,East,OFF-BI-10001989,Office Supplies,Binders,Premium Transparent Presentation Covers by GBC,33.568000000000005,2,0.2,11.748799999999997,0
6616,CA-2016-123512,2016-06-17,2016-06-19,First Class,MV-18190,Mike Vittorini,Consumer,United States,Los Angeles,California,90045,West,FUR-BO-10004218,Furniture,Bookcases,"Bush Heritage Pine Collection 5-Shelf Bookcase, Albany Pine Finish, *Special Order",239.66599999999997,2,0.15,14.097999999999999,0
6617,CA-2016-123512,2016-06-17,2016-06-19,First Class,MV-18190,Mike Vittorini,Consumer,United States,Los Angeles,California,90045,West,OFF-LA-10000081,Office Supplies,Labels,Avery 496,22.5,6,0.0,10.799999999999999,0
6618,CA-2016-123512,2016-06-17,2016-06-19,First Class,MV-18190,Mike Vittorini,Consumer,United States,Los Angeles,California,90045,West,OFF-PA-10001497,Office Supplies,Paper,Xerox 1914,219.84,4,0.0,107.7216,0
6751,CA-2016-154767,2016-06-28,2016-06-30,Second Class,BP-11155,Becky Pak,Consumer,United States,Paterson,New Jersey,7501,East,FUR-CH-10003535,Furniture,Chairs,"Global Armless Task Chair, Royal Blue",121.96,2,0.0,20.733199999999997,0
6752,CA-2016-154767,2016-06-28,2016-06-30,Second Class,BP-11155,Becky Pak,Consumer,United States,Paterson,New Jersey,7501,East,OFF-AP-10000595,Office Supplies,Appliances,Disposable Triple-Filter Dust Bags,8.74,2,0.0,2.2724,0
6753,CA-2016-154767,2016-06-28,2016-06-30,Second Class,BP-11155,Becky Pak,Consumer,United States,Paterson,New Jersey,7501,East,OFF-PA-10003039,Office Supplies,Paper,Xerox 1960,61.96,2,0.0,27.881999999999998,0
6849,US-2016-163461,2016-06-18,2016-06-21,First Class,BT-11440,Bobby Trafton,Consumer,United States,Frankfort,Illinois,60423,Central,OFF-PA-10003134,Office Supplies,Paper,Xerox 1937,76.864,2,0.2,26.902399999999993,0
6930,CA-2016-140382,2016-06-23,2016-06-25,Second Class,RD-19900,Ruben Dartt,Consumer,United States,San Francisco,California,94109,West,TEC-PH-10003012,Technology,Phones,Nortel Meridian M3904 Professional Digital phone,862.344,7,0.2,97.01369999999986,0
6931,CA-2016-140382,2016-06-23,2016-06-25,Second Class,RD-19900,Ruben Dartt,Consumer,United States,San Francisco,California,94109,West,OFF-PA-10001019,Office Supplies,Paper,Xerox 1884,19.98,1,0.0,9.3906,0
7019,US-2016-154256,2016-06-23,2016-06-27,Second Class,SM-20005,Sally Matthias,Consumer,United States,New York City,New York,10035,East,OFF-LA-10003720,Office Supplies,Labels,Avery 487,25.83,7,0.0,12.1401,0
7148,CA-2016-139941,2016-06-12,2016-06-17,Standard Class,CB-12415,Christy Brittain,Consumer,United States,Long Beach,New York,11561,East,OFF-PA-10000241,Office Supplies,Paper,"IBM Multi-Purpose Copy Paper, 8 1/2 x 11"", Case",92.94,3,0.0,41.82299999999999,0
7149,CA-2016-139941,2016-06-12,2016-06-17,Standard Class,CB-12415,Christy Brittain,Consumer,United States,Long Beach,New York,11561,East,OFF-AP-10004036,Office Supplies,Appliances,Bionaire 99.97% HEPA Air Cleaner,52.56,3,0.0,18.396,0
7211,US-2016-119046,2016-06-02,2016-06-06,Standard Class,EH-13765,Edward Hooks,Corporate,United States,Seattle,Washington,98115,West,OFF-PA-10000246,Office Supplies,Paper,Riverleaf Stik-Withit Designer Note Cubes,30.18,3,0.0,13.8828,0
7213,US-2016-119046,2016-06-02,2016-06-06,Standard Class,EH-13765,Edward Hooks,Corporate,United States,Seattle,Washington,98115,West,OFF-BI-10000138,Office Supplies,Binders,Acco Translucent Poly Ring Binders,11.232,3,0.2,3.9312000000000005,0
7427,CA-2016-101693,2016-06-25,2016-06-27,Second Class,LC-17140,Logan Currie,Consumer,United States,Houston,Texas,77070,Central,FUR-FU-10003919,Furniture,Furnishings,Eldon Executive Woodline II Cherry Finish Desk Accessories,32.712,2,0.6,-26.169599999999996,0
7532,CA-2016-107146,2016-06-17,2016-06-19,First Class,LC-16885,Lena Creighton,Consumer,United States,Longmont,Colorado,80501,West,FUR-FU-10002298,Furniture,Furnishings,"Rubbermaid ClusterMat Chairmats, Mat Size- 66"" x 60"", Lip 20"" x 11"" -90 Degree Angle",266.35200000000003,3,0.2,-13.317600000000013,0
7745,CA-2016-133613,2016-06-17,2016-06-22,Standard Class,CP-12340,Christine Phan,Corporate,United States,Waterbury,Connecticut,6708,East,TEC-PH-10004539,Technology,Phones,Wireless Extenders zBoost YX545 SOHO Signal Booster,566.97,3,0.0,153.0819,0
7746,CA-2016-133613,2016-06-17,2016-06-22,Standard Class,CP-12340,Christine Phan,Corporate,United States,Waterbury,Connecticut,6708,East,OFF-AR-10003829,Office Supplies,Art,Newell 35,9.84,3,0.0,2.853599999999999,0
7880,CA-2016-155747,2016-06-14,2016-06-21,Standard Class,JS-15685,Jim Sink,Corporate,United States,Philadelphia,Pennsylvania,19140,East,FUR-TA-10003392,Furniture,Tables,Global Adaptabilities Conference Tables,337.176,2,0.4,-118.01160000000002,0
7993,CA-2016-133872,2016-06-14,2016-06-17,First Class,VM-21835,Vivian Mathis,Consumer,United States,Boca Raton,Florida,33433,South,TEC-AC-10000521,Technology,Accessories,"Verbatim Slim CD and DVD Storage Cases, 50/Pack",18.464,2,0.2,2.308,0
8224,CA-2016-104633,2016-06-12,2016-06-16,Standard Class,EA-14035,Erin Ashbrook,Corporate,United States,Pasadena,California,91104,West,OFF-PA-10000241,Office Supplies,Paper,"IBM Multi-Purpose Copy Paper, 8 1/2 x 11"", Case",185.88,6,0.0,83.64599999999999,0
8225,CA-2016-104633,2016-06-12,2016-06-16,Standard Class,EA-14035,Erin Ashbrook,Corporate,United States,Pasadena,California,91104,West,OFF-PA-10004782,Office Supplies,Paper,Xerox 228,12.96,2,0.0,6.2208000000000006,0
8231,CA-2016-162355,2016-06-30,2016-07-02,Second Class,PF-19165,Philip Fox,Consumer,United States,Sandy Springs,Georgia,30328,South,OFF-AR-10004344,Office Supplies,Art,Bulldog Vacuum Base Pencil Sharpener,35.97,3,0.0,9.711899999999998,0
8232,CA-2016-162355,2016-06-30,2016-07-02,Second Class,PF-19165,Philip Fox,Consumer,United States,Sandy Springs,Georgia,30328,South,FUR-BO-10004695,Furniture,Bookcases,O'Sullivan 2-Door Barrister Bookcase in Odessa Pine,1266.86,7,0.0,291.37779999999987,0
8260,CA-2016-118101,2016-06-26,2016-06-26,Same Day,SN-20560,Skye Norling,Home Office,United States,Roseville,Michigan,48066,Central,OFF-PA-10000357,Office Supplies,Paper,"White Dual Perf Computer Printout Paper, 2700 Sheets, 1 Part, Heavyweight, 20 lbs., 14 7/8 x 11",368.91,9,0.0,180.76590000000002,0
8687,CA-2016-144015,2016-06-26,2016-06-26,Same Day,AH-10075,Adam Hart,Corporate,United States,Los Angeles,California,90036,West,OFF-SU-10003505,Office Supplies,Supplies,Premier Electric Letter Opener,231.72,2,0.0,11.585999999999984,0
8689,CA-2016-144015,2016-06-26,2016-06-26,Same Day,AH-10075,Adam Hart,Corporate,United States,Los Angeles,California,90036,West,OFF-PA-10002870,Office Supplies,Paper,"Ampad Phone Message Book, Recycled, 400 Message Capacity, 5 ¾” x 11”",12.48,2,0.0,5.616,0
8717,CA-2016-120824,2016-06-12,2016-06-16,Second Class,AW-10930,Arthur Wiediger,Home Office,United States,Houston,Texas,77070,Central,OFF-AP-10001242,Office Supplies,Appliances,APC 7 Outlet Network SurgeArrest Surge Protector,64.38399999999999,4,0.8,-160.96,0
8722,CA-2016-120824,2016-06-12,2016-06-16,Second Class,AW-10930,Arthur Wiediger,Home Office,United States,Houston,Texas,77070,Central,OFF-ST-10002562,Office Supplies,Storage,Staple magnet,67.53600000000002,9,0.2,6.753599999999999,0
9025,CA-2016-102127,2016-06-26,2016-07-02,Standard Class,VP-21760,Victoria Pisteka,Corporate,United States,New York City,New York,10035,East,TEC-AC-10002018,Technology,Accessories,AmazonBasics 3-Button USB Wired Mouse,20.97,3,0.0,9.017100000000001,0
9026,CA-2016-102127,2016-06-26,2016-07-02,Standard Class,VP-21760,Victoria Pisteka,Corporate,United States,New York City,New York,10035,East,TEC-AC-10000397,Technology,Accessories,"Perixx PERIBOARD-512B, Ergonomic Split Keyboard",139.96,4,0.0,9.797200000000004,0
9060,CA-2016-132304,2016-06-14,2016-06-18,Standard Class,AR-10825,Anthony Rawles,Corporate,United States,Seattle,Washington,98103,West,FUR-TA-10004619,Furniture,Tables,Hon Non-Folding Utility Tables,1115.17,7,0.0,334.55099999999993,0
9121,US-2016-155971,2016-06-06,2016-06-12,Standard Class,RB-19795,Ross Baird,Home Office,United States,Los Angeles,California,90036,West,OFF-PA-10000210,Office Supplies,Paper,Xerox Blank Computer Paper,99.9,5,0.0,46.952999999999996,0
9167,CA-2016-100300,2016-06-24,2016-06-26,Second Class,MJ-17740,Max Jones,Consumer,United States,San Diego,California,92037,West,OFF-PA-10000418,Office Supplies,Paper,Xerox 189,104.85,1,0.0,50.327999999999996,0
9168,CA-2016-100300,2016-06-24,2016-06-26,Second Class,MJ-17740,Max Jones,Consumer,United States,San Diego,California,92037,West,OFF-AP-10001242,Office Supplies,Appliances,APC 7 Outlet Network SurgeArrest Surge Protector,241.44,3,0.0,72.43199999999999,0
9456,CA-2016-140977,2016-06-16,2016-06-19,Second Class,JL-15175,James Lanier,Home Office,United States,Chattanooga,Tennessee,37421,South,TEC-MA-10003493,Technology,Machines,Penpower WorldCard Pro Card Scanner,91.475,1,0.5,-1.829499999999996,0
9550,CA-2016-131744,2016-06-18,2016-06-20,Second Class,SC-20770,Stewart Carmichael,Corporate,United States,Philadelphia,Pennsylvania,19134,East,OFF-AP-10001394,Office Supplies,Appliances,Harmony Air Purifier,453.6,3,0.2,90.71999999999997,0
9583,CA-2016-107475,2016-06-07,2016-06-11,Standard Class,RS-19870,Roy Skaria,Home Office,United States,Philadelphia,Pennsylvania,19120,East,OFF-FA-10002988,Office Supplies,Fasteners,Ideal Clamps,9.648,6,0.2,3.4974,0
9661,CA-2016-160717,2016-06-06,2016-06-11,Standard Class,ME-17320,Maria Etezadi,Home Office,United States,Santa Barbara,California,93101,West,TEC-PH-10001459,Technology,Phones,Samsung Galaxy Mega 6.3,3023.9280000000003,9,0.2,226.79460000000006,0
9663,CA-2016-160717,2016-06-06,2016-06-11,Standard Class,ME-17320,Maria Etezadi,Home Office,United States,Santa Barbara,California,93101,West,TEC-PH-10001760,Technology,Phones,Bose SoundLink Bluetooth Speaker,477.6,3,0.2,161.19000000000003,0
9744,CA-2016-137127,2016-06-16,2016-06-22,Standard Class,JJ-15445,Jennifer Jackson,Consumer,United States,Newark,Delaware,19711,East,OFF-LA-10001641,Office Supplies,Labels,Avery 518,9.45,3,0.0,4.536,0
9774,CA-2016-160234,2016-06-26,2016-07-03,Standard Class,PF-19225,Phillip Flathmann,Consumer,United States,Atlanta,Georgia,30318,South,TEC-PH-10004434,Technology,Phones,Cisco IP Phone 7961G VoIP phone - Dark gray,135.95,1,0.0,39.425499999999985,0
9899,CA-2016-112830,2016-06-06,2016-06-10,Standard Class,LP-17095,Liz Preis,Consumer,United States,Fairfield,Ohio,45014,East,FUR-FU-10004845,Furniture,Furnishings,"Deflect-o EconoMat Nonstudded, No Bevel Mat",82.64,2,0.2,0.0,0
