Row ID,Order ID,Order Date,Ship Date,Ship Mode,Customer ID,Customer Name,Segment,Country,City,State,Postal Code,Region,Product ID,Category,Sub-Category,Product Name,Sales,Quantity,Discount,Profit,Data_origen
161,CA-2016-162733,2016-05-11,2016-05-12,First Class,TT-21070,Ted Trevino,Consumer,United States,Los Angeles,California,90045,West,OFF-PA-10002751,Office Supplies,Paper,Xerox 1920,5.98,1,0.0,2.691,0
501,US-2016-105578,2016-05-30,2016-06-04,Standard Class,MY-17380,Maribeth Yedwab,Corporate,United States,Parker,Colorado,80134,West,OFF-BI-10001670,Office Supplies,Binders,Vinyl Sectional Post Binders,22.620000000000005,2,0.7,-15.079999999999998,0
502,US-2016-105578,2016-05-30,2016-06-04,Standard Class,MY-17380,Maribeth Yedwab,Corporate,United States,Parker,Colorado,80134,West,OFF-BI-10001658,Office Supplies,Binders,GBC Standard Therm-A-Bind Covers,14.952000000000004,2,0.7,-11.961599999999997,0
503,US-2016-105578,2016-05-30,2016-06-04,Standard Class,MY-17380,Maribeth Yedwab,Corporate,United States,Parker,Colorado,80134,West,FUR-CH-10001215,Furniture,Chairs,Global Troy Executive Leather Low-Back Tilter,801.5680000000001,2,0.2,50.097999999999985,0
504,US-2016-105578,2016-05-30,2016-06-04,Standard Class,MY-17380,Maribeth Yedwab,Corporate,United States,Parker,Colorado,80134,West,OFF-BI-10000831,Office Supplies,Binders,Storex Flexible Poly Binders with Double Pockets,2.3760000000000003,3,0.7,-1.9007999999999998,0
524,US-2016-139486,2016-05-21,2016-05-23,First Class,LH-17155,Logan Haushalter,Consumer,United States,Los Angeles,California,90032,West,TEC-PH-10003555,Technology,Phones,Motorola HK250 Universal Bluetooth Headset,55.176,3,0.2,-12.414599999999997,0
525,US-2016-139486,2016-05-21,2016-05-23,First Class,LH-17155,Logan Haushalter,Consumer,United States,Los Angeles,California,90032,West,TEC-AC-10003832,Technology,Accessories,Imation 16GB Mini TravelDrive USB 2.0 Flash Drive,66.26,2,0.0,27.166600000000003,0
535,CA-2016-168753,2016-05-29,2016-06-01,Second Class,RL-19615,Rob Lucas,Consumer,United States,Montgomery,Alabama,36116,South,OFF-BI-10002557,Office Supplies,Binders,Presstex Flexible Ring Binders,22.75,5,0.0,11.375,0
639,CA-2016-115917,2016-05-20,2016-05-25,Standard Class,RB-19465,Rick Bensley,Home Office,United States,Vallejo,California,94591,West,FUR-FU-10000576,Furniture,Furnishings,Luxo Professional Fluorescent Magnifier Lamp with Clamp-Mount Base,1049.2,5,0.0,272.79200000000003,0
1330,CA-2016-142762,2016-05-23,2016-05-27,Standard Class,LD-17005,Lisa DeCherney,Consumer,United States,San Francisco,California,94109,West,FUR-FU-10003691,Furniture,Furnishings,"Eldon Image Series Desk Accessories, Ebony",37.05,3,0.0,16.302,0
1445,CA-2016-133725,2016-05-23,2016-05-28,Standard Class,KL-16645,Ken Lonsdale,Consumer,United States,Chicago,Illinois,60623,Central,TEC-PH-10004165,Technology,Phones,Mitel MiVoice 5330e IP Phone,1979.928,9,0.2,148.49459999999993,0
1590,CA-2016-109911,2016-05-12,2016-05-16,Standard Class,VG-21805,Vivek Grady,Corporate,United States,Virginia Beach,Virginia,23464,South,OFF-AR-10001662,Office Supplies,Art,Rogers Handheld Barrel Pencil Sharpener,10.96,4,0.0,2.959200000000001,0
1633,CA-2016-106530,2016-05-08,2016-05-08,Same Day,CL-12565,Clay Ludtke,Consumer,United States,Cleveland,Ohio,44105,East,OFF-PA-10004451,Office Supplies,Paper,Xerox 222,10.368000000000002,2,0.2,3.6288,0
1640,CA-2016-157266,2016-05-26,2016-06-01,Standard Class,TB-21280,Toby Braunhardt,Consumer,United States,Washington,District of Columbia,20016,East,OFF-BI-10004728,Office Supplies,Binders,Wilson Jones Turn Tabs Binder Tool for Ring Binders,9.64,2,0.0,4.4344,0
1641,CA-2016-157266,2016-05-26,2016-06-01,Standard Class,TB-21280,Toby Braunhardt,Consumer,United States,Washington,District of Columbia,20016,East,OFF-PA-10004675,Office Supplies,Paper,"Telephone Message Books with Fax/Mobile Section, 5 1/2"" x 3 3/16""",12.7,2,0.0,5.842,0
1677,CA-2016-122728,2016-05-18,2016-05-24,Standard Class,EB-13930,Eric Barreto,Consumer,United States,San Francisco,California,94110,West,OFF-ST-10000604,Office Supplies,Storage,Home/Office Personal File Carts,104.28,3,0.0,26.069999999999993,0
1720,CA-2016-169943,2016-05-19,2016-05-24,Standard Class,BN-11515,Bradley Nguyen,Consumer,United States,New York City,New York,10011,East,FUR-FU-10000010,Furniture,Furnishings,"DAX Value U-Channel Document Frames, Easel Back",39.76,8,0.0,12.325599999999998,0
1721,CA-2016-169943,2016-05-19,2016-05-24,Standard Class,BN-11515,Bradley Nguyen,Consumer,United States,New York City,New York,10011,East,OFF-BI-10002824,Office Supplies,Binders,Recycled Easel Ring Binders,47.744,4,0.2,14.919999999999995,0
1908,US-2016-150567,2016-05-17,2016-05-21,Standard Class,RP-19855,Roy Phan,Corporate,United States,Apopka,Florida,32712,South,OFF-BI-10000069,Office Supplies,Binders,"GBC Prepunched Paper, 19-Hole, for Binding Systems, 24-lb",27.018000000000008,6,0.7,-21.61440000000001,0
2098,US-2016-146570,2016-05-15,2016-05-20,Standard Class,SN-20710,Steve Nguyen,Home Office,United States,Jackson,Mississippi,39212,South,OFF-AR-10003856,Office Supplies,Art,Newell 344,8.34,3,0.0,2.1683999999999997,0
2161,CA-2016-141019,2016-05-14,2016-05-14,Same Day,LH-17155,Logan Haushalter,Consumer,United States,Cincinnati,Ohio,45231,East,FUR-FU-10002937,Furniture,Furnishings,"GE 48"" Fluorescent Tube, Cool White Energy Saver, 34 Watts, 30/Box",79.38400000000001,1,0.2,29.769,0
2180,CA-2016-128818,2016-05-07,2016-05-11,Standard Class,CJ-12010,Caroline Jumper,Consumer,United States,New York City,New York,10009,East,OFF-BI-10000309,Office Supplies,Binders,"GBC Twin Loop Wire Binding Elements, 9/16"" Spine, Black",85.23200000000001,7,0.2,30.896599999999996,0
2181,CA-2016-128818,2016-05-07,2016-05-11,Standard Class,CJ-12010,Caroline Jumper,Consumer,United States,New York City,New York,10009,East,OFF-LA-10003923,Office Supplies,Labels,Alphabetical Labels for Top Tab Filing,44.400000000000006,3,0.0,22.200000000000003,0
2182,CA-2016-128818,2016-05-07,2016-05-11,Standard Class,CJ-12010,Caroline Jumper,Consumer,United States,New York City,New York,10009,East,FUR-CH-10002084,Furniture,Chairs,Hon Mobius Operator's Chair,442.764,4,0.1,59.0352,0
2183,CA-2016-128818,2016-05-07,2016-05-11,Standard Class,CJ-12010,Caroline Jumper,Consumer,United States,New York City,New York,10009,East,TEC-MA-10000488,Technology,Machines,Bady BDG101FRU Card Printer,3999.95,5,0.0,1159.9854999999998,0
2184,CA-2016-128818,2016-05-07,2016-05-11,Standard Class,CJ-12010,Caroline Jumper,Consumer,United States,New York City,New York,10009,East,TEC-AC-10001767,Technology,Accessories,SanDisk Ultra 64 GB MicroSDHC Class 10 Memory Card,199.95000000000002,5,0.0,21.994499999999988,0
2185,CA-2016-128818,2016-05-07,2016-05-11,Standard Class,CJ-12010,Caroline Jumper,Consumer,United States,New York City,New York,10009,East,FUR-FU-10001940,Furniture,Furnishings,Staple-based wall hangings,63.68,8,0.0,28.019200000000005,0
2286,CA-2016-112676,2016-05-05,2016-05-08,First Class,PJ-18835,Patrick Jones,Corporate,United States,Murfreesboro,Tennessee,37130,South,OFF-PA-10003971,Office Supplies,Paper,Xerox 1965,14.352000000000002,3,0.2,5.2026,0
2381,CA-2016-118052,2016-05-06,2016-05-10,Standard Class,BE-11455,Brad Eason,Home Office,United States,Lorain,Ohio,44052,East,OFF-PA-10002581,Office Supplies,Paper,Xerox 1951,49.568000000000005,2,0.2,15.489999999999997,0
2382,CA-2016-118052,2016-05-06,2016-05-10,Standard Class,BE-11455,Brad Eason,Home Office,United States,Lorain,Ohio,44052,East,FUR-FU-10004848,Furniture,Furnishings,DAX Solid Wood Frames,54.711999999999996,7,0.2,11.626299999999999,0
2419,CA-2016-107202,2016-05-21,2016-05-28,Standard Class,LC-16930,Linda Cazamias,Corporate,United States,Sparks,Nevada,89431,West,TEC-MA-10000112,Technology,Machines,Panasonic KX MB2061 Multifunction Printer,2396.4,10,0.2,179.73000000000013,0
2441,CA-2016-146934,2016-05-22,2016-05-27,Standard Class,AF-10870,Art Ferguson,Consumer,United States,Passaic,New Jersey,7055,East,TEC-PH-10004614,Technology,Phones,AT&T 841000 Phone,345.0,5,0.0,86.25,0
2442,CA-2016-146934,2016-05-22,2016-05-27,Standard Class,AF-10870,Art Ferguson,Consumer,United States,Passaic,New Jersey,7055,East,FUR-TA-10003748,Furniture,Tables,Bevis 36 x 72 Conference Tables,174.28599999999997,2,0.3,-19.91839999999999,0
2443,CA-2016-146934,2016-05-22,2016-05-27,Standard Class,AF-10870,Art Ferguson,Consumer,United States,Passaic,New Jersey,7055,East,OFF-AP-10003217,Office Supplies,Appliances,Eureka Sanitaire  Commercial Upright,662.84,4,0.0,172.33840000000004,0
2446,CA-2016-146934,2016-05-22,2016-05-27,Standard Class,AF-10870,Art Ferguson,Consumer,United States,Passaic,New Jersey,7055,East,TEC-PH-10001336,Technology,Phones,Digium D40 VoIP phone,257.98,2,0.0,74.8142,0
2590,CA-2016-137729,2016-05-05,2016-05-09,Standard Class,BF-11005,Barry Franz,Home Office,United States,Los Angeles,California,90004,West,TEC-PH-10001433,Technology,Phones,Cisco Small Business SPA 502G VoIP phone,246.168,3,0.2,21.539699999999996,0
2664,CA-2016-164784,2016-05-01,2016-05-04,First Class,HF-14995,Herbert Flentye,Consumer,United States,Memphis,Tennessee,38109,South,OFF-LA-10001569,Office Supplies,Labels,Avery 499,3.9840000000000004,1,0.2,1.2948,0
2665,CA-2016-164784,2016-05-01,2016-05-04,First Class,HF-14995,Herbert Flentye,Consumer,United States,Memphis,Tennessee,38109,South,FUR-TA-10004534,Furniture,Tables,Bevis 44 x 96 Conference Tables,370.62,3,0.4,-142.07100000000008,0
2821,CA-2016-160500,2016-05-05,2016-05-08,First Class,DM-13015,Darrin Martin,Consumer,United States,Encinitas,California,92024,West,FUR-TA-10003748,Furniture,Tables,Bevis 36 x 72 Conference Tables,298.776,3,0.2,7.469399999999993,0
2988,CA-2016-139269,2016-05-25,2016-05-30,Standard Class,JB-16045,Julia Barnett,Home Office,United States,Columbus,Georgia,31907,South,OFF-ST-10000689,Office Supplies,Storage,"Fellowes Strictly Business Drawer File, Letter/Legal Size",1267.6499999999999,9,0.0,152.118,0
3041,US-2016-147991,2016-05-05,2016-05-09,Standard Class,ZD-21925,Zuschuss Donatelli,Consumer,United States,Chattanooga,Tennessee,37421,South,FUR-FU-10004270,Furniture,Furnishings,"Eldon Image Series Desk Accessories, Burgundy",16.72,5,0.2,3.3439999999999994,0
3170,CA-2016-138695,2016-05-28,2016-06-03,Standard Class,KC-16675,Kimberly Carter,Corporate,United States,Tallahassee,Florida,32303,South,OFF-PA-10001667,Office Supplies,Paper,Great White Multi-Use Recycled Paper (20Lb. and 84 Bright),62.19200000000001,13,0.2,19.434999999999995,0
3237,CA-2016-146836,2016-05-02,2016-05-02,Same Day,CC-12475,Cindy Chapman,Consumer,United States,New York City,New York,10024,East,OFF-ST-10001580,Office Supplies,Storage,Super Decoflex Portable Personal File,44.94,3,0.0,12.5832,0
3359,CA-2016-139234,2016-05-06,2016-05-10,Standard Class,AF-10870,Art Ferguson,Consumer,United States,Chicago,Illinois,60610,Central,OFF-BI-10000773,Office Supplies,Binders,Insertable Tab Post Binder Dividers,3.2079999999999993,2,0.8,-5.293200000000002,0
3360,CA-2016-139234,2016-05-06,2016-05-10,Standard Class,AF-10870,Art Ferguson,Consumer,United States,Chicago,Illinois,60610,Central,TEC-AC-10004510,Technology,Accessories,Logitech Desktop MK120 Mouse and keyboard Combo,26.176000000000002,2,0.2,-3.272000000000002,0
3422,CA-2016-134803,2016-05-28,2016-06-03,Standard Class,CL-12565,Clay Ludtke,Consumer,United States,Los Angeles,California,90004,West,OFF-PA-10003790,Office Supplies,Paper,Xerox 1991,182.72,8,0.0,84.0512,0
3423,CA-2016-134803,2016-05-28,2016-06-03,Standard Class,CL-12565,Clay Ludtke,Consumer,United States,Los Angeles,California,90004,West,TEC-AC-10002217,Technology,Accessories,Imation Clip USB flash drive - 8 GB,131.6,7,0.0,7.896000000000001,0
3688,CA-2016-108567,2016-05-20,2016-05-24,Standard Class,DB-13210,Dean Braden,Consumer,United States,Port Saint Lucie,Florida,34952,South,OFF-BI-10004140,Office Supplies,Binders,Avery Non-Stick Binders,2.6940000000000004,2,0.7,-2.245,0
3945,CA-2016-133144,2016-05-16,2016-05-21,Second Class,DO-13435,Denny Ordway,Consumer,United States,Los Angeles,California,90036,West,OFF-PA-10004971,Office Supplies,Paper,Xerox 196,17.34,3,0.0,8.4966,0
3958,CA-2016-156573,2016-05-29,2016-06-02,Standard Class,RB-19360,Raymond Buch,Consumer,United States,Nashville,Tennessee,37211,South,OFF-BI-10002414,Office Supplies,Binders,GBC ProClick Spines for 32-Hole Punch,11.277000000000001,3,0.7,-8.645699999999998,0
3959,CA-2016-156573,2016-05-29,2016-06-02,Standard Class,RB-19360,Raymond Buch,Consumer,United States,Nashville,Tennessee,37211,South,OFF-AR-10003732,Office Supplies,Art,Newell 333,4.4479999999999995,2,0.2,0.3335999999999999,0
3960,CA-2016-156573,2016-05-29,2016-06-02,Standard Class,RB-19360,Raymond Buch,Consumer,United States,Nashville,Tennessee,37211,South,FUR-FU-10001085,Furniture,Furnishings,3M Polarizing Light Filter Sleeves,44.76,3,0.2,14.546999999999995,0
3968,CA-2016-146010,2016-05-20,2016-05-23,First Class,EH-14125,Eugene Hildebrand,Home Office,United States,Colorado Springs,Colorado,80906,West,OFF-BI-10003638,Office Supplies,Binders,GBC Durable Plastic Covers,40.63500000000001,7,0.7,-32.507999999999996,0
4436,CA-2016-163398,2016-05-03,2016-05-08,Standard Class,CB-12415,Christy Brittain,Consumer,United States,Chicago,Illinois,60653,Central,OFF-BI-10000014,Office Supplies,Binders,Heavy-Duty E-Z-D Binders,2.1819999999999995,1,0.8,-3.6003,0
4438,CA-2016-163398,2016-05-03,2016-05-08,Standard Class,CB-12415,Christy Brittain,Consumer,United States,Chicago,Illinois,60653,Central,OFF-AP-10002403,Office Supplies,Appliances,Acco Smartsocket Color-Coded Six-Outlet AC Adapter Model Surge Protectors,26.40599999999999,3,0.8,-71.2962,0
4705,CA-2016-158435,2016-05-17,2016-05-18,First Class,AG-10900,Arthur Gainer,Consumer,United States,Waterbury,Connecticut,6708,East,OFF-SU-10000381,Office Supplies,Supplies,Acme Forged Steel Scissors with Black Enamel Handles,65.17,7,0.0,18.899299999999997,0
4707,CA-2016-158435,2016-05-17,2016-05-18,First Class,AG-10900,Arthur Gainer,Consumer,United States,Waterbury,Connecticut,6708,East,FUR-FU-10003975,Furniture,Furnishings,Eldon Advantage Chair Mats for Low to Medium Pile Carpets,173.24,4,0.0,17.323999999999984,0
4724,CA-2016-159653,2016-05-22,2016-05-22,Same Day,JF-15490,Jeremy Farry,Consumer,United States,Athens,Georgia,30605,South,OFF-LA-10004345,Office Supplies,Labels,Avery 493,14.73,3,0.0,7.2177,0
4797,US-2016-148901,2016-05-14,2016-05-19,Standard Class,MK-17905,Michael Kennedy,Corporate,United States,Jacksonville,Florida,32216,South,OFF-BI-10001718,Office Supplies,Binders,GBC DocuBind P50 Personal Binding Machine,57.58200000000001,3,0.7,-44.14619999999998,0
4798,US-2016-148901,2016-05-14,2016-05-19,Standard Class,MK-17905,Michael Kennedy,Corporate,United States,Jacksonville,Florida,32216,South,OFF-PA-10004983,Office Supplies,Paper,Xerox 23,31.104000000000006,6,0.2,10.8864,0
4815,CA-2016-111696,2016-05-08,2016-05-10,First Class,TB-21625,Trudy Brown,Consumer,United States,Los Angeles,California,90004,West,OFF-PA-10002751,Office Supplies,Paper,Xerox 1920,17.94,3,0.0,8.073,0
5002,CA-2016-136126,2016-05-24,2016-05-24,Same Day,EH-14125,Eugene Hildebrand,Home Office,United States,Newport News,Virginia,23602,South,OFF-SU-10000898,Office Supplies,Supplies,"Acme Hot Forged Carbon Steel Scissors with Nickel-Plated Handles, 3 7/8"" Cut, 8""L",69.5,5,0.0,20.154999999999994,0
5171,CA-2016-122903,2016-05-27,2016-05-29,Second Class,LA-16780,Laura Armstrong,Corporate,United States,Detroit,Michigan,48205,Central,FUR-CH-10002024,Furniture,Chairs,HON 5400 Series Task Chairs for Big and Tall,3504.9,5,0.0,700.9800000000001,0
5173,CA-2016-122903,2016-05-27,2016-05-29,Second Class,LA-16780,Laura Armstrong,Corporate,United States,Detroit,Michigan,48205,Central,OFF-PA-10000994,Office Supplies,Paper,Xerox 1915,314.54999999999995,3,0.0,150.98399999999998,0
5301,CA-2016-113831,2016-05-30,2016-06-03,Standard Class,AH-10690,Anna Häberlin,Corporate,United States,Springfield,Virginia,22153,South,FUR-TA-10002645,Furniture,Tables,Hon Rectangular Conference Tables,2275.5,10,0.0,386.8349999999998,0
5303,CA-2016-113831,2016-05-30,2016-06-03,Standard Class,AH-10690,Anna Häberlin,Corporate,United States,Springfield,Virginia,22153,South,OFF-LA-10001297,Office Supplies,Labels,Avery 473,62.099999999999994,6,0.0,29.808,0
5471,CA-2016-158547,2016-05-30,2016-06-04,Standard Class,JM-16195,Justin MacKendrick,Consumer,United States,Hamilton,Ohio,45011,East,OFF-AP-10003842,Office Supplies,Appliances,Euro-Pro Shark Turbo Vacuum,123.92000000000002,5,0.2,9.293999999999997,0
5583,CA-2016-161158,2016-05-09,2016-05-13,Standard Class,PS-18970,Paul Stevenson,Home Office,United States,New York City,New York,10024,East,OFF-AR-10000462,Office Supplies,Art,Sanford Pocket Accent Highlighters,8.0,5,0.0,3.440000000000001,0
5696,CA-2016-126165,2016-05-05,2016-05-07,Second Class,AH-10465,Amy Hunt,Consumer,United States,San Francisco,California,94109,West,FUR-TA-10001676,Furniture,Tables,Hon 61000 Series Interactive Training Tables,71.08800000000001,2,0.2,-1.777200000000004,0
5862,CA-2016-101525,2016-05-01,2016-05-04,Second Class,CM-12235,Chris McAfee,Consumer,United States,Little Rock,Arkansas,72209,South,OFF-PA-10001497,Office Supplies,Paper,Xerox 1914,109.92,2,0.0,53.8608,0
5864,CA-2016-101525,2016-05-01,2016-05-04,Second Class,CM-12235,Chris McAfee,Consumer,United States,Little Rock,Arkansas,72209,South,OFF-AR-10000716,Office Supplies,Art,DIXON Ticonderoga Erasable Checking Pencils,11.16,2,0.0,4.3524,0
6427,CA-2016-143714,2016-05-23,2016-05-27,Standard Class,CC-12370,Christopher Conant,Consumer,United States,Philadelphia,Pennsylvania,19120,East,OFF-BI-10004308,Office Supplies,Binders,Avery Legal 4-Ring Binder,6.294000000000001,1,0.7,-4.196,0
6428,CA-2016-143714,2016-05-23,2016-05-27,Standard Class,CC-12370,Christopher Conant,Consumer,United States,Philadelphia,Pennsylvania,19120,East,OFF-PA-10000029,Office Supplies,Paper,Xerox 224,10.368000000000002,2,0.2,3.6288,0
6605,CA-2016-148852,2016-05-26,2016-05-31,Standard Class,SV-20785,Stewart Visinsky,Consumer,United States,Santa Ana,California,92704,West,OFF-FA-10003467,Office Supplies,Fasteners,"Alliance Big Bands Rubber Bands, 12/Pack",5.9399999999999995,3,0.0,0.0,0
6608,CA-2016-148852,2016-05-26,2016-05-31,Standard Class,SV-20785,Stewart Visinsky,Consumer,United States,Santa Ana,California,92704,West,FUR-CH-10004860,Furniture,Chairs,Global Low Back Tilter Chair,484.70400000000006,6,0.2,-84.82320000000007,0
7077,CA-2016-167416,2016-05-12,2016-05-17,Standard Class,JM-15580,Jill Matthias,Consumer,United States,Seattle,Washington,98105,West,OFF-EN-10001141,Office Supplies,Envelopes,"Manila Recycled Extra-Heavyweight Clasp Envelopes, 6"" x 9""",54.900000000000006,5,0.0,26.901000000000003,0
7254,CA-2016-152730,2016-05-30,2016-06-04,Standard Class,EM-14140,Eugene Moren,Home Office,United States,Superior,Wisconsin,54880,Central,OFF-AP-10002684,Office Supplies,Appliances,"Acco 7-Outlet Masterpiece Power Center, Wihtout Fax/Phone Line Protection",364.74,3,0.0,109.42199999999997,0
7255,CA-2016-152730,2016-05-30,2016-06-04,Standard Class,EM-14140,Eugene Moren,Home Office,United States,Superior,Wisconsin,54880,Central,FUR-FU-10001037,Furniture,Furnishings,"DAX Charcoal/Nickel-Tone Document Frame, 5 x 7",47.400000000000006,5,0.0,21.33,0
7257,CA-2016-152730,2016-05-30,2016-06-04,Standard Class,EM-14140,Eugene Moren,Home Office,United States,Superior,Wisconsin,54880,Central,OFF-AR-10003732,Office Supplies,Art,Newell 333,5.56,2,0.0,1.4455999999999998,0
7258,CA-2016-152730,2016-05-30,2016-06-04,Standard Class,EM-14140,Eugene Moren,Home Office,United States,Superior,Wisconsin,54880,Central,OFF-PA-10000994,Office Supplies,Paper,Xerox 1915,629.0999999999999,6,0.0,301.96799999999996,0
7259,CA-2016-152730,2016-05-30,2016-06-04,Standard Class,EM-14140,Eugene Moren,Home Office,United States,Superior,Wisconsin,54880,Central,OFF-AR-10000940,Office Supplies,Art,Newell 343,14.7,5,0.0,3.9690000000000003,0
7261,CA-2016-152730,2016-05-30,2016-06-04,Standard Class,EM-14140,Eugene Moren,Home Office,United States,Superior,Wisconsin,54880,Central,TEC-PH-10000441,Technology,Phones,VTech DS6151,125.99,1,0.0,35.27720000000001,0
7409,CA-2016-129728,2016-05-30,2016-06-06,Standard Class,JG-15310,Jason Gross,Corporate,United States,Los Angeles,California,90032,West,FUR-FU-10003247,Furniture,Furnishings,36X48 HARDFLOOR CHAIRMAT,167.84,8,0.0,11.748799999999989,0
7605,CA-2016-101791,2016-05-27,2016-05-31,Standard Class,BS-11665,Brian Stugart,Consumer,United States,Chicago,Illinois,60623,Central,FUR-FU-10003247,Furniture,Furnishings,36X48 HARDFLOOR CHAIRMAT,25.176000000000002,3,0.6,-33.3582,0
7606,CA-2016-101791,2016-05-27,2016-05-31,Standard Class,BS-11665,Brian Stugart,Consumer,United States,Chicago,Illinois,60623,Central,FUR-FU-10002191,Furniture,Furnishings,G.E. Halogen Desk Lamp Bulbs,5.5840000000000005,2,0.6,-1.6751999999999994,0
7787,US-2016-117037,2016-05-17,2016-05-20,First Class,LW-17215,Luke Weiss,Consumer,United States,Chicago,Illinois,60653,Central,OFF-BI-10000279,Office Supplies,Binders,"Acco Recycled 2"" Capacity Laser Printer Hanging Data Binders",2.8899999999999992,1,0.8,-4.768500000000001,0
7789,US-2016-117037,2016-05-17,2016-05-20,First Class,LW-17215,Luke Weiss,Consumer,United States,Chicago,Illinois,60653,Central,FUR-FU-10004973,Furniture,Furnishings,Flat Face Poster Frame,22.608,3,0.6,-10.173599999999997,0
7833,CA-2016-112382,2016-05-09,2016-05-13,Standard Class,MB-18085,Mick Brown,Consumer,United States,Houston,Texas,77036,Central,TEC-PH-10001552,Technology,Phones,I Need's 3d Hello Kitty Hybrid Silicone Case Cover for HTC One X 4g with 3d Hello Kitty Stylus Pen Green/pink,19.136000000000003,2,0.2,1.9136000000000006,0
7849,CA-2016-104311,2016-05-02,2016-05-06,Standard Class,AS-10090,Adam Shillingsburg,Consumer,United States,Irving,Texas,75061,Central,OFF-ST-10000321,Office Supplies,Storage,Akro Stacking Bins,18.936,3,0.2,-3.787200000000003,0
7850,CA-2016-104311,2016-05-02,2016-05-06,Standard Class,AS-10090,Adam Shillingsburg,Consumer,United States,Irving,Texas,75061,Central,OFF-ST-10002957,Office Supplies,Storage,Sterilite Show Offs Storage Containers,12.672,3,0.2,-3.168,0
7851,CA-2016-104311,2016-05-02,2016-05-06,Standard Class,AS-10090,Adam Shillingsburg,Consumer,United States,Irving,Texas,75061,Central,OFF-LA-10000973,Office Supplies,Labels,Avery 502,5.04,2,0.2,1.764,0
8249,CA-2016-133816,2016-05-10,2016-05-13,Second Class,CS-12400,Christopher Schild,Home Office,United States,Philadelphia,Pennsylvania,19134,East,TEC-PH-10001795,Technology,Phones,ClearOne CHATAttach 160 - speaker phone,743.9879999999999,2,0.4,-123.9980000000001,0
8296,CA-2016-166380,2016-05-30,2016-06-03,Standard Class,EB-13750,Edward Becker,Corporate,United States,Arlington,Virginia,22204,South,OFF-EN-10002600,Office Supplies,Envelopes,"Redi-Strip #10 Envelopes, 4 1/8 x 9 1/2",26.55,9,0.0,12.744,0
8752,CA-2016-105662,2016-05-05,2016-05-09,Standard Class,RB-19465,Rick Bensley,Home Office,United States,Tallahassee,Florida,32303,South,OFF-PA-10001001,Office Supplies,Paper,"Snap-A-Way Black Print Carbonless Speed Message, No Reply Area, Duplicate",93.248,4,0.2,31.4712,0
8903,CA-2016-150483,2016-05-31,2016-06-04,Standard Class,BP-11290,Beth Paige,Consumer,United States,Decatur,Illinois,62521,Central,FUR-CH-10000422,Furniture,Chairs,Global Highback Leather Tilter in Burgundy,191.07899999999998,3,0.3,-38.21579999999997,0
8915,US-2016-144057,2016-05-09,2016-05-13,Standard Class,CV-12805,Cynthia Voltz,Corporate,United States,Austin,Texas,78745,Central,OFF-ST-10001490,Office Supplies,Storage,"Hot File 7-Pocket, Floor Stand",856.6560000000001,6,0.2,107.08199999999985,0
8916,US-2016-144057,2016-05-09,2016-05-13,Standard Class,CV-12805,Cynthia Voltz,Corporate,United States,Austin,Texas,78745,Central,OFF-BI-10002852,Office Supplies,Binders,Ibico Standard Transparent Covers,13.183999999999997,4,0.8,-20.435200000000002,0
8917,US-2016-144057,2016-05-09,2016-05-13,Standard Class,CV-12805,Cynthia Voltz,Corporate,United States,Austin,Texas,78745,Central,OFF-AP-10000390,Office Supplies,Appliances,Euro Pro Shark Stick Mini Vacuum,48.783999999999985,4,0.8,-131.7168,0
8918,US-2016-144057,2016-05-09,2016-05-13,Standard Class,CV-12805,Cynthia Voltz,Corporate,United States,Austin,Texas,78745,Central,OFF-PA-10004327,Office Supplies,Paper,Xerox 1911,76.64,2,0.2,26.823999999999995,0
9276,CA-2016-113236,2016-05-26,2016-05-29,Second Class,CP-12085,Cathy Prescott,Corporate,United States,Delray Beach,Florida,33445,South,OFF-ST-10000532,Office Supplies,Storage,Advantus Rolling Drawer Organizers,184.704,6,0.2,13.852799999999995,0
9379,CA-2016-117625,2016-05-10,2016-05-15,Standard Class,GM-14500,Gene McClure,Consumer,United States,Chicago,Illinois,60610,Central,OFF-EN-10001535,Office Supplies,Envelopes,Grip Seal Envelopes,7.072,2,0.2,2.3868,0
9497,US-2016-123610,2016-05-12,2016-05-16,Standard Class,VM-21835,Vivian Mathis,Consumer,United States,Mission Viejo,California,92691,West,OFF-AP-10002222,Office Supplies,Appliances,Staple holder,8.67,1,0.0,2.3409000000000004,0
9501,CA-2016-149237,2016-05-26,2016-05-30,Standard Class,CM-12235,Chris McAfee,Consumer,United States,Milwaukee,Wisconsin,53209,Central,FUR-FU-10002088,Furniture,Furnishings,Nu-Dell Float Frame 11 x 14 1/2,26.94,3,0.0,11.314800000000002,0
9559,CA-2016-129280,2016-05-03,2016-05-05,First Class,SM-20905,Susan MacKendrick,Consumer,United States,Newark,Ohio,43055,East,TEC-AC-10003832,Technology,Accessories,Imation 16GB Mini TravelDrive USB 2.0 Flash Drive,132.52000000000004,5,0.2,34.786500000000004,0
9560,CA-2016-129280,2016-05-03,2016-05-05,First Class,SM-20905,Susan MacKendrick,Consumer,United States,Newark,Ohio,43055,East,OFF-ST-10002554,Office Supplies,Storage,Tennsco Industrial Shelving,195.64,5,0.2,-44.01899999999999,0
9562,CA-2016-129280,2016-05-03,2016-05-05,First Class,SM-20905,Susan MacKendrick,Consumer,United States,Newark,Ohio,43055,East,TEC-AC-10002637,Technology,Accessories,Logitech VX Revolution Cordless Laser Mouse for Notebooks (Black),431.97600000000006,3,0.2,-75.59580000000004,0
9563,CA-2016-129280,2016-05-03,2016-05-05,First Class,SM-20905,Susan MacKendrick,Consumer,United States,Newark,Ohio,43055,East,TEC-MA-10003589,Technology,Machines,Cisco 8961 IP Phone Charcoal,224.93700000000004,3,0.7,-164.9538,0
9564,CA-2016-129280,2016-05-03,2016-05-05,First Class,SM-20905,Susan MacKendrick,Consumer,United States,Newark,Ohio,43055,East,OFF-LA-10000081,Office Supplies,Labels,Avery 496,6.0,2,0.2,2.0999999999999996,0
9631,CA-2016-168844,2016-05-31,2016-06-06,Standard Class,NM-18520,Neoma Murray,Consumer,United States,New York City,New York,10011,East,OFF-BI-10002609,Office Supplies,Binders,Avery Hidden Tab Dividers for Binding Systems,7.151999999999999,3,0.2,2.3243999999999994,0
9676,CA-2016-137393,2016-05-06,2016-05-10,Standard Class,GM-14500,Gene McClure,Consumer,United States,Bakersfield,California,93309,West,FUR-FU-10001617,Furniture,Furnishings,"Executive Impressions 8-1/2"" Career Panel/Partition Cubicle Clock",41.6,4,0.0,14.143999999999998,0
9719,CA-2016-108210,2016-05-30,2016-05-31,Same Day,AT-10735,Annie Thurman,Consumer,United States,Houston,Texas,77041,Central,TEC-AC-10000109,Technology,Accessories,Sony Micro Vault Click 16 GB USB 2.0 Flash Drive,223.96,5,0.2,11.198000000000015,0
9796,CA-2016-125920,2016-05-21,2016-05-28,Standard Class,SH-19975,Sally Hughsby,Corporate,United States,Chicago,Illinois,60610,Central,OFF-BI-10003429,Office Supplies,Binders,"Cardinal HOLDit! Binder Insert Strips,Extra Strips",3.797999999999999,3,0.8,-5.886900000000001,0
9852,CA-2016-158155,2016-05-02,2016-05-06,Standard Class,EH-13765,Edward Hooks,Corporate,United States,New York City,New York,10009,East,OFF-BI-10001670,Office Supplies,Binders,Vinyl Sectional Post Binders,90.48000000000002,3,0.2,33.93,0
9854,CA-2016-158155,2016-05-02,2016-05-06,Standard Class,EH-13765,Edward Hooks,Corporate,United States,New York City,New York,10009,East,FUR-FU-10002253,Furniture,Furnishings,"Howard Miller 13"" Diameter Pewter Finish Round Wall Clock",214.7,5,0.0,83.733,0
