Row ID,Order ID,Order Date,Ship Date,Ship Mode,Customer ID,Customer Name,Segment,Country,City,State,Postal Code,Region,Product ID,Category,Sub-Category,Product Name,Sales,Quantity,Discount,Profit,Data_origen
112,CA-2016-128867,2016-11-03,2016-11-10,Standard Class,CL-12565,Clay Ludtke,Consumer,United States,Urbandale,Iowa,50322,Central,OFF-AR-10000380,Office Supplies,Art,"Hunt PowerHouse Electric Pencil Sharpener, Blue",75.96,2,0.0,22.78799999999999,0
113,CA-2016-128867,2016-11-03,2016-11-10,Standard Class,CL-12565,Clay Ludtke,Consumer,United States,Urbandale,Iowa,50322,Central,OFF-BI-10003981,Office Supplies,Binders,"Avery Durable Plastic 1"" Binders",27.240000000000002,6,0.0,13.3476,0
130,US-2016-125969,2016-11-06,2016-11-10,Second Class,LS-16975,Lindsay Shagiari,Home Office,United States,Los Angeles,California,90004,West,FUR-FU-10003773,Furniture,Furnishings,Eldon Cleatmat Plus Chair Mats for High Pile Carpets,238.56,3,0.0,26.241599999999977,0
159,CA-2016-114104,2016-11-20,2016-11-24,Standard Class,NP-18670,Nora Paige,Consumer,United States,Edmond,Oklahoma,73034,Central,OFF-LA-10002475,Office Supplies,Labels,Avery 519,14.62,2,0.0,6.8713999999999995,0
291,CA-2016-110772,2016-11-20,2016-11-24,Second Class,NZ-18565,Nick Zandusky,Home Office,United States,Columbus,Ohio,43229,East,OFF-LA-10004689,Office Supplies,Labels,Avery 512,18.496000000000002,8,0.2,6.2424,0
293,CA-2016-110772,2016-11-20,2016-11-24,Second Class,NZ-18565,Nick Zandusky,Home Office,United States,Columbus,Ohio,43229,East,FUR-BO-10004709,Furniture,Bookcases,"Bush Westfield Collection Bookcases, Medium Cherry Finish",86.97,3,0.5,-48.703199999999995,0
665,CA-2016-143308,2016-11-04,2016-11-04,Same Day,RC-19825,Roy Collins,Consumer,United States,Louisville,Kentucky,40214,South,OFF-FA-10000621,Office Supplies,Fasteners,"OIC Colored Binder Clips, Assorted Sizes",10.74,3,0.0,5.2626,0
682,CA-2016-164511,2016-11-19,2016-11-24,Standard Class,DJ-13630,Doug Jacobs,Consumer,United States,New York City,New York,10024,East,OFF-ST-10002583,Office Supplies,Storage,Fellowes Neat Ideas Storage Cubes,64.96,2,0.0,2.598399999999998,0
703,CA-2016-163755,2016-11-04,2016-11-08,Second Class,AS-10285,Alejandro Savely,Corporate,United States,Seattle,Washington,98103,West,FUR-FU-10003394,Furniture,Furnishings,"Tenex ""The Solids"" Textured Chair Mats",209.88,3,0.0,35.67959999999998,0
843,CA-2016-161669,2016-11-07,2016-11-09,First Class,EM-14095,Eudokia Martin,Corporate,United States,Los Angeles,California,90036,West,OFF-BI-10001294,Office Supplies,Binders,Fellowes Binding Cases,37.44,4,0.2,11.699999999999996,0
845,CA-2016-161669,2016-11-07,2016-11-09,First Class,EM-14095,Eudokia Martin,Corporate,United States,Los Angeles,California,90036,West,OFF-SU-10002503,Office Supplies,Supplies,Acme Preferred Stainless Steel Scissors,11.36,2,0.0,3.2943999999999996,0
846,CA-2016-161669,2016-11-07,2016-11-09,First Class,EM-14095,Eudokia Martin,Corporate,United States,Los Angeles,California,90036,West,OFF-LA-10004093,Office Supplies,Labels,Avery 486,14.62,2,0.0,6.8713999999999995,0
1001,CA-2016-155488,2016-11-13,2016-11-17,Standard Class,FM-14290,Frank Merwin,Home Office,United States,Vancouver,Washington,98661,West,OFF-AR-10002956,Office Supplies,Art,Boston 16801 Nautilus Battery Pencil Sharpener,44.02,2,0.0,11.4452,0
1034,CA-2016-109820,2016-11-20,2016-11-22,First Class,AG-10390,Allen Goldenen,Consumer,United States,Cincinnati,Ohio,45231,East,OFF-PA-10000955,Office Supplies,Paper,Southworth 25% Cotton Granite Paper & Envelopes,15.696000000000002,3,0.2,5.1011999999999995,0
1035,CA-2016-109820,2016-11-20,2016-11-22,First Class,AG-10390,Allen Goldenen,Consumer,United States,Cincinnati,Ohio,45231,East,OFF-BI-10003460,Office Supplies,Binders,Acco 3-Hole Punch,2.628,2,0.7,-1.9272,0
1060,CA-2016-105284,2016-11-24,2016-12-01,Standard Class,MG-17650,Matthew Grinstein,Home Office,United States,Philadelphia,Pennsylvania,19143,East,OFF-FA-10001754,Office Supplies,Fasteners,Stockwell Gold Paper Clips,4.416,3,0.2,1.6008,0
1074,CA-2016-134348,2016-11-12,2016-11-19,Standard Class,MS-17710,Maurice Satty,Consumer,United States,Mesa,Arizona,85204,West,OFF-BI-10003727,Office Supplies,Binders,Avery Durable Slant Ring Binders With Label Holder,6.27,5,0.7,-4.598000000000001,0
1076,CA-2016-134348,2016-11-12,2016-11-19,Standard Class,MS-17710,Maurice Satty,Consumer,United States,Mesa,Arizona,85204,West,TEC-AC-10003447,Technology,Accessories,Micropad Numeric Keypads,31.983999999999998,2,0.2,1.998999999999998,0
1106,US-2016-110156,2016-11-19,2016-11-24,Standard Class,EH-13945,Eric Hoffmann,Consumer,United States,Houston,Texas,77041,Central,OFF-ST-10000642,Office Supplies,Storage,"Tennsco Lockers, Gray",100.70400000000001,6,0.2,-16.36440000000001,0
1113,US-2016-110156,2016-11-19,2016-11-24,Standard Class,EH-13945,Eric Hoffmann,Consumer,United States,Houston,Texas,77041,Central,OFF-BI-10002609,Office Supplies,Binders,Avery Hidden Tab Dividers for Binding Systems,1.1919999999999997,2,0.8,-2.0264,0
1137,CA-2016-152170,2016-11-12,2016-11-15,Second Class,FH-14275,Frank Hawley,Corporate,United States,La Porte,Indiana,46350,Central,OFF-EN-10002831,Office Supplies,Envelopes,"Tyvek  Top-Opening Peel & Seel  Envelopes, Gray",287.52,8,0.0,129.384,0
1138,CA-2016-152170,2016-11-12,2016-11-15,Second Class,FH-14275,Frank Hawley,Corporate,United States,La Porte,Indiana,46350,Central,OFF-AP-10002350,Office Supplies,Appliances,Belkin F9H710-06 7 Outlet SurgeMaster Surge Protector,37.68,2,0.0,10.5504,0
1139,CA-2016-152170,2016-11-12,2016-11-15,Second Class,FH-14275,Frank Hawley,Corporate,United States,La Porte,Indiana,46350,Central,OFF-PA-10001763,Office Supplies,Paper,Xerox 1896,19.98,2,0.0,8.991,0
1140,CA-2016-152170,2016-11-12,2016-11-15,Second Class,FH-14275,Frank Hawley,Corporate,United States,La Porte,Indiana,46350,Central,OFF-AR-10003394,Office Supplies,Art,Newell 332,20.58,7,0.0,5.5566,0
1141,CA-2016-152170,2016-11-12,2016-11-15,Second Class,FH-14275,Frank Hawley,Corporate,United States,La Porte,Indiana,46350,Central,OFF-BI-10002072,Office Supplies,Binders,Cardinal Slant-D Ring Binders,17.38,2,0.0,8.69,0
1289,CA-2016-154711,2016-11-22,2016-11-26,Standard Class,TB-21355,Todd Boyes,Corporate,United States,New York City,New York,10009,East,OFF-BI-10000605,Office Supplies,Binders,"Acco Pressboard Covers with Storage Hooks, 9 1/2"" x 11"", Executive Red",12.192,4,0.2,4.114799999999999,0
1292,CA-2016-163384,2016-11-10,2016-11-12,First Class,CC-12430,Chuck Clark,Home Office,United States,San Francisco,California,94122,West,OFF-PA-10003172,Office Supplies,Paper,Xerox 1996,32.400000000000006,5,0.0,15.552000000000001,0
1397,CA-2016-124485,2016-11-24,2016-11-26,First Class,NC-18340,Nat Carroll,Consumer,United States,New York City,New York,10035,East,OFF-BI-10000822,Office Supplies,Binders,"Acco PRESSTEX Data Binder with Storage Hooks, Light Blue, 9 1/2"" X 11""",17.216,4,0.2,6.025599999999999,0
1400,CA-2016-124485,2016-11-24,2016-11-26,First Class,NC-18340,Nat Carroll,Consumer,United States,New York City,New York,10035,East,OFF-PA-10004888,Office Supplies,Paper,Xerox 217,6.48,1,0.0,3.1104000000000003,0
1401,CA-2016-159212,2016-11-01,2016-11-05,Standard Class,KM-16375,Katherine Murray,Home Office,United States,Salem,Virginia,24153,South,TEC-PH-10003988,Technology,Phones,"LF Elite 3D Dazzle Designer Hard Case Cover, Lf Stylus Pen and Wiper For Apple Iphone 5c Mini Lite",21.8,2,0.0,6.104000000000001,0
1454,CA-2016-133711,2016-11-26,2016-11-29,First Class,MC-17425,Mark Cousins,Corporate,United States,Mobile,Alabama,36608,South,OFF-BI-10004352,Office Supplies,Binders,Wilson Jones DublLock D-Ring Binders,33.75,5,0.0,16.875,0
1475,CA-2016-113138,2016-11-19,2016-11-25,Standard Class,NP-18685,Nora Pelletier,Home Office,United States,Niagara Falls,New York,14304,East,OFF-AR-10003770,Office Supplies,Art,Newell 340,17.28,6,0.0,5.0112,0
1503,CA-2016-100468,2016-11-24,2016-12-01,Standard Class,AT-10435,Alyssa Tate,Home Office,United States,Los Angeles,California,90045,West,TEC-PH-10001300,Technology,Phones,"iKross Bluetooth Portable Keyboard + Cell Phone Stand Holder + Brush for Apple iPhone 5S 5C 5, 4S 4",33.52,2,0.2,3.3519999999999985,0
1664,CA-2016-128531,2016-11-24,2016-11-26,Second Class,NS-18505,Neola Schneider,Consumer,United States,Dallas,Texas,75217,Central,OFF-ST-10001325,Office Supplies,Storage,Sterilite Officeware Hinged File Box,41.92,5,0.2,3.6679999999999993,0
1665,CA-2016-128531,2016-11-24,2016-11-26,Second Class,NS-18505,Neola Schneider,Consumer,United States,Dallas,Texas,75217,Central,TEC-AC-10002049,Technology,Accessories,Logitech G19 Programmable Gaming Keyboard,297.576,3,0.2,-7.439400000000035,0
1772,CA-2016-129686,2016-11-27,2016-11-29,Second Class,GG-14650,Greg Guthrie,Corporate,United States,Chicago,Illinois,60623,Central,OFF-ST-10004337,Office Supplies,Storage,"SAFCO Commercial Wire Shelving, 72h",97.98400000000001,2,0.2,-24.496000000000002,0
1780,CA-2016-124667,2016-11-11,2016-11-16,Standard Class,BD-11770,Bryan Davis,Consumer,United States,New York City,New York,10011,East,TEC-AC-10003447,Technology,Accessories,Micropad Numeric Keypads,59.97,3,0.0,14.992499999999996,0
1781,CA-2016-124667,2016-11-11,2016-11-16,Standard Class,BD-11770,Bryan Davis,Consumer,United States,New York City,New York,10011,East,OFF-ST-10002276,Office Supplies,Storage,Safco Steel Mobile File Cart,83.36,1,0.0,20.840000000000003,0
1884,CA-2016-118570,2016-11-13,2016-11-17,Standard Class,CC-12430,Chuck Clark,Home Office,United States,Philadelphia,Pennsylvania,19143,East,OFF-PA-10001289,Office Supplies,Paper,White Computer Printout Paper by Universal,217.05599999999998,7,0.2,78.6828,0
2241,CA-2016-146633,2016-11-15,2016-11-17,Second Class,TG-21310,Toby Gnade,Consumer,United States,Los Angeles,California,90049,West,OFF-BI-10002982,Office Supplies,Binders,Avery Self-Adhesive Photo Pockets for Polaroid Photos,38.136,7,0.2,13.347599999999998,0
2242,US-2016-126893,2016-11-26,2016-12-01,Standard Class,CT-11995,Carol Triggs,Consumer,United States,Philadelphia,Pennsylvania,19134,East,TEC-PH-10004165,Technology,Phones,Mitel MiVoice 5330e IP Phone,494.98199999999997,3,0.4,-115.49580000000006,0
2265,CA-2016-131065,2016-11-14,2016-11-16,Second Class,AA-10375,Allen Armold,Consumer,United States,Atlanta,Georgia,30318,South,OFF-PA-10002479,Office Supplies,Paper,Xerox 4200 Series MultiUse Premium Copy Paper (20Lb. and 84 Bright),5.28,1,0.0,2.376,0
2476,CA-2016-114972,2016-11-03,2016-11-06,First Class,PF-19225,Phillip Flathmann,Consumer,United States,Los Angeles,California,90032,West,OFF-LA-10004545,Office Supplies,Labels,Avery 50,87.71,7,0.0,41.223699999999994,0
2514,CA-2016-124506,2016-11-11,2016-11-17,Standard Class,BB-11545,Brenda Bowman,Corporate,United States,Chicago,Illinois,60623,Central,TEC-AC-10003280,Technology,Accessories,Belkin F8E887 USB Wired Ergonomic Keyboard,95.968,4,0.2,1.1995999999999931,0
2774,CA-2016-131576,2016-11-22,2016-11-26,Standard Class,RD-19585,Rob Dowd,Consumer,United States,Detroit,Michigan,48205,Central,OFF-BI-10002852,Office Supplies,Binders,Ibico Standard Transparent Covers,49.44,3,0.0,24.2256,0
2783,CA-2016-139878,2016-11-11,2016-11-16,Standard Class,LD-17005,Lisa DeCherney,Consumer,United States,Detroit,Michigan,48234,Central,TEC-PH-10001336,Technology,Phones,Digium D40 VoIP phone,257.98,2,0.0,74.8142,0
2850,CA-2016-123617,2016-11-28,2016-12-03,Standard Class,AJ-10780,Anthony Jacobs,Corporate,United States,Palm Coast,Florida,32137,South,OFF-BI-10002976,Office Supplies,Binders,ACCOHIDE Binder by Acco,7.434000000000001,6,0.7,-5.699399999999997,0
2868,CA-2016-115588,2016-11-10,2016-11-12,Second Class,AF-10885,Art Foster,Consumer,United States,Toledo,Ohio,43615,East,OFF-SU-10001225,Office Supplies,Supplies,Staple remover,14.720000000000002,5,0.2,-3.312000000000001,0
2869,CA-2016-115588,2016-11-10,2016-11-12,Second Class,AF-10885,Art Foster,Consumer,United States,Toledo,Ohio,43615,East,OFF-ST-10001558,Office Supplies,Storage,Acco Perma 4000 Stacking Storage Drawers,38.976,3,0.2,-2.436,0
2884,CA-2016-130799,2016-11-11,2016-11-16,Second Class,BK-11260,Berenike Kampe,Consumer,United States,San Francisco,California,94110,West,FUR-FU-10001852,Furniture,Furnishings,"Eldon Regeneration Recycled Desk Accessories, Smoke",6.96,4,0.0,2.2272,0
2920,CA-2016-160129,2016-11-23,2016-11-23,Same Day,LS-17200,Luke Schmidt,Corporate,United States,Philadelphia,Pennsylvania,19140,East,FUR-FU-10002088,Furniture,Furnishings,Nu-Dell Float Frame 11 x 14 1/2,14.368000000000002,2,0.2,3.9512,0
2921,CA-2016-160129,2016-11-23,2016-11-23,Same Day,LS-17200,Luke Schmidt,Corporate,United States,Philadelphia,Pennsylvania,19140,East,FUR-FU-10003976,Furniture,Furnishings,"DAX Executive Solid Wood Document Frame, Desktop or Hang, Mahogany, 5 x 7",70.44800000000001,7,0.2,12.328399999999988,0
2946,CA-2016-166443,2016-11-04,2016-11-05,First Class,LH-17020,Lisa Hazard,Consumer,United States,San Francisco,California,94122,West,FUR-FU-10004020,Furniture,Furnishings,Advantus Panel Wall Acrylic Frame,38.29,7,0.0,16.4647,0
3378,CA-2016-100671,2016-11-01,2016-11-04,First Class,CS-12490,Cindy Schnelling,Corporate,United States,Conroe,Texas,77301,Central,OFF-ST-10004950,Office Supplies,Storage,"Tenex Personal Filing Tote With Secure Closure Lid, Black/Frost",111.67200000000001,9,0.2,6.979499999999991,0
3464,CA-2016-165470,2016-11-25,2016-11-30,Standard Class,HJ-14875,Heather Jas,Home Office,United States,Jacksonville,Florida,32216,South,OFF-PA-10004675,Office Supplies,Paper,"Telephone Message Books with Fax/Mobile Section, 5 1/2"" x 3 3/16""",5.08,1,0.2,1.6509999999999998,0
3476,CA-2016-144911,2016-11-27,2016-11-30,First Class,RW-19630,Rob Williams,Corporate,United States,Overland Park,Kansas,66212,Central,TEC-AC-10004633,Technology,Accessories,"Verbatim 25 GB 6x Blu-ray Single Layer Recordable Disc, 3/Pack",34.95,5,0.0,15.378000000000004,0
3487,US-2016-134761,2016-11-30,2016-11-30,Same Day,DB-13210,Dean Braden,Consumer,United States,Hickory,North Carolina,28601,South,TEC-PH-10002890,Technology,Phones,AT&T 17929 Lendline Telephone,36.192,1,0.2,2.7143999999999995,0
3523,CA-2016-114482,2016-11-21,2016-11-25,Second Class,DM-13345,Denise Monton,Corporate,United States,Des Moines,Iowa,50315,Central,TEC-PH-10001580,Technology,Phones,Logitech Mobile Speakerphone P710e - speaker phone,404.93999999999994,3,0.0,109.33379999999998,0
3525,CA-2016-132731,2016-11-24,2016-11-28,Standard Class,GA-14515,George Ashbrook,Consumer,United States,Dallas,Texas,75081,Central,TEC-PH-10004120,Technology,Phones,AT&T 1080 Phone,657.5520000000001,6,0.2,49.31639999999999,0
3612,US-2016-131674,2016-11-29,2016-12-01,Second Class,NC-18535,Nick Crebassa,Corporate,United States,Dallas,Texas,75217,Central,TEC-AC-10004864,Technology,Accessories,Memorex Micro Travel Drive 32 GB,58.416,2,0.2,16.794600000000003,0
3635,CA-2016-145177,2016-11-10,2016-11-14,Standard Class,PP-18955,Paul Prost,Home Office,United States,Springfield,Ohio,45503,East,TEC-PH-10000376,Technology,Phones,Square Credit Card Reader,41.958,7,0.4,-9.790199999999999,0
3636,CA-2016-145177,2016-11-10,2016-11-14,Standard Class,PP-18955,Paul Prost,Home Office,United States,Springfield,Ohio,45503,East,OFF-PA-10004039,Office Supplies,Paper,Xerox 1882,89.568,2,0.2,32.4684,0
3637,CA-2016-145177,2016-11-10,2016-11-14,Standard Class,PP-18955,Paul Prost,Home Office,United States,Springfield,Ohio,45503,East,OFF-PA-10001776,Office Supplies,Paper,"Wirebound Message Books, Four 2 3/4"" x 5"" Forms per Page, 600 Sets per Book",22.248,3,0.2,7.508699999999998,0
3638,CA-2016-145177,2016-11-10,2016-11-14,Standard Class,PP-18955,Paul Prost,Home Office,United States,Springfield,Ohio,45503,East,OFF-AP-10002457,Office Supplies,Appliances,"Eureka The Boss Plus 12-Amp Hard Box Upright Vacuum, Red",334.88000000000005,4,0.2,29.30199999999998,0
3639,CA-2016-145177,2016-11-10,2016-11-14,Standard Class,PP-18955,Paul Prost,Home Office,United States,Springfield,Ohio,45503,East,FUR-FU-10000758,Furniture,Furnishings,DAX Natural Wood-Tone Poster Frame,148.288,7,0.2,29.657599999999988,0
3642,CA-2016-145177,2016-11-10,2016-11-14,Standard Class,PP-18955,Paul Prost,Home Office,United States,Springfield,Ohio,45503,East,OFF-BI-10002082,Office Supplies,Binders,GBC Twin Loop Wire Binding Elements,69.888,7,0.7,-46.592,0
3893,US-2016-163881,2016-11-24,2016-11-30,Standard Class,SP-20860,Sung Pak,Corporate,United States,Los Angeles,California,90036,West,TEC-AC-10000420,Technology,Accessories,Logitech G500s Laser Gaming Mouse with Adjustable Weight Tuning,559.92,8,0.0,190.37279999999998,0
3948,CA-2016-119963,2016-11-18,2016-11-22,Standard Class,SN-20710,Steve Nguyen,Home Office,United States,Pasadena,Texas,77506,Central,OFF-AR-10003514,Office Supplies,Art,4009 Highlighters by Sanford,6.368,2,0.2,1.0347999999999993,0
3949,CA-2016-119963,2016-11-18,2016-11-22,Standard Class,SN-20710,Steve Nguyen,Home Office,United States,Pasadena,Texas,77506,Central,OFF-LA-10003510,Office Supplies,Labels,"Avery 4027 File Folder Labels for Dot Matrix Printers, 5000 Labels per Box, White",48.848000000000006,2,0.2,15.8756,0
3950,CA-2016-119963,2016-11-18,2016-11-22,Standard Class,SN-20710,Steve Nguyen,Home Office,United States,Pasadena,Texas,77506,Central,OFF-PA-10001970,Office Supplies,Paper,Xerox 1881,19.648,2,0.2,6.631199999999999,0
4265,US-2016-131611,2016-11-05,2016-11-09,Standard Class,EP-13915,Emily Phan,Consumer,United States,Houston,Texas,77036,Central,FUR-TA-10002774,Furniture,Tables,Laminate Occasional Tables,863.1279999999999,8,0.3,-160.29520000000008,0
4267,US-2016-131611,2016-11-05,2016-11-09,Standard Class,EP-13915,Emily Phan,Consumer,United States,Houston,Texas,77036,Central,FUR-BO-10000780,Furniture,Bookcases,O'Sullivan Plantations 2-Door Library in Landvery Oak,956.6647999999999,7,0.32,-225.09759999999991,0
4268,US-2016-131611,2016-11-05,2016-11-09,Standard Class,EP-13915,Emily Phan,Consumer,United States,Houston,Texas,77036,Central,OFF-BI-10001989,Office Supplies,Binders,Premium Transparent Presentation Covers by GBC,12.587999999999997,3,0.8,-20.140800000000006,0
4269,US-2016-131611,2016-11-05,2016-11-09,Standard Class,EP-13915,Emily Phan,Consumer,United States,Houston,Texas,77036,Central,TEC-AC-10004001,Technology,Accessories,Logitech Wireless Headset H600 Over-The-Head Design,171.96,5,0.2,45.139500000000005,0
4272,CA-2016-123806,2016-11-24,2016-11-27,Second Class,LA-16780,Laura Armstrong,Corporate,United States,Baltimore,Maryland,21215,East,FUR-FU-10000965,Furniture,Furnishings,"Howard Miller 11-1/2"" Diameter Ridgewood Wall Clock",207.76,4,0.0,85.1816,0
4370,US-2016-165078,2016-11-05,2016-11-10,Standard Class,MA-17995,Michelle Arnett,Home Office,United States,Lawrence,Indiana,46226,Central,OFF-BI-10001989,Office Supplies,Binders,Premium Transparent Presentation Covers by GBC,104.9,5,0.0,50.352,0
4371,US-2016-165078,2016-11-05,2016-11-10,Standard Class,MA-17995,Michelle Arnett,Home Office,United States,Lawrence,Indiana,46226,Central,OFF-AR-10002987,Office Supplies,Art,Prismacolor Color Pencil Set,39.68,2,0.0,16.268800000000002,0
4372,US-2016-165078,2016-11-05,2016-11-10,Standard Class,MA-17995,Michelle Arnett,Home Office,United States,Lawrence,Indiana,46226,Central,OFF-LA-10000414,Office Supplies,Labels,Avery 503,51.75,5,0.0,24.84,0
4375,CA-2016-158575,2016-11-18,2016-11-24,Standard Class,SB-20290,Sean Braxton,Corporate,United States,Kent,Ohio,44240,East,OFF-AP-10002998,Office Supplies,Appliances,Holmes 99% HEPA Air Purifier,103.96799999999999,6,0.2,16.894799999999996,0
4397,CA-2016-148740,2016-11-15,2016-11-19,Standard Class,AH-10690,Anna Häberlin,Corporate,United States,San Diego,California,92024,West,TEC-PH-10002549,Technology,Phones,Polycom SoundPoint IP 450 VoIP phone,361.37600000000003,2,0.2,27.1032,0
4407,CA-2016-100041,2016-11-20,2016-11-25,Standard Class,BF-10975,Barbara Fisher,Corporate,United States,Columbus,Indiana,47201,Central,OFF-PA-10001622,Office Supplies,Paper,"Ampad Poly Cover Wirebound Steno Book, 6"" x 9"" Assorted Colors, Gregg Ruled",9.08,2,0.0,4.085999999999999,0
4408,CA-2016-100041,2016-11-20,2016-11-25,Standard Class,BF-10975,Barbara Fisher,Corporate,United States,Columbus,Indiana,47201,Central,OFF-PA-10000418,Office Supplies,Paper,Xerox 189,314.54999999999995,3,0.0,150.98399999999998,0
4482,CA-2016-109365,2016-11-03,2016-11-08,Standard Class,XP-21865,Xylona Preis,Consumer,United States,Los Angeles,California,90049,West,OFF-AP-10002998,Office Supplies,Appliances,Holmes 99% HEPA Air Purifier,43.32,2,0.0,14.295599999999997,0
4483,CA-2016-109365,2016-11-03,2016-11-08,Standard Class,XP-21865,Xylona Preis,Consumer,United States,Los Angeles,California,90049,West,OFF-BI-10003981,Office Supplies,Binders,"Avery Durable Plastic 1"" Binders",43.584,12,0.2,15.799199999999999,0
4484,CA-2016-109365,2016-11-03,2016-11-08,Standard Class,XP-21865,Xylona Preis,Consumer,United States,Los Angeles,California,90049,West,OFF-PA-10001725,Office Supplies,Paper,Xerox 1892,116.28,3,0.0,56.977199999999996,0
4485,CA-2016-109365,2016-11-03,2016-11-08,Standard Class,XP-21865,Xylona Preis,Consumer,United States,Los Angeles,California,90049,West,OFF-BI-10002071,Office Supplies,Binders,Fellowes Black Plastic Comb Bindings,9.296,2,0.2,3.0211999999999994,0
4486,CA-2016-109365,2016-11-03,2016-11-08,Standard Class,XP-21865,Xylona Preis,Consumer,United States,Los Angeles,California,90049,West,OFF-PA-10000477,Office Supplies,Paper,Xerox 22,19.44,3,0.0,9.3312,0
4530,CA-2016-134691,2016-11-14,2016-11-18,Standard Class,KC-16540,Kelly Collister,Consumer,United States,Houston,Texas,77041,Central,OFF-BI-10002393,Office Supplies,Binders,Binder Posts,2.2959999999999994,2,0.8,-3.903200000000001,0
4532,CA-2016-118759,2016-11-14,2016-11-17,First Class,MB-17305,Maria Bertelson,Consumer,United States,New York City,New York,10009,East,OFF-ST-10001590,Office Supplies,Storage,"Tenex Personal Project File with Scoop Front Design, Black",40.44,3,0.0,10.514399999999998,0
4725,CA-2016-131968,2016-11-11,2016-11-15,Standard Class,LB-16795,Laurel Beltran,Home Office,United States,Apopka,Florida,32712,South,OFF-BI-10002852,Office Supplies,Binders,Ibico Standard Transparent Covers,9.888000000000002,2,0.7,-6.921599999999998,0
4814,CA-2016-121370,2016-11-14,2016-11-19,Second Class,EB-14110,Eugene Barchas,Consumer,United States,Philadelphia,Pennsylvania,19134,East,FUR-FU-10002813,Furniture,Furnishings,"DAX Contemporary Wood Frame with Silver Metal Mat, Desktop, 11 x 14 Size",48.576,3,0.2,9.715199999999994,0
4824,CA-2016-140018,2016-11-21,2016-11-26,Standard Class,CK-12205,Chloris Kastensmidt,Consumer,United States,Columbus,Ohio,43229,East,TEC-MA-10000752,Technology,Machines,Texas Instrument TI-15 Fraction Calculator,30.345000000000006,7,0.7,-24.275999999999996,0
4825,CA-2016-140018,2016-11-21,2016-11-26,Standard Class,CK-12205,Chloris Kastensmidt,Consumer,United States,Columbus,Ohio,43229,East,FUR-CH-10003817,Furniture,Chairs,"Global Value Steno Chair, Gray",127.554,3,0.3,-9.110999999999997,0
4863,CA-2016-125164,2016-11-10,2016-11-14,Standard Class,SH-19975,Sally Hughsby,Corporate,United States,New York City,New York,10011,East,OFF-BI-10001191,Office Supplies,Binders,Canvas Sectional Post Binders,20.368000000000002,1,0.2,7.3834,0
4864,CA-2016-125164,2016-11-10,2016-11-14,Standard Class,SH-19975,Sally Hughsby,Corporate,United States,New York City,New York,10011,East,OFF-BI-10003982,Office Supplies,Binders,Wilson Jones Century Plastic Molded Ring Binders,49.848,3,0.2,16.8237,0
4890,CA-2016-163167,2016-11-28,2016-12-01,Second Class,RF-19345,Randy Ferguson,Corporate,United States,Marietta,Georgia,30062,South,OFF-ST-10003805,Office Supplies,Storage,"24 Capacity Maxi Data Binder Racks, Pearl",1263.3000000000002,6,0.0,315.82499999999993,0
4960,CA-2016-166226,2016-11-18,2016-11-22,Standard Class,TC-21535,Tracy Collins,Home Office,United States,Los Angeles,California,90008,West,TEC-PH-10003357,Technology,Phones,Grandstream GXP2100 Mainstream Business Phone,61.192,1,0.2,6.119200000000001,0
4961,CA-2016-166226,2016-11-18,2016-11-22,Standard Class,TC-21535,Tracy Collins,Home Office,United States,Los Angeles,California,90008,West,OFF-AP-10002867,Office Supplies,Appliances,Fellowes Command Center 5-outlet power strip,67.84,1,0.0,18.3168,0
4971,US-2016-153815,2016-11-06,2016-11-09,First Class,KL-16555,Kelly Lampkin,Corporate,United States,Jacksonville,Florida,32216,South,FUR-CH-10000513,Furniture,Chairs,High-Back Leather Manager's Chair,207.98400000000004,2,0.2,-28.597800000000007,0
5042,CA-2016-158694,2016-11-10,2016-11-13,Second Class,AI-10855,Arianne Irving,Consumer,United States,Los Angeles,California,90036,West,OFF-PA-10002421,Office Supplies,Paper,Embossed Ink Jet Note Cards,67.71000000000001,3,0.0,32.5008,0
5115,CA-2016-150658,2016-11-17,2016-11-22,Standard Class,MS-17365,Maribeth Schnelling,Consumer,United States,Carlsbad,New Mexico,88220,West,OFF-BI-10004140,Office Supplies,Binders,Avery Non-Stick Binders,10.776000000000002,3,0.2,3.3674999999999984,0
5138,CA-2016-128972,2016-11-13,2016-11-17,Standard Class,TS-21430,Tom Stivers,Corporate,United States,Oklahoma City,Oklahoma,73120,Central,FUR-FU-10003096,Furniture,Furnishings,"Master Giant Foot Doorstop, Safety Yellow",30.36,4,0.0,13.0548,0
5163,CA-2016-115378,2016-11-18,2016-11-23,Second Class,AJ-10945,Ashley Jarboe,Consumer,United States,Taylor,Michigan,48180,Central,FUR-CH-10000863,Furniture,Chairs,Novimex Swivel Fabric Task Chair,301.96,2,0.0,33.215599999999995,0
5177,CA-2016-148908,2016-11-05,2016-11-08,First Class,JH-15985,Joseph Holt,Consumer,United States,San Francisco,California,94109,West,OFF-BI-10002082,Office Supplies,Binders,GBC Twin Loop Wire Binding Elements,53.248000000000005,2,0.2,19.968,0
5366,CA-2016-107790,2016-11-20,2016-11-24,Standard Class,EH-13990,Erica Hackney,Consumer,United States,Houston,Texas,77041,Central,TEC-PH-10004539,Technology,Phones,Wireless Extenders zBoost YX545 SOHO Signal Booster,151.192,1,0.2,13.229299999999995,0
5398,CA-2016-145492,2016-11-20,2016-11-27,Standard Class,MC-17605,Matt Connell,Corporate,United States,Los Angeles,California,90004,West,OFF-AP-10003622,Office Supplies,Appliances,"Bravo II Megaboss 12-Amp Hard Body Upright, Replacement Belts, 2 Belts per Pack",39.0,12,0.0,11.309999999999999,0
5699,CA-2016-143441,2016-11-05,2016-11-05,Same Day,EB-14170,Evan Bailliet,Consumer,United States,Laredo,Texas,78041,Central,OFF-LA-10002312,Office Supplies,Labels,Avery 490,11.840000000000002,1,0.2,4.4399999999999995,0
5701,CA-2016-125661,2016-11-24,2016-11-26,First Class,CA-12055,Cathy Armstrong,Home Office,United States,Cleveland,Ohio,44105,East,OFF-EN-10001532,Office Supplies,Envelopes,Brown Kraft Recycled Envelopes,40.752,3,0.2,15.281999999999998,0
5702,CA-2016-125661,2016-11-24,2016-11-26,First Class,CA-12055,Cathy Armstrong,Home Office,United States,Cleveland,Ohio,44105,East,TEC-AC-10004855,Technology,Accessories,V7 USB Numeric Keypad,139.96000000000004,5,0.2,-22.743500000000004,0
5892,CA-2016-146157,2016-11-21,2016-11-26,Standard Class,RD-19720,Roger Demir,Consumer,United States,Chicago,Illinois,60610,Central,OFF-ST-10001590,Office Supplies,Storage,"Tenex Personal Project File with Scoop Front Design, Black",21.568,2,0.2,1.6175999999999986,0
5924,CA-2016-130288,2016-11-26,2016-11-30,Second Class,DK-13225,Dean Katz,Corporate,United States,New York City,New York,10011,East,FUR-TA-10002958,Furniture,Tables,"Bevis Oval Conference Table, Walnut",313.176,2,0.4,-120.05080000000007,0
6085,US-2016-132577,2016-11-22,2016-11-27,Standard Class,JE-15475,Jeremy Ellison,Consumer,United States,Houston,Texas,77095,Central,TEC-AC-10000387,Technology,Accessories,KeyTronic KT800P2 - Keyboard - Black,24.032,2,0.2,-0.6008000000000004,0
6086,US-2016-132577,2016-11-22,2016-11-27,Standard Class,JE-15475,Jeremy Ellison,Consumer,United States,Houston,Texas,77095,Central,OFF-LA-10000262,Office Supplies,Labels,Avery 494,2.088,1,0.2,0.6785999999999999,0
6087,US-2016-132577,2016-11-22,2016-11-27,Standard Class,JE-15475,Jeremy Ellison,Consumer,United States,Houston,Texas,77095,Central,OFF-BI-10003196,Office Supplies,Binders,Accohide Poly Flexible Ring Binders,4.4879999999999995,6,0.8,-6.732000000000001,0
6111,CA-2016-124590,2016-11-12,2016-11-16,Standard Class,SP-20920,Susan Pistek,Consumer,United States,Parma,Ohio,44134,East,FUR-CH-10004495,Furniture,Chairs,"Global Leather and Oak Executive Chair, Black",1474.8020000000001,7,0.3,-21.068600000000174,0
6118,US-2016-113677,2016-11-13,2016-11-19,Standard Class,CM-12655,Corinna Mitchell,Home Office,United States,New York City,New York,10011,East,OFF-LA-10001569,Office Supplies,Labels,Avery 499,14.940000000000001,3,0.0,6.8724,0
6135,CA-2016-146766,2016-11-04,2016-11-04,Same Day,TT-21220,Thomas Thornton,Consumer,United States,Chula Vista,California,91911,West,OFF-AR-10002135,Office Supplies,Art,Boston Heavy-Duty Trimline Electric Pencil Sharpeners,192.8,4,0.0,55.91199999999998,0
6244,CA-2016-165561,2016-11-24,2016-11-28,Standard Class,CR-12580,Clay Rozendal,Home Office,United States,Bellevue,Washington,98006,West,OFF-SU-10004782,Office Supplies,Supplies,"Elite 5"" Scissors",25.349999999999998,3,0.0,7.604999999999998,0
6306,CA-2016-163328,2016-11-04,2016-11-06,Second Class,TP-21565,Tracy Poddar,Corporate,United States,Eugene,Oregon,97405,West,OFF-SU-10002301,Office Supplies,Supplies,Serrated Blade or Curved Handle Hand Letter Openers,17.584000000000003,7,0.2,-4.1762,0
6307,CA-2016-163328,2016-11-04,2016-11-06,Second Class,TP-21565,Tracy Poddar,Corporate,United States,Eugene,Oregon,97405,West,FUR-CH-10003298,Furniture,Chairs,"Office Star - Contemporary Task Swivel chair with Loop Arms, Charcoal",104.78399999999999,1,0.2,-14.407800000000009,0
6309,CA-2016-163328,2016-11-04,2016-11-06,Second Class,TP-21565,Tracy Poddar,Corporate,United States,Eugene,Oregon,97405,West,FUR-CH-10000229,Furniture,Chairs,Global Enterprise Series Seating High-Back Swivel/Tilt Chairs,650.3520000000001,3,0.2,-97.55280000000008,0
6310,CA-2016-163328,2016-11-04,2016-11-06,Second Class,TP-21565,Tracy Poddar,Corporate,United States,Eugene,Oregon,97405,West,OFF-LA-10003930,Office Supplies,Labels,"Dot Matrix Printer Tape Reel Labels, White, 5000/Box",629.1840000000001,8,0.2,228.0792,0
6492,CA-2016-113845,2016-11-20,2016-11-25,Standard Class,FA-14230,Frank Atkinson,Corporate,United States,Orlando,Florida,32839,South,FUR-BO-10004695,Furniture,Bookcases,O'Sullivan 2-Door Barrister Bookcase in Odessa Pine,289.568,2,0.2,10.858799999999974,0
6494,CA-2016-113845,2016-11-20,2016-11-25,Standard Class,FA-14230,Frank Atkinson,Corporate,United States,Orlando,Florida,32839,South,TEC-PH-10003357,Technology,Phones,Grandstream GXP2100 Mainstream Business Phone,244.768,4,0.2,24.476800000000004,0
6574,CA-2016-160535,2016-11-25,2016-11-30,Standard Class,BP-11050,Barry Pond,Corporate,United States,Plainfield,New Jersey,7060,East,OFF-ST-10000689,Office Supplies,Storage,"Fellowes Strictly Business Drawer File, Letter/Legal Size",563.4,4,0.0,67.608,0
6773,CA-2016-119018,2016-11-04,2016-11-08,Standard Class,CW-11905,Carl Weiss,Home Office,United States,Los Angeles,California,90004,West,OFF-BI-10003314,Office Supplies,Binders,Tuff Stuff Recycled Round Ring Binders,7.712000000000001,2,0.2,2.7956000000000003,0
6775,CA-2016-119018,2016-11-04,2016-11-08,Standard Class,CW-11905,Carl Weiss,Home Office,United States,Los Angeles,California,90004,West,OFF-PA-10000295,Office Supplies,Paper,Xerox 229,38.88,6,0.0,18.6624,0
6835,CA-2016-142615,2016-11-20,2016-11-24,Standard Class,BM-11575,Brendan Murry,Corporate,United States,Montebello,California,90640,West,TEC-AC-10004803,Technology,Accessories,Sony Micro Vault Click 4 GB USB 2.0 Flash Drive,27.88,2,0.0,3.903200000000002,0
7030,CA-2016-145548,2016-11-11,2016-11-16,Standard Class,EB-13750,Edward Becker,Corporate,United States,New York City,New York,10011,East,OFF-ST-10002562,Office Supplies,Storage,Staple magnet,28.14,3,0.0,7.879200000000001,0
7035,CA-2016-145548,2016-11-11,2016-11-16,Standard Class,EB-13750,Edward Becker,Corporate,United States,New York City,New York,10011,East,OFF-BI-10004236,Office Supplies,Binders,"XtraLife ClearVue Slant-D Ring Binder, White, 3""",35.232,3,0.2,11.450399999999998,0
7190,CA-2016-164399,2016-11-12,2016-11-15,First Class,DW-13480,Dianna Wilson,Home Office,United States,San Diego,California,92024,West,TEC-PH-10004908,Technology,Phones,Panasonic KX TS3282W Corded phone,203.976,3,0.2,25.496999999999986,0
7191,CA-2016-164399,2016-11-12,2016-11-15,First Class,DW-13480,Dianna Wilson,Home Office,United States,San Diego,California,92024,West,FUR-TA-10003392,Furniture,Tables,Global Adaptabilities Conference Tables,674.3520000000001,3,0.2,-8.429400000000015,0
7196,CA-2016-147683,2016-11-13,2016-11-17,Standard Class,PO-19180,Philisse Overcash,Home Office,United States,Seattle,Washington,98103,West,FUR-FU-10004848,Furniture,Furnishings,DAX Solid Wood Frames,19.54,2,0.0,7.229799999999999,0
7201,CA-2016-104276,2016-11-27,2016-12-03,Standard Class,HF-14995,Herbert Flentye,Consumer,United States,Fort Lauderdale,Florida,33311,South,TEC-PH-10001944,Technology,Phones,Wi-Ex zBoost YX540 Cellular Phone Signal Booster,116.75999999999999,1,0.2,14.594999999999985,0
7308,CA-2016-144092,2016-11-05,2016-11-07,Second Class,LH-17155,Logan Haushalter,Consumer,United States,San Jose,California,95123,West,FUR-CH-10004875,Furniture,Chairs,Harbour Creations 67200 Series Stacking Chairs,113.88800000000002,2,0.2,9.9652,0
7309,CA-2016-144092,2016-11-05,2016-11-07,Second Class,LH-17155,Logan Haushalter,Consumer,United States,San Jose,California,95123,West,OFF-EN-10001434,Office Supplies,Envelopes,"Strathmore #10 Envelopes, Ultimate White",158.13,3,0.0,77.4837,0
7331,CA-2016-149349,2016-11-12,2016-11-13,First Class,SP-20650,Stephanie Phelps,Corporate,United States,Chicago,Illinois,60623,Central,FUR-FU-10001037,Furniture,Furnishings,"DAX Charcoal/Nickel-Tone Document Frame, 5 x 7",22.752000000000002,6,0.6,-8.532,0
7365,CA-2016-127243,2016-11-28,2016-12-04,Standard Class,DS-13180,David Smith,Corporate,United States,Philadelphia,Pennsylvania,19140,East,OFF-FA-10004076,Office Supplies,Fasteners,Translucent Push Pins by OIC,12.672,8,0.2,2.692799999999999,0
7367,CA-2016-127243,2016-11-28,2016-12-04,Standard Class,DS-13180,David Smith,Corporate,United States,Philadelphia,Pennsylvania,19140,East,OFF-ST-10002301,Office Supplies,Storage,Tennsco Commercial Shelving,32.544000000000004,2,0.2,-7.729200000000004,0
7368,CA-2016-127243,2016-11-28,2016-12-04,Standard Class,DS-13180,David Smith,Corporate,United States,Philadelphia,Pennsylvania,19140,East,FUR-CH-10002647,Furniture,Chairs,"Situations Contoured Folding Chairs, 4/Set",347.802,7,0.3,-24.84299999999996,0
7689,CA-2016-169838,2016-11-25,2016-11-29,Standard Class,BB-11545,Brenda Bowman,Corporate,United States,Jackson,Michigan,49201,Central,TEC-AC-10004518,Technology,Accessories,Memorex Mini Travel Drive 32 GB USB 2.0 Flash Drive,160.0,8,0.0,62.400000000000006,0
7729,CA-2016-106915,2016-11-26,2016-12-02,Standard Class,GA-14515,George Ashbrook,Consumer,United States,El Paso,Texas,79907,Central,OFF-AR-10000716,Office Supplies,Art,DIXON Ticonderoga Erasable Checking Pencils,17.856,4,0.2,4.2408,0
7772,CA-2016-108196,2016-11-25,2016-12-02,Standard Class,CS-12505,Cindy Stewart,Consumer,United States,Lancaster,Ohio,43130,East,OFF-BI-10000545,Office Supplies,Binders,GBC Ibimaster 500 Manual ProClick Binding System,456.5880000000001,2,0.7,-304.39200000000005,0
7784,CA-2016-162236,2016-11-04,2016-11-06,Second Class,ER-13855,Elpida Rittenbach,Corporate,United States,Charlotte,North Carolina,28205,South,FUR-TA-10002533,Furniture,Tables,BPI Conference Tables,876.3000000000001,10,0.4,-292.10000000000014,0
7785,CA-2016-162236,2016-11-04,2016-11-06,Second Class,ER-13855,Elpida Rittenbach,Corporate,United States,Charlotte,North Carolina,28205,South,OFF-SU-10003505,Office Supplies,Supplies,Premier Electric Letter Opener,185.376,2,0.2,-34.75800000000002,0
8065,CA-2016-132997,2016-11-07,2016-11-09,First Class,LW-17215,Luke Weiss,Consumer,United States,Rochester,New York,14609,East,OFF-PA-10004983,Office Supplies,Paper,Xerox 23,12.96,2,0.0,6.2208000000000006,0
8066,CA-2016-132997,2016-11-07,2016-11-09,First Class,LW-17215,Luke Weiss,Consumer,United States,Rochester,New York,14609,East,OFF-ST-10003479,Office Supplies,Storage,"Eldon Base for stackable storage shelf, platinum",116.82,3,0.0,5.840999999999987,0
8080,US-2016-164945,2016-11-22,2016-11-27,Standard Class,CA-12055,Cathy Armstrong,Home Office,United States,New York City,New York,10009,East,OFF-BI-10001524,Office Supplies,Binders,GBC Premium Transparent Covers with Diagonal Lined Pattern,134.27200000000002,8,0.2,46.99519999999999,0
8158,CA-2016-103464,2016-11-18,2016-11-22,Standard Class,PG-18820,Patrick Gardner,Consumer,United States,San Diego,California,92105,West,TEC-AC-10002842,Technology,Accessories,WD My Passport Ultra 2TB Portable External Hard Drive,595.0,5,0.0,95.20000000000003,0
8324,CA-2016-130778,2016-11-19,2016-11-25,Standard Class,ND-18370,Natalie DeCherney,Consumer,United States,Long Beach,New York,11561,East,OFF-PA-10001509,Office Supplies,Paper,"Recycled Desk Saver Line ""While You Were Out"" Book, 5 1/2"" X 4""",44.75,5,0.0,20.584999999999994,0
8343,CA-2016-132549,2016-11-25,2016-11-30,Standard Class,JK-15370,Jay Kimmel,Consumer,United States,Huntsville,Alabama,35810,South,OFF-ST-10001325,Office Supplies,Storage,Sterilite Officeware Hinged File Box,73.36,7,0.0,19.8072,0
8374,CA-2016-152940,2016-11-10,2016-11-13,First Class,RO-19780,Rose O'Brian,Consumer,United States,San Francisco,California,94110,West,OFF-ST-10000352,Office Supplies,Storage,Acco Perma 2700 Stacking Storage Drawers,29.74,1,0.0,4.461000000000002,0
8533,CA-2016-156748,2016-11-30,2016-12-06,Standard Class,BS-11755,Bruce Stewart,Consumer,United States,Detroit,Michigan,48227,Central,OFF-ST-10001370,Office Supplies,Storage,Sensible Storage WireTech Storage Systems,496.86,7,0.0,24.842999999999947,0
8567,CA-2016-134110,2016-11-17,2016-11-18,First Class,BG-11035,Barry Gonzalez,Consumer,United States,The Colony,Texas,75056,Central,OFF-PA-10000697,Office Supplies,Paper,"TOPS Voice Message Log Book, Flash Format",15.232,4,0.2,5.521599999999999,0
8614,CA-2016-138233,2016-11-09,2016-11-14,Standard Class,PF-19165,Philip Fox,Consumer,United States,Oakland,California,94601,West,TEC-AC-10002001,Technology,Accessories,Logitech Wireless Gaming Headset G930,479.97,3,0.0,177.58890000000002,0
8647,CA-2016-113341,2016-11-25,2016-11-29,Standard Class,MH-17455,Mark Hamilton,Consumer,United States,Los Angeles,California,90032,West,FUR-CH-10004698,Furniture,Chairs,"Padded Folding Chairs, Black, 4/Carton",194.35200000000003,3,0.2,19.43520000000001,0
8666,CA-2016-118500,2016-11-17,2016-11-18,First Class,HJ-14875,Heather Jas,Home Office,United States,San Francisco,California,94122,West,OFF-SU-10004231,Office Supplies,Supplies,Acme Tagit Stainless Steel Antibacterial Scissors,49.5,5,0.0,13.365,0
8869,CA-2016-158260,2016-11-04,2016-11-08,Standard Class,CC-12475,Cindy Chapman,Consumer,United States,San Diego,California,92037,West,TEC-MA-10003176,Technology,Machines,Okidata B400 Printer,686.4000000000001,2,0.2,77.21999999999991,0
8942,CA-2016-159023,2016-11-03,2016-11-05,First Class,NW-18400,Natalie Webber,Consumer,United States,Portland,Oregon,97206,West,OFF-BI-10002813,Office Supplies,Binders,Avery Reinforcements for Hole-Punch Pages,4.158,7,0.7,-3.465,0
8964,CA-2016-157280,2016-11-05,2016-11-07,First Class,LW-17125,Liz Willingham,Consumer,United States,Virginia Beach,Virginia,23464,South,TEC-AC-10000057,Technology,Accessories,Microsoft Natural Ergonomic Keyboard 4000,89.97,3,0.0,18.893699999999995,0
9178,CA-2016-166618,2016-11-14,2016-11-18,Standard Class,DP-13000,Darren Powers,Consumer,United States,New York City,New York,10035,East,TEC-PH-10003356,Technology,Phones,"SmartStand Mobile Device Holder, Assorted Colors",13.98,2,0.0,3.9144000000000005,0
9179,CA-2016-166618,2016-11-14,2016-11-18,Standard Class,DP-13000,Darren Powers,Consumer,United States,New York City,New York,10035,East,OFF-AR-10001725,Office Supplies,Art,Boston Home & Office Model 2000 Electric Pencil Sharpeners,23.65,1,0.0,6.149000000000001,0
9466,CA-2016-126858,2016-11-19,2016-11-23,Standard Class,JM-15265,Janet Molinari,Corporate,United States,Seattle,Washington,98115,West,FUR-FU-10000448,Furniture,Furnishings,Tenex Chairmats For Use With Carpeted Floors,31.96,2,0.0,1.597999999999999,0
9587,CA-2016-108630,2016-11-18,2016-11-18,Same Day,BE-11410,Bobby Elias,Consumer,United States,Concord,California,94521,West,OFF-BI-10002437,Office Supplies,Binders,Recycled Premium Regency Composition Covers,61.120000000000005,5,0.2,22.156,0
9716,CA-2016-116379,2016-11-07,2016-11-12,Standard Class,LD-17005,Lisa DeCherney,Consumer,United States,San Francisco,California,94122,West,OFF-BI-10001543,Office Supplies,Binders,GBC VeloBinder Manual Binding System,57.584,2,0.2,20.154400000000003,0
9770,CA-2016-123533,2016-11-24,2016-11-30,Standard Class,SC-20050,Sample Company A,Home Office,United States,Hialeah,Florida,33012,South,FUR-BO-10001619,Furniture,Bookcases,O'Sullivan Cherrywood Estates Traditional Bookcase,339.9200000000001,5,0.2,8.497999999999976,0
9772,CA-2016-123533,2016-11-24,2016-11-30,Standard Class,SC-20050,Sample Company A,Home Office,United States,Hialeah,Florida,33012,South,OFF-AP-10002765,Office Supplies,Appliances,Fellowes Advanced Computer Series Surge Protectors,42.384,2,0.2,4.238400000000002,0
9812,CA-2016-117583,2016-11-27,2016-11-30,First Class,CB-12025,Cassandra Brandow,Consumer,United States,East Orange,New Jersey,7017,East,OFF-PA-10001246,Office Supplies,Paper,Xerox 215,25.92,4,0.0,12.441600000000001,0
9813,CA-2016-117583,2016-11-27,2016-11-30,First Class,CB-12025,Cassandra Brandow,Consumer,United States,East Orange,New Jersey,7017,East,OFF-AR-10000658,Office Supplies,Art,Newell 324,34.650000000000006,3,0.0,9.702,0
