Row ID,Order ID,Order Date,Ship Date,Ship Mode,Customer ID,Customer Name,Segment,Country,City,State,Postal Code,Region,Product ID,Category,Sub-Category,Product Name,Sales,Quantity,Discount,Profit,Data_origen
135,CA-2016-145583,2016-10-13,2016-10-19,Standard Class,LC-16885,Lena Creighton,Consumer,United States,Roseville,California,95661,West,OFF-PA-10001736,Office Supplies,Paper,Xerox 1880,35.44,1,0.0,16.656799999999997,0
136,CA-2016-145583,2016-10-13,2016-10-19,Standard Class,LC-16885,Lena Creighton,Consumer,United States,Roseville,California,95661,West,OFF-AR-10001149,Office Supplies,Art,"Sanford Colorific Colored Pencils, 12/Box",11.52,4,0.0,3.4559999999999995,0
137,CA-2016-145583,2016-10-13,2016-10-19,Standard Class,LC-16885,Lena Creighton,Consumer,United States,Roseville,California,95661,West,OFF-FA-10002988,Office Supplies,Fasteners,Ideal Clamps,4.02,2,0.0,1.9697999999999998,0
140,CA-2016-145583,2016-10-13,2016-10-19,Standard Class,LC-16885,Lena Creighton,Consumer,United States,Roseville,California,95661,West,FUR-FU-10001706,Furniture,Furnishings,Longer-Life Soft White Bulbs,43.120000000000005,14,0.0,20.697599999999998,0
218,CA-2016-130162,2016-10-28,2016-11-01,Standard Class,JH-15910,Jonathan Howell,Consumer,United States,Los Angeles,California,90032,West,OFF-ST-10001328,Office Supplies,Storage,"Personal Filing Tote with Lid, Black/Gray",93.06,6,0.0,26.056800000000003,0
300,CA-2016-142545,2016-10-28,2016-11-03,Standard Class,JD-15895,Jonathan Doherty,Corporate,United States,Belleville,New Jersey,7109,East,OFF-ST-10002756,Office Supplies,Storage,"Tennsco Stur-D-Stor Boltless Shelving, 5 Shelves, 24"" Deep, Sand",1082.48,8,0.0,10.824800000000096,0
302,CA-2016-142545,2016-10-28,2016-11-03,Standard Class,JD-15895,Jonathan Doherty,Corporate,United States,Belleville,New Jersey,7109,East,FUR-FU-10001861,Furniture,Furnishings,"Floodlight Indoor Halogen Bulbs, 1 Bulb per Pack, 60 Watts",77.6,4,0.0,38.023999999999994,0
303,CA-2016-142545,2016-10-28,2016-11-03,Standard Class,JD-15895,Jonathan Doherty,Corporate,United States,Belleville,New Jersey,7109,East,OFF-BI-10002706,Office Supplies,Binders,Avery Premier Heavy-Duty Binder with Round Locking Rings,14.28,1,0.0,6.5687999999999995,0
367,CA-2016-155516,2016-10-21,2016-10-21,Same Day,MK-17905,Michael Kennedy,Corporate,United States,Manchester,Connecticut,6040,East,OFF-BI-10002412,Office Supplies,Binders,Wilson Jones “Snap” Scratch Pad Binder Tool for Ring Binders,23.2,4,0.0,10.44,0
370,CA-2016-155516,2016-10-21,2016-10-21,Same Day,MK-17905,Michael Kennedy,Corporate,United States,Manchester,Connecticut,6040,East,FUR-BO-10002545,Furniture,Bookcases,"Atlantic Metals Mobile 3-Shelf Bookcases, Custom Colors",1043.92,4,0.0,271.41920000000005,0
382,CA-2016-134775,2016-10-28,2016-10-29,First Class,AS-10285,Alejandro Savely,Corporate,United States,San Francisco,California,94109,West,OFF-PA-10004734,Office Supplies,Paper,Southworth Structures Collection,50.96,7,0.0,25.48,0
479,CA-2016-152632,2016-10-27,2016-11-02,Standard Class,JE-15475,Jeremy Ellison,Consumer,United States,Troy,New York,12180,East,FUR-FU-10002671,Furniture,Furnishings,Electrix 20W Halogen Replacement Bulb for Zoom-In Desk Lamp,40.2,3,0.0,19.296,0
513,CA-2016-106341,2016-10-20,2016-10-23,First Class,LF-17185,Luke Foster,Consumer,United States,Newark,Ohio,43055,East,OFF-AR-10002053,Office Supplies,Art,"Premium Writing Pencils, Soft, #2 by Central Association for the Blind",7.151999999999999,3,0.2,0.7152000000000003,0
1105,CA-2016-112340,2016-10-21,2016-10-27,Standard Class,NM-18520,Neoma Murray,Consumer,United States,Riverside,California,92503,West,OFF-PA-10001892,Office Supplies,Paper,"Rediform Wirebound ""Phone Memo"" Message Book, 11 x 5-3/4",22.919999999999998,3,0.0,11.230799999999999,0
1235,CA-2016-144344,2016-10-28,2016-10-28,Same Day,PG-18820,Patrick Gardner,Consumer,United States,Boynton Beach,Florida,33437,South,FUR-FU-10000076,Furniture,Furnishings,24-Hour Round Wall Clock,47.952000000000005,3,0.2,13.786200000000006,0
1236,CA-2016-144344,2016-10-28,2016-10-28,Same Day,PG-18820,Patrick Gardner,Consumer,United States,Boynton Beach,Florida,33437,South,OFF-BI-10003719,Office Supplies,Binders,Large Capacity Hanging Post Binders,37.425000000000004,5,0.7,-29.940000000000012,0
1237,CA-2016-144344,2016-10-28,2016-10-28,Same Day,PG-18820,Patrick Gardner,Consumer,United States,Boynton Beach,Florida,33437,South,FUR-FU-10003268,Furniture,Furnishings,Eldon Radial Chair Mat for Low to Medium Pile Carpets,63.967999999999996,2,0.2,0.0,0
1238,CA-2016-144344,2016-10-28,2016-10-28,Same Day,PG-18820,Patrick Gardner,Consumer,United States,Boynton Beach,Florida,33437,South,FUR-FU-10003553,Furniture,Furnishings,"Howard Miller 13-1/2"" Diameter Rosebrook Wall Clock",165.048,3,0.2,41.262,0
1262,US-2016-144393,2016-10-28,2016-11-04,Standard Class,SM-20950,Suzanne McNair,Corporate,United States,Greenville,North Carolina,27834,South,OFF-BI-10004236,Office Supplies,Binders,"XtraLife ClearVue Slant-D Ring Binder, White, 3""",17.616000000000003,4,0.7,-14.0928,0
1485,US-2016-108098,2016-10-14,2016-10-18,Standard Class,CP-12340,Christine Phan,Corporate,United States,Seattle,Washington,98115,West,TEC-AC-10000865,Technology,Accessories,WD My Passport Ultra 500GB Portable External Hard Drive,177.0,3,0.0,30.089999999999982,0
1537,CA-2016-112389,2016-10-29,2016-11-02,Standard Class,JM-15655,Jim Mitchum,Corporate,United States,Bridgeton,New Jersey,8302,East,OFF-AP-10001626,Office Supplies,Appliances,"Commercial WindTunnel Clean Air Upright Vacuum, Replacement Belts, Filtration Bags",11.67,3,0.0,3.0342000000000002,0
1810,CA-2016-165484,2016-10-23,2016-10-29,Standard Class,HK-14890,Heather Kirkland,Corporate,United States,Chicago,Illinois,60610,Central,FUR-FU-10001196,Furniture,Furnishings,DAX Cubicle Frames - 8x10,16.156,7,0.6,-12.116999999999999,0
1864,US-2016-100839,2016-10-13,2016-10-17,Standard Class,NC-18625,Noah Childs,Corporate,United States,Aurora,Colorado,80013,West,FUR-TA-10004575,Furniture,Tables,Hon 5100 Series Wood Tables,727.45,5,0.5,-465.5680000000001,0
2165,CA-2016-154018,2016-10-13,2016-10-19,Standard Class,HA-14920,Helen Andreada,Consumer,United States,Laredo,Texas,78041,Central,OFF-PA-10000551,Office Supplies,Paper,Array Memo Cubes,8.288,2,0.2,3.0043999999999995,0
2167,CA-2016-154018,2016-10-13,2016-10-19,Standard Class,HA-14920,Helen Andreada,Consumer,United States,Laredo,Texas,78041,Central,OFF-AR-10002067,Office Supplies,Art,Newell 334,15.872,1,0.2,1.1904000000000003,0
2168,CA-2016-154018,2016-10-13,2016-10-19,Standard Class,HA-14920,Helen Andreada,Consumer,United States,Laredo,Texas,78041,Central,OFF-BI-10004140,Office Supplies,Binders,Avery Non-Stick Binders,6.285999999999999,7,0.8,-11.000500000000008,0
2178,CA-2016-125738,2016-10-15,2016-10-21,Standard Class,PB-18805,Patrick Bzostek,Home Office,United States,Salt Lake City,Utah,84106,West,OFF-BI-10001628,Office Supplies,Binders,"Acco Data Flex Cable Posts For Top & Bottom Load Binders, 6"" Capacity",41.72,5,0.2,13.037499999999998,0
2179,CA-2016-125738,2016-10-15,2016-10-21,Standard Class,PB-18805,Patrick Bzostek,Home Office,United States,Salt Lake City,Utah,84106,West,OFF-PA-10001509,Office Supplies,Paper,"Recycled Desk Saver Line ""While You Were Out"" Book, 5 1/2"" X 4""",71.6,8,0.0,32.93599999999999,0
2229,CA-2016-139157,2016-10-01,2016-10-05,Standard Class,GM-14680,Greg Matthias,Consumer,United States,New York City,New York,10024,East,FUR-TA-10003238,Furniture,Tables,"Chromcraft Bull-Nose Wood 48"" x 96"" Rectangular Conference Tables",330.588,1,0.4,-115.70580000000004,0
2448,CA-2016-119165,2016-10-31,2016-11-06,Standard Class,BD-11320,Bill Donatelli,Consumer,United States,Philadelphia,Pennsylvania,19143,East,FUR-CH-10000988,Furniture,Chairs,Hon Olson Stacker Stools,492.835,5,0.3,-14.080999999999989,0
2519,CA-2016-124352,2016-10-15,2016-10-21,Standard Class,CD-12790,Cynthia Delaney,Home Office,United States,Oklahoma City,Oklahoma,73120,Central,OFF-LA-10004559,Office Supplies,Labels,Avery 49,20.16,7,0.0,9.8784,0
2522,CA-2016-124352,2016-10-15,2016-10-21,Standard Class,CD-12790,Cynthia Delaney,Home Office,United States,Oklahoma City,Oklahoma,73120,Central,OFF-PA-10003177,Office Supplies,Paper,Xerox 1999,12.96,2,0.0,6.2208000000000006,0
2524,CA-2016-124352,2016-10-15,2016-10-21,Standard Class,CD-12790,Cynthia Delaney,Home Office,United States,Oklahoma City,Oklahoma,73120,Central,OFF-BI-10000977,Office Supplies,Binders,Ibico Plastic Spiral Binding Combs,121.6,4,0.0,55.93599999999999,0
2667,CA-2016-111794,2016-10-01,2016-10-01,Same Day,HG-15025,Hunter Glantz,Consumer,United States,Amarillo,Texas,79109,Central,TEC-AC-10003832,Technology,Accessories,Imation 16GB Mini TravelDrive USB 2.0 Flash Drive,79.51200000000001,3,0.2,20.8719,0
2668,CA-2016-111794,2016-10-01,2016-10-01,Same Day,HG-15025,Hunter Glantz,Consumer,United States,Amarillo,Texas,79109,Central,OFF-PA-10000474,Office Supplies,Paper,Easy-staple paper,28.352,1,0.2,9.568799999999996,0
2801,CA-2016-153318,2016-10-25,2016-10-28,First Class,JS-15595,Jill Stevenson,Corporate,United States,Miami,Florida,33180,South,TEC-PH-10000984,Technology,Phones,Panasonic KX-TG9471B,783.9600000000002,5,0.2,78.39600000000004,0
3292,CA-2016-167290,2016-10-30,2016-11-04,Standard Class,JF-15295,Jason Fortune-,Consumer,United States,Sterling Heights,Michigan,48310,Central,OFF-AR-10004078,Office Supplies,Art,Newell 312,11.68,2,0.0,3.5039999999999996,0
3449,CA-2016-162614,2016-10-07,2016-10-13,Standard Class,TB-21250,Tim Brockman,Consumer,United States,Los Angeles,California,90049,West,OFF-BI-10004001,Office Supplies,Binders,GBC Recycled VeloBinder Covers,27.264,2,0.2,8.860799999999998,0
3696,CA-2016-142097,2016-10-15,2016-10-20,Standard Class,QJ-19255,Quincy Jones,Corporate,United States,Springfield,Virginia,22153,South,OFF-EN-10002312,Office Supplies,Envelopes,#10 Self-Seal White Envelopes,66.53999999999999,6,0.0,32.6046,0
3787,CA-2016-144218,2016-10-31,2016-11-04,Standard Class,JD-15895,Jonathan Doherty,Corporate,United States,Los Angeles,California,90045,West,OFF-ST-10002615,Office Supplies,Storage,"Dual Level, Single-Width Filing Carts",1085.42,7,0.0,282.2092,0
3801,CA-2016-156503,2016-10-14,2016-10-20,Standard Class,NC-18415,Nathan Cano,Consumer,United States,Jacksonville,North Carolina,28540,South,FUR-CH-10003606,Furniture,Chairs,SAFCO Folding Chair Trolley,102.59200000000001,1,0.2,10.2592,0
3803,CA-2016-156503,2016-10-14,2016-10-20,Standard Class,NC-18415,Nathan Cano,Consumer,United States,Jacksonville,North Carolina,28540,South,OFF-PA-10002319,Office Supplies,Paper,Xerox 1944,93.024,3,0.2,33.721199999999996,0
3804,CA-2016-156503,2016-10-14,2016-10-20,Standard Class,NC-18415,Nathan Cano,Consumer,United States,Jacksonville,North Carolina,28540,South,OFF-SU-10000946,Office Supplies,Supplies,Staple remover,12.768,2,0.2,1.436399999999999,0
3805,CA-2016-156503,2016-10-14,2016-10-20,Standard Class,NC-18415,Nathan Cano,Consumer,United States,Jacksonville,North Carolina,28540,South,OFF-EN-10001335,Office Supplies,Envelopes,"White Business Envelopes with Contemporary Seam, Recycled White Business Envelopes",35.008,4,0.2,13.127999999999998,0
3806,CA-2016-156503,2016-10-14,2016-10-20,Standard Class,NC-18415,Nathan Cano,Consumer,United States,Jacksonville,North Carolina,28540,South,OFF-PA-10002377,Office Supplies,Paper,Xerox 1916,39.152,1,0.2,14.681999999999999,0
3878,CA-2016-140641,2016-10-28,2016-11-02,Standard Class,EP-13915,Emily Phan,Consumer,United States,Tampa,Florida,33614,South,OFF-BI-10001191,Office Supplies,Binders,Canvas Sectional Post Binders,38.19000000000001,5,0.7,-26.732999999999997,0
4186,CA-2016-111493,2016-10-21,2016-10-22,First Class,CM-12160,Charles McCrossin,Consumer,United States,Baltimore,Maryland,21215,East,TEC-AC-10004510,Technology,Accessories,Logitech Desktop MK120 Mouse and keyboard Combo,98.16,6,0.0,9.815999999999995,0
4751,CA-2016-127649,2016-10-07,2016-10-09,First Class,DL-13495,Dionis Lloyd,Corporate,United States,Spokane,Washington,99207,West,TEC-MA-10001972,Technology,Machines,Okidata C331dn Printer,837.5999999999999,3,0.2,62.82000000000005,0
5136,CA-2016-151323,2016-10-23,2016-10-28,Standard Class,AB-10255,Alejandro Ballentine,Home Office,United States,Seattle,Washington,98103,West,OFF-FA-10002983,Office Supplies,Fasteners,Advantus SlideClip Paper Clips,17.05,5,0.0,8.184000000000001,0
5507,US-2016-162026,2016-10-08,2016-10-08,Same Day,JE-15745,Joel Eaton,Consumer,United States,Los Angeles,California,90036,West,OFF-PA-10000167,Office Supplies,Paper,Xerox 1925,61.96,2,0.0,27.881999999999998,0
5767,CA-2016-149685,2016-10-08,2016-10-15,Standard Class,PM-19135,Peter McVee,Home Office,United States,San Antonio,Texas,78207,Central,OFF-LA-10004545,Office Supplies,Labels,Avery 50,60.144000000000005,6,0.2,20.298599999999993,0
5975,CA-2016-135636,2016-10-08,2016-10-13,Standard Class,DB-13615,Doug Bickford,Consumer,United States,Charlotte,North Carolina,28205,South,OFF-ST-10000676,Office Supplies,Storage,Fellowes Econo/Stor Drawers,387.72,5,0.2,-67.85100000000003,0
6138,US-2016-142251,2016-10-31,2016-11-04,Second Class,FO-14305,Frank Olsen,Consumer,United States,Hollywood,Florida,33021,South,OFF-PA-10002986,Office Supplies,Paper,Xerox 1898,32.064,6,0.2,11.222399999999999,0
6206,CA-2016-133697,2016-10-20,2016-10-24,Second Class,CM-12445,Chuck Magee,Consumer,United States,Houston,Texas,77095,Central,OFF-PA-10000726,Office Supplies,Paper,"Black Print Carbonless Snap-Off Rapid Letter, 8 1/2"" x 7""",51.016000000000005,7,0.2,15.942499999999992,0
6265,US-2016-115952,2016-10-06,2016-10-06,Same Day,JH-15910,Jonathan Howell,Consumer,United States,Tulsa,Oklahoma,74133,Central,OFF-BI-10004654,Office Supplies,Binders,Avery Binding System Hidden Tab Executive Style Index Sets,28.849999999999998,5,0.0,14.424999999999999,0
6370,CA-2016-103919,2016-10-03,2016-10-07,Standard Class,TP-21565,Tracy Poddar,Corporate,United States,Grand Prairie,Texas,75051,Central,FUR-FU-10001756,Furniture,Furnishings,"Eldon Expressions Desk Accessory, Wood Photo Frame, Mahogany",38.08,5,0.6,-29.512000000000008,0
6377,CA-2016-163216,2016-10-07,2016-10-10,First Class,AW-10930,Arthur Wiediger,Home Office,United States,Philadelphia,Pennsylvania,19143,East,OFF-LA-10000134,Office Supplies,Labels,Avery 511,4.928000000000001,2,0.2,1.7247999999999997,0
6441,CA-2016-101161,2016-10-13,2016-10-20,Standard Class,BW-11110,Bart Watters,Corporate,United States,New York City,New York,10024,East,OFF-AR-10001860,Office Supplies,Art,BIC Liqua Brite Liner,34.7,5,0.0,12.492,0
6443,CA-2016-101161,2016-10-13,2016-10-20,Standard Class,BW-11110,Bart Watters,Corporate,United States,New York City,New York,10024,East,OFF-PA-10001295,Office Supplies,Paper,Computer Printout Paper with Letter-Trim Perforations,37.94,2,0.0,18.211199999999998,0
6444,CA-2016-101161,2016-10-13,2016-10-20,Standard Class,BW-11110,Bart Watters,Corporate,United States,New York City,New York,10024,East,OFF-LA-10000407,Office Supplies,Labels,Avery White Multi-Purpose Labels,24.900000000000002,5,0.0,11.454,0
6445,CA-2016-101161,2016-10-13,2016-10-20,Standard Class,BW-11110,Bart Watters,Corporate,United States,New York City,New York,10024,East,FUR-FU-10003535,Furniture,Furnishings,Howard Miller Distant Time Traveler Alarm Clock,82.26,3,0.0,33.726600000000005,0
6581,CA-2016-169887,2016-10-22,2016-10-22,Same Day,MS-17530,MaryBeth Skach,Consumer,United States,Seattle,Washington,98105,West,OFF-AR-10002766,Office Supplies,Art,Prang Drawing Pencil Set,8.34,3,0.0,2.2518,0
6582,CA-2016-169887,2016-10-22,2016-10-22,Same Day,MS-17530,MaryBeth Skach,Consumer,United States,Seattle,Washington,98105,West,FUR-FU-10003095,Furniture,Furnishings,"Linden 12"" Wall Clock With Oak Frame",101.94,3,0.0,30.581999999999987,0
6828,CA-2016-118689,2016-10-02,2016-10-09,Standard Class,TC-20980,Tamara Chand,Corporate,United States,Lafayette,Indiana,47905,Central,OFF-BI-10004600,Office Supplies,Binders,Ibico Ibimaster 300 Manual Binding System,735.98,2,0.0,331.191,0
6830,CA-2016-118689,2016-10-02,2016-10-09,Standard Class,TC-20980,Tamara Chand,Corporate,United States,Lafayette,Indiana,47905,Central,OFF-AR-10001958,Office Supplies,Art,Stanley Bostitch Contemporary Electric Pencil Sharpeners,33.96,2,0.0,9.5088,0
7273,US-2016-150357,2016-10-10,2016-10-14,Standard Class,EB-13975,Erica Bern,Corporate,United States,Greensboro,North Carolina,27405,South,OFF-SU-10004498,Office Supplies,Supplies,Martin-Yale Premier Letter Opener,20.608000000000004,2,0.2,-4.379200000000001,0
7317,CA-2016-132066,2016-10-16,2016-10-20,Standard Class,NB-18655,Nona Balk,Corporate,United States,New York City,New York,10011,East,FUR-TA-10001539,Furniture,Tables,Chromcraft Rectangular Conference Tables,142.182,1,0.4,-37.91520000000003,0
7358,CA-2016-114748,2016-10-09,2016-10-14,Standard Class,MZ-17335,Maria Zettner,Home Office,United States,Phoenix,Arizona,85023,West,FUR-FU-10001488,Furniture,Furnishings,"Tenex 46"" x 60"" Computer Anti-Static Chairmat, Rectangular Shaped",169.568,2,0.2,0.0,0
7642,US-2016-157490,2016-10-06,2016-10-07,First Class,LB-16795,Laurel Beltran,Home Office,United States,Pueblo,Colorado,81001,West,TEC-MA-10001695,Technology,Machines,Zebra GK420t Direct Thermal/Thermal Transfer Printer,703.71,6,0.7,-938.28,0
7643,US-2016-157490,2016-10-06,2016-10-07,First Class,LB-16795,Laurel Beltran,Home Office,United States,Pueblo,Colorado,81001,West,OFF-BI-10002824,Office Supplies,Binders,Recycled Easel Ring Binders,17.904000000000003,4,0.7,-14.920000000000002,0
7645,US-2016-157490,2016-10-06,2016-10-07,First Class,LB-16795,Laurel Beltran,Home Office,United States,Pueblo,Colorado,81001,West,TEC-AC-10001553,Technology,Accessories,"Memorex 25GB 6X Branded Blu-Ray Recordable Disc, 15/Pack",67.96,5,0.2,0.8495000000000026,0
7667,US-2016-140158,2016-10-04,2016-10-08,Standard Class,DR-12940,Daniel Raglin,Home Office,United States,Providence,Rhode Island,2908,East,TEC-CO-10001449,Technology,Copiers,Hewlett Packard LaserJet 3310 Copier,5399.91,9,0.0,2591.9568,0
7668,US-2016-140158,2016-10-04,2016-10-08,Standard Class,DR-12940,Daniel Raglin,Home Office,United States,Providence,Rhode Island,2908,East,OFF-ST-10000136,Office Supplies,Storage,Letter Size File,119.10000000000001,3,0.0,34.538999999999994,0
7817,CA-2016-138478,2016-10-21,2016-10-26,Second Class,DP-13390,Dennis Pardue,Home Office,United States,North Las Vegas,Nevada,89031,West,OFF-AR-10002240,Office Supplies,Art,Panasonic KP-150 Electric Pencil Sharpener,113.22,3,0.0,29.4372,0
7819,CA-2016-138478,2016-10-21,2016-10-26,Second Class,DP-13390,Dennis Pardue,Home Office,United States,North Las Vegas,Nevada,89031,West,OFF-BI-10001120,Office Supplies,Binders,Ibico EPK-21 Electric Binding System,4535.976000000001,3,0.2,1644.2912999999999,0
7822,CA-2016-169334,2016-10-21,2016-10-24,Second Class,GW-14605,Giulietta Weimer,Consumer,United States,Jackson,Tennessee,38301,South,OFF-ST-10004950,Office Supplies,Storage,"Tenex Personal Filing Tote With Secure Closure Lid, Black/Frost",111.67200000000001,9,0.2,6.979499999999991,0
7872,CA-2016-101672,2016-10-03,2016-10-07,Standard Class,DB-12910,Daniel Byrd,Home Office,United States,Lake Forest,California,92630,West,OFF-LA-10002271,Office Supplies,Labels,Smead Alpha-Z Color-Coded Second Alphabetical Labels and Starter Set,6.16,2,0.0,2.9568,0
7874,CA-2016-101672,2016-10-03,2016-10-07,Standard Class,DB-12910,Daniel Byrd,Home Office,United States,Lake Forest,California,92630,West,OFF-PA-10004610,Office Supplies,Paper,Xerox 1900,8.56,2,0.0,3.8519999999999994,0
7968,CA-2016-157707,2016-10-10,2016-10-12,First Class,CC-12610,Corey Catlett,Corporate,United States,Denver,Colorado,80219,West,FUR-BO-10001567,Furniture,Bookcases,"Bush Westfield Collection Bookcases, Dark Cherry Finish, Fully Assembled",90.882,3,0.7,-190.85220000000004,0
7969,CA-2016-157707,2016-10-10,2016-10-12,First Class,CC-12610,Corey Catlett,Corporate,United States,Denver,Colorado,80219,West,TEC-PH-10002583,Technology,Phones,iOttie HLCRIO102 Car Mount,15.991999999999999,1,0.2,-2.998500000000002,0
8007,CA-2016-139808,2016-10-07,2016-10-11,Standard Class,MC-18100,Mick Crebagga,Consumer,United States,Marysville,Washington,98270,West,OFF-FA-10001883,Office Supplies,Fasteners,"Alliance Super-Size Bands, Assorted Sizes",93.36,12,0.0,0.9335999999999984,0
8030,CA-2016-166373,2016-10-21,2016-10-25,Standard Class,JF-15565,Jill Fjeld,Consumer,United States,San Antonio,Texas,78207,Central,TEC-AC-10002323,Technology,Accessories,SanDisk Ultra 32 GB MicroSDHC Class 10 Memory Card,106.08000000000001,6,0.2,-9.281999999999996,0
8371,CA-2016-163972,2016-10-17,2016-10-21,Standard Class,MG-17890,Michael Granlund,Home Office,United States,Fresno,California,93727,West,FUR-BO-10003894,Furniture,Bookcases,"Safco Value Mate Steel Bookcase, Baked Enamel Finish on Steel, Black",120.666,2,0.15,21.293999999999993,0
8598,US-2016-117387,2016-10-27,2016-10-31,Standard Class,PA-19060,Pete Armstrong,Home Office,United States,San Francisco,California,94122,West,OFF-BI-10004308,Office Supplies,Binders,Avery Legal 4-Ring Binder,67.13600000000001,4,0.2,25.176,0
8890,CA-2016-147256,2016-10-17,2016-10-21,Second Class,FC-14245,Frank Carlisle,Home Office,United States,Columbia,Missouri,65203,Central,TEC-PH-10003072,Technology,Phones,Panasonic KX-TG9541B DECT 6.0 Digital 2-Line Expandable Cordless Phone With Digital Answering System,449.97,3,0.0,220.48530000000002,0
8922,CA-2016-145709,2016-10-04,2016-10-08,Standard Class,AH-10690,Anna Häberlin,Corporate,United States,Coral Gables,Florida,33134,South,TEC-PH-10003095,Technology,Phones,Samsung HM1900 Bluetooth Headset,52.67999999999999,3,0.2,19.755,0
9201,CA-2016-152688,2016-10-17,2016-10-20,First Class,NR-18550,Nick Radford,Consumer,United States,Perth Amboy,New Jersey,8861,East,FUR-BO-10001337,Furniture,Bookcases,O'Sullivan Living Dimensions 2-Shelf Bookcases,120.98,1,0.0,12.097999999999999,0
9204,CA-2016-153836,2016-10-30,2016-11-03,Standard Class,EH-13765,Edward Hooks,Corporate,United States,New York City,New York,10011,East,OFF-AR-10004602,Office Supplies,Art,Boston KS Multi-Size Manual Pencil Sharpener,114.94999999999999,5,0.0,32.18600000000001,0
9505,CA-2016-113607,2016-10-14,2016-10-18,Standard Class,PW-19030,Pauline Webber,Corporate,United States,New York City,New York,10009,East,TEC-PH-10004094,Technology,Phones,Motorola L703CM,1091.93,7,0.0,272.9825,0
9506,CA-2016-113607,2016-10-14,2016-10-18,Standard Class,PW-19030,Pauline Webber,Corporate,United States,New York City,New York,10009,East,OFF-PA-10001970,Office Supplies,Paper,Xerox 1908,111.96,2,0.0,54.8604,0
9514,CA-2016-125220,2016-10-14,2016-10-19,Standard Class,BE-11410,Bobby Elias,Consumer,United States,Appleton,Wisconsin,54915,Central,TEC-AC-10003033,Technology,Accessories,Plantronics CS510 - Over-the-Head monaural Wireless Headset System,1649.75,5,0.0,544.4174999999998,0
9534,CA-2016-116596,2016-10-27,2016-10-31,Standard Class,BW-11200,Ben Wallace,Consumer,United States,New York City,New York,10011,East,OFF-FA-10000134,Office Supplies,Fasteners,"Advantus Push Pins, Aluminum Head",40.669999999999995,7,0.0,12.6077,0
9535,CA-2016-116596,2016-10-27,2016-10-31,Standard Class,BW-11200,Ben Wallace,Consumer,United States,New York City,New York,10011,East,OFF-ST-10000636,Office Supplies,Storage,Rogers Profile Extra Capacity Storage Tub,33.48,2,0.0,1.3391999999999982,0
9702,CA-2016-105291,2016-10-30,2016-11-04,Standard Class,SP-20920,Susan Pistek,Consumer,United States,San Luis Obispo,California,93405,West,OFF-FA-10003059,Office Supplies,Fasteners,Assorted Color Push Pins,3.62,2,0.0,1.1945999999999999,0
9707,CA-2016-161746,2016-10-21,2016-10-27,Standard Class,CS-11950,Carlos Soltero,Consumer,United States,Los Angeles,California,90045,West,FUR-CH-10004626,Furniture,Chairs,Office Star Flex Back Scooter Chair with Aluminum Finish Frame,242.13600000000002,3,0.2,12.106799999999993,0
9709,CA-2016-161746,2016-10-21,2016-10-27,Standard Class,CS-11950,Carlos Soltero,Consumer,United States,Los Angeles,California,90045,West,FUR-FU-10003731,Furniture,Furnishings,"Eldon Expressions Wood and Plastic Desk Accessories, Oak",19.96,2,0.0,5.588800000000001,0
9751,CA-2016-113390,2016-10-11,2016-10-15,Standard Class,EP-13915,Emily Phan,Consumer,United States,Chicago,Illinois,60610,Central,OFF-AR-10003183,Office Supplies,Art,Avery Fluorescent Highlighter Four-Color Set,5.344,2,0.2,0.6679999999999995,0
9760,CA-2016-146913,2016-10-31,2016-11-05,Standard Class,SF-20965,Sylvia Foulston,Corporate,United States,San Francisco,California,94109,West,FUR-CH-10001854,Furniture,Chairs,Office Star - Professional Matrix Back Chair with 2-to-1 Synchro Tilt and Mesh Fabric Seat,1403.9200000000003,5,0.2,70.19600000000003,0
9806,CA-2016-136322,2016-10-21,2016-10-26,Standard Class,AP-10720,Anne Pryor,Home Office,United States,Fort Lauderdale,Florida,33311,South,FUR-FU-10002878,Furniture,Furnishings,"Seth Thomas 14"" Day/Date Wall Clock",45.568000000000005,2,0.2,9.683200000000001,0
9807,CA-2016-136322,2016-10-21,2016-10-26,Standard Class,AP-10720,Anne Pryor,Home Office,United States,Fort Lauderdale,Florida,33311,South,OFF-BI-10004817,Office Supplies,Binders,GBC Personal VeloBind Strips,28.752000000000006,8,0.7,-21.084799999999994,0
9836,CA-2016-126627,2016-10-10,2016-10-12,First Class,WB-21850,William Brown,Consumer,United States,La Porte,Texas,77571,Central,OFF-BI-10001597,Office Supplies,Binders,"Wilson Jones Ledger-Size, Piano-Hinge Binder, 2"", Blue",16.391999999999996,2,0.8,-26.227200000000003,0
