Row ID,Order ID,Order Date,Ship Date,Ship Mode,Customer ID,Customer Name,Segment,Country,City,State,Postal Code,Region,Product ID,Category,Sub-Category,Product Name,Sales,Quantity,Discount,Profit,Data_origen
71,CA-2016-106075,2016-09-18,2016-09-23,Standard Class,HM-14980,Henry MacAllister,Consumer,United States,New York City,New York,10009,East,OFF-BI-10004654,Office Supplies,Binders,Avery Binding System Hidden Tab Executive Style Index Sets,4.616,1,0.2,1.7309999999999999,0
90,CA-2016-109806,2016-09-17,2016-09-22,Standard Class,JS-15685,Jim Sink,Corporate,United States,Los Angeles,California,90036,West,OFF-AR-10004930,Office Supplies,Art,Turquoise Lead Holder with Pocket Clip,20.1,3,0.0,6.632999999999998,0
91,CA-2016-109806,2016-09-17,2016-09-22,Standard Class,JS-15685,Jim Sink,Corporate,United States,Los Angeles,California,90036,West,TEC-PH-10004093,Technology,Phones,Panasonic Kx-TS550,73.584,2,0.2,8.278199999999998,0
141,CA-2016-110366,2016-09-05,2016-09-07,Second Class,JD-15895,Jonathan Doherty,Corporate,United States,Philadelphia,Pennsylvania,19140,East,FUR-FU-10004848,Furniture,Furnishings,"Howard Miller 13-3/4"" Diameter Brushed Chrome Round Wall Clock",82.80000000000001,2,0.2,10.349999999999994,0
310,CA-2016-142902,2016-09-12,2016-09-14,Second Class,BP-11185,Ben Peterman,Corporate,United States,Arvada,Colorado,80004,West,FUR-FU-10001918,Furniture,Furnishings,C-Line Cubicle Keepers Polyproplyene Holder With Velcro Backings,15.136000000000003,4,0.2,3.594800000000001,0
353,CA-2016-129714,2016-09-01,2016-09-03,First Class,AB-10060,Adam Bellavance,Home Office,United States,New York City,New York,10009,East,OFF-PA-10001970,Office Supplies,Paper,Xerox 1881,49.12,4,0.0,23.086399999999998,0
377,US-2016-134656,2016-09-28,2016-10-01,First Class,MM-18280,Muhammed MacIntyre,Corporate,United States,Quincy,Illinois,62301,Central,OFF-PA-10003039,Office Supplies,Paper,Xerox 1960,99.13600000000001,4,0.2,30.979999999999993,0
399,CA-2016-108987,2016-09-08,2016-09-10,Second Class,AG-10675,Anna Gayman,Consumer,United States,Houston,Texas,77036,Central,OFF-ST-10001580,Office Supplies,Storage,Super Decoflex Portable Personal File,35.952000000000005,3,0.2,3.5951999999999984,0
401,CA-2016-108987,2016-09-08,2016-09-10,Second Class,AG-10675,Anna Gayman,Consumer,United States,Houston,Texas,77036,Central,OFF-ST-10000934,Office Supplies,Storage,"Contico 72""H Heavy-Duty Storage System",131.136,4,0.2,-32.784,0
402,CA-2016-108987,2016-09-08,2016-09-10,Second Class,AG-10675,Anna Gayman,Consumer,United States,Houston,Texas,77036,Central,TEC-AC-10000158,Technology,Accessories,Sony 64GB Class 10 Micro SDHC R40 Memory Card,57.584,2,0.2,0.7197999999999993,0
442,CA-2016-115756,2016-09-05,2016-09-07,Second Class,PK-19075,Pete Kriz,Consumer,United States,Detroit,Michigan,48227,Central,OFF-ST-10000060,Office Supplies,Storage,Fellowes Bankers Box Staxonsteel Drawer File/Stacking System,194.94,3,0.0,23.39280000000001,0
443,CA-2016-115756,2016-09-05,2016-09-07,Second Class,PK-19075,Pete Kriz,Consumer,United States,Detroit,Michigan,48227,Central,OFF-ST-10003058,Office Supplies,Storage,Eldon Mobile Mega Data Cart  Mega Stackable  Add-On Trays,70.94999999999999,3,0.0,20.575499999999998,0
614,CA-2016-121223,2016-09-11,2016-09-13,Second Class,GD-14590,Giulietta Dortch,Corporate,United States,Philadelphia,Pennsylvania,19143,East,TEC-PH-10004667,Technology,Phones,Cisco 8x8 Inc. 6753i IP Business Phone System,728.946,9,0.4,-157.93830000000008,0
1043,CA-2016-102981,2016-09-06,2016-09-09,Second Class,MO-17500,Mary O'Rourke,Consumer,United States,New York City,New York,10035,East,FUR-BO-10001811,Furniture,Bookcases,"Atlantic Metals Mobile 5-Shelf Bookcases, Custom Colors",722.3520000000001,3,0.2,90.29399999999993,0
1314,US-2016-134488,2016-09-24,2016-10-01,Standard Class,PK-19075,Pete Kriz,Consumer,United States,Columbus,Ohio,43229,East,FUR-CH-10003199,Furniture,Chairs,Office Star - Contemporary Task Swivel Chair,155.37199999999999,2,0.3,-13.317599999999999,0
1382,US-2016-100566,2016-09-03,2016-09-09,Standard Class,JK-16120,Julie Kriz,Home Office,United States,Aurora,Illinois,60505,Central,FUR-FU-10003394,Furniture,Furnishings,"Tenex ""The Solids"" Textured Chair Mats",83.952,3,0.6,-90.24839999999999,0
1409,CA-2016-130407,2016-09-02,2016-09-06,Standard Class,KD-16270,Karen Daniels,Consumer,United States,New York City,New York,10024,East,FUR-FU-10001967,Furniture,Furnishings,Telescoping Adjustable Floor Lamp,39.98,2,0.0,9.994999999999997,0
1508,CA-2016-134208,2016-09-17,2016-09-23,Standard Class,CS-12505,Cindy Stewart,Consumer,United States,Columbus,Georgia,31907,South,TEC-MA-10004458,Technology,Machines,Lexmark X 9575 Professional All-in-One Color Printer,396.0,4,0.0,190.07999999999998,0
1620,US-2016-118780,2016-09-10,2016-09-14,Second Class,PN-18775,Parhena Norris,Home Office,United States,New York City,New York,10011,East,OFF-PA-10000575,Office Supplies,Paper,"Wirebound Message Books, Four 2 3/4 x 5 White Forms per Page",6.69,1,0.0,3.0774,0
1683,US-2016-101497,2016-09-29,2016-10-01,Second Class,PS-18760,Pamela Stobb,Consumer,United States,Los Angeles,California,90008,West,OFF-PA-10000176,Office Supplies,Paper,Xerox 1887,18.97,1,0.0,9.105599999999999,0
1795,CA-2016-140774,2016-09-05,2016-09-10,Standard Class,BE-11455,Brad Eason,Home Office,United States,Olathe,Kansas,66062,Central,OFF-AR-10004022,Office Supplies,Art,Panasonic KP-380BK Classic Electric Pencil Sharpener,107.94,3,0.0,26.984999999999992,0
2016,CA-2016-145905,2016-09-18,2016-09-23,Standard Class,AM-10705,Anne McFarland,Consumer,United States,Auburn,Alabama,36830,South,OFF-ST-10003716,Office Supplies,Storage,Tennsco Double-Tier Lockers,900.08,4,0.0,117.0104,0
2021,CA-2016-168354,2016-09-19,2016-09-21,First Class,RH-19510,Rick Huthwaite,Home Office,United States,Providence,Rhode Island,2908,East,OFF-ST-10001490,Office Supplies,Storage,"Hot File 7-Pocket, Floor Stand",1606.23,9,0.0,481.86899999999986,0
2028,CA-2016-113516,2016-09-08,2016-09-10,Second Class,VM-21685,Valerie Mitchum,Home Office,United States,Lancaster,California,93534,West,OFF-BI-10001989,Office Supplies,Binders,Premium Transparent Presentation Covers by GBC,67.13600000000001,4,0.2,23.497599999999995,0
2118,CA-2016-130267,2016-09-19,2016-09-23,Standard Class,SW-20245,Scot Wooten,Consumer,United States,Stockton,California,95207,West,OFF-PA-10002222,Office Supplies,Paper,"Xerox Color Copier Paper, 11"" x 17"", Ream",159.88,7,0.0,73.5448,0
2143,CA-2016-155481,2016-09-01,2016-09-05,Standard Class,DK-13225,Dean Katz,Corporate,United States,Philadelphia,Pennsylvania,19140,East,OFF-PA-10004675,Office Supplies,Paper,"Telephone Message Books with Fax/Mobile Section, 5 1/2"" x 3 3/16""",30.48,6,0.2,9.905999999999999,0
2144,CA-2016-155481,2016-09-01,2016-09-05,Standard Class,DK-13225,Dean Katz,Corporate,United States,Philadelphia,Pennsylvania,19140,East,TEC-PH-10002293,Technology,Phones,Anker 36W 4-Port USB Wall Charger Travel Power Adapter for iPhone 5s 5c 5,23.987999999999996,2,0.4,-4.797599999999997,0
2206,CA-2016-164350,2016-09-10,2016-09-12,Second Class,CG-12040,Catherine Glotzbach,Home Office,United States,Bristol,Tennessee,37620,South,OFF-AR-10000538,Office Supplies,Art,"Boston Model 1800 Electric Pencil Sharpener, Gray",67.56,3,0.2,8.44499999999999,0
2256,CA-2016-164091,2016-09-17,2016-09-22,Standard Class,LA-16780,Laura Armstrong,Corporate,United States,Bangor,Maine,4401,East,TEC-PH-10001944,Technology,Phones,Wi-Ex zBoost YX540 Cellular Phone Signal Booster,437.84999999999997,3,0.0,131.35499999999996,0
2257,CA-2016-164091,2016-09-17,2016-09-22,Standard Class,LA-16780,Laura Armstrong,Corporate,United States,Bangor,Maine,4401,East,FUR-FU-10004952,Furniture,Furnishings,"C-Line Cubicle Keepers Polyproplyene Holder w/Velcro Back, 8-1/2x11, 25/Bx",109.48,2,0.0,33.9388,0
2331,CA-2016-155187,2016-09-24,2016-09-26,Second Class,LA-16780,Laura Armstrong,Corporate,United States,Los Angeles,California,90004,West,OFF-ST-10000642,Office Supplies,Storage,"Tennsco Lockers, Gray",41.96,2,0.0,2.937199999999997,0
2332,CA-2016-155187,2016-09-24,2016-09-26,Second Class,LA-16780,Laura Armstrong,Corporate,United States,Los Angeles,California,90004,West,OFF-PA-10000380,Office Supplies,Paper,"REDIFORM Incoming/Outgoing Call Register, 11"" X 8 1/2"", 100 Messages",41.7,5,0.0,20.85,0
2370,US-2016-129469,2016-09-23,2016-09-27,Standard Class,KL-16555,Kelly Lampkin,Corporate,United States,Fairfield,Ohio,45014,East,OFF-AR-10000315,Office Supplies,Art,"Dixon Ticonderoga Maple Cedar Pencil, #2",4.912,2,0.2,0.30700000000000016,0
2544,US-2016-114174,2016-09-08,2016-09-14,Standard Class,AP-10720,Anne Pryor,Home Office,United States,Malden,Massachusetts,2148,East,FUR-BO-10003450,Furniture,Bookcases,"Bush Westfield Collection Bookcases, Dark Cherry Finish",173.94,3,0.0,13.915199999999992,0
2545,US-2016-114174,2016-09-08,2016-09-14,Standard Class,AP-10720,Anne Pryor,Home Office,United States,Malden,Massachusetts,2148,East,OFF-LA-10000248,Office Supplies,Labels,Avery 52,14.76,4,0.0,6.9372,0
2554,CA-2016-155439,2016-09-14,2016-09-18,Standard Class,PN-18775,Parhena Norris,Home Office,United States,Columbia,South Carolina,29203,South,OFF-PA-10000029,Office Supplies,Paper,Xerox 224,25.92,4,0.0,12.441600000000001,0
2651,US-2016-146794,2016-09-26,2016-10-01,Standard Class,SH-19975,Sally Hughsby,Corporate,United States,Hesperia,California,92345,West,FUR-BO-10004467,Furniture,Bookcases,Bestar Classic Bookcase,424.9574999999999,5,0.15,19.997999999999976,0
2687,CA-2016-133123,2016-09-06,2016-09-11,Standard Class,KB-16315,Karl Braun,Consumer,United States,Thomasville,North Carolina,27360,South,OFF-BI-10001031,Office Supplies,Binders,Pressboard Data Binders by Wilson Jones,3.204,2,0.7,-2.4563999999999995,0
2881,CA-2016-102932,2016-09-19,2016-09-23,Second Class,SD-20485,Shirley Daniels,Home Office,United States,Orange,New Jersey,7050,East,OFF-BI-10000756,Office Supplies,Binders,Storex DuraTech Recycled Plastic Frosted Binders,25.44,6,0.0,12.72,0
2882,CA-2016-102932,2016-09-19,2016-09-23,Second Class,SD-20485,Shirley Daniels,Home Office,United States,Orange,New Jersey,7050,East,OFF-SU-10000381,Office Supplies,Supplies,Acme Forged Steel Scissors with Black Enamel Handles,27.93,3,0.0,8.099699999999999,0
3005,CA-2016-131499,2016-09-08,2016-09-10,First Class,MG-17875,Michael Grace,Home Office,United States,New York City,New York,10011,East,OFF-AP-10003779,Office Supplies,Appliances,Kensington 7 Outlet MasterPiece Power Center with Fax/Phone Line Protection,207.48,1,0.0,62.24399999999997,0
3145,US-2016-148110,2016-09-05,2016-09-11,Standard Class,AR-10825,Anthony Rawles,Corporate,United States,Austin,Texas,78745,Central,FUR-CH-10002647,Furniture,Chairs,"Situations Contoured Folding Chairs, 4/Set",347.802,7,0.3,-24.84299999999996,0
3249,CA-2016-159730,2016-09-17,2016-09-21,Standard Class,SJ-20125,Sanjit Jacobs,Home Office,United States,Seattle,Washington,98103,West,FUR-CH-10004875,Furniture,Chairs,Harbour Creations 67200 Series Stacking Chairs,113.88800000000002,2,0.2,9.9652,0
3250,CA-2016-159730,2016-09-17,2016-09-21,Standard Class,SJ-20125,Sanjit Jacobs,Home Office,United States,Seattle,Washington,98103,West,TEC-PH-10002085,Technology,Phones,Clarity 53712,105.584,2,0.2,7.9188000000000045,0
3412,CA-2016-100244,2016-09-20,2016-09-24,Standard Class,GM-14695,Greg Maxwell,Corporate,United States,San Francisco,California,94122,West,OFF-BI-10003656,Office Supplies,Binders,Fellowes PB200 Plastic Comb Binding Machine,271.98400000000004,2,0.2,88.39479999999998,0
3416,CA-2016-116540,2016-09-02,2016-09-02,Same Day,SS-20590,Sonia Sunley,Consumer,United States,Madison,Wisconsin,53711,Central,OFF-FA-10002676,Office Supplies,Fasteners,Colored Push Pins,1.81,1,0.0,0.6516,0
3500,CA-2016-108616,2016-09-29,2016-10-03,Standard Class,JK-15730,Joe Kamberova,Consumer,United States,Mobile,Alabama,36608,South,TEC-AC-10000420,Technology,Accessories,Logitech G500s Laser Gaming Mouse with Adjustable Weight Tuning,209.96999999999997,3,0.0,71.3898,0
3501,CA-2016-108616,2016-09-29,2016-10-03,Standard Class,JK-15730,Joe Kamberova,Consumer,United States,Mobile,Alabama,36608,South,OFF-BI-10001989,Office Supplies,Binders,Premium Transparent Presentation Covers by GBC,62.94,3,0.0,30.211199999999998,0
3524,CA-2016-137673,2016-09-05,2016-09-10,Standard Class,ML-17395,Marina Lichtenstein,Corporate,United States,San Diego,California,92105,West,TEC-AC-10002345,Technology,Accessories,HP Standard 104 key PS/2 Keyboard,116.0,8,0.0,29.0,0
3543,CA-2016-157511,2016-09-18,2016-09-20,First Class,SV-20365,Seth Vernon,Consumer,United States,Columbus,Ohio,43229,East,FUR-CH-10002647,Furniture,Chairs,"Situations Contoured Folding Chairs, 4/Set",99.372,2,0.3,-7.097999999999992,0
3568,CA-2016-137176,2016-09-09,2016-09-14,Second Class,DB-12910,Daniel Byrd,Home Office,United States,Dallas,Texas,75220,Central,FUR-FU-10003832,Furniture,Furnishings,"Eldon Expressions Punched Metal & Wood Desk Accessories, Black & Cherry",15.008000000000003,4,0.6,-12.0064,0
3594,CA-2016-164154,2016-09-11,2016-09-17,Standard Class,NZ-18565,Nick Zandusky,Home Office,United States,Toledo,Ohio,43615,East,OFF-BI-10001658,Office Supplies,Binders,GBC Standard Therm-A-Bind Covers,22.428000000000004,3,0.7,-17.942399999999992,0
3595,CA-2016-164154,2016-09-11,2016-09-17,Standard Class,NZ-18565,Nick Zandusky,Home Office,United States,Toledo,Ohio,43615,East,OFF-ST-10002562,Office Supplies,Storage,Staple magnet,37.52000000000001,5,0.2,3.751999999999999,0
3617,CA-2016-154536,2016-09-05,2016-09-09,Standard Class,JC-15340,Jasper Cacioppo,Consumer,United States,Philadelphia,Pennsylvania,19120,East,OFF-BI-10004410,Office Supplies,Binders,"C-Line Peel & Stick Add-On Filing Pockets, 8-3/4 x 5-1/8, 10/Pack",9.555000000000001,5,0.7,-7.325499999999998,0
3622,CA-2016-109743,2016-09-22,2016-09-29,Standard Class,SH-19975,Sally Hughsby,Corporate,United States,Smyrna,Tennessee,37167,South,TEC-PH-10004071,Technology,Phones,PayAnywhere Card Reader,63.93600000000001,8,0.2,5.5944,0
3720,CA-2016-105900,2016-09-17,2016-09-23,Standard Class,BS-11590,Brendan Sweed,Corporate,United States,Columbus,Indiana,47201,Central,OFF-AR-10002656,Office Supplies,Art,Sanford Liquid Accent Highlighters,33.4,5,0.0,12.357999999999997,0
3746,CA-2016-149979,2016-09-23,2016-09-28,Second Class,RA-19915,Russell Applegate,Consumer,United States,Columbus,Georgia,31907,South,OFF-ST-10003058,Office Supplies,Storage,Eldon Mobile Mega Data Cart  Mega Stackable  Add-On Trays,118.25,5,0.0,34.2925,0
3875,CA-2016-136231,2016-09-05,2016-09-07,Second Class,DM-13015,Darrin Martin,Consumer,United States,Johnson City,Tennessee,37604,South,OFF-BI-10001597,Office Supplies,Binders,"Wilson Jones Ledger-Size, Piano-Hinge Binder, 2"", Blue",86.058,7,0.7,-63.10919999999999,0
3876,CA-2016-136231,2016-09-05,2016-09-07,Second Class,DM-13015,Darrin Martin,Consumer,United States,Johnson City,Tennessee,37604,South,TEC-PH-10002660,Technology,Phones,Nortel Networks T7316 E Nt8 B27,108.78399999999999,2,0.2,6.799000000000007,0
3877,CA-2016-136231,2016-09-05,2016-09-07,Second Class,DM-13015,Darrin Martin,Consumer,United States,Johnson City,Tennessee,37604,South,OFF-PA-10000327,Office Supplies,Paper,Xerox 1971,10.272000000000002,3,0.2,3.209999999999998,0
3965,CA-2016-120257,2016-09-22,2016-09-28,Standard Class,PW-19240,Pierre Wener,Consumer,United States,Philadelphia,Pennsylvania,19140,East,OFF-AR-10003481,Office Supplies,Art,Newell 348,7.872,3,0.2,0.8855999999999988,0
4034,CA-2016-169957,2016-09-26,2016-09-30,Standard Class,SN-20710,Steve Nguyen,Home Office,United States,Covington,Washington,98042,West,TEC-AC-10003063,Technology,Accessories,Micro Innovations USB RF Wireless Keyboard with Mouse,100.0,4,0.0,21.0,0
4082,CA-2016-140417,2016-09-25,2016-09-29,Standard Class,KE-16420,Katrina Edelman,Corporate,United States,Tigard,Oregon,97224,West,OFF-BI-10004828,Office Supplies,Binders,GBC Poly Designer Binding Covers,5.022,1,0.7,-3.5153999999999996,0
4225,CA-2016-108644,2016-09-30,2016-10-03,First Class,SJ-20215,Sarah Jordon,Consumer,United States,Quincy,Illinois,62301,Central,OFF-BI-10000343,Office Supplies,Binders,"Pressboard Covers with Storage Hooks, 9 1/2"" x 11"", Light Blue",1.9639999999999995,2,0.8,-3.2406000000000006,0
4347,CA-2016-120355,2016-09-18,2016-09-25,Standard Class,MM-17260,Magdelene Morse,Consumer,United States,New Rochelle,New York,10801,East,FUR-CH-10001394,Furniture,Chairs,Global Leather Executive Chair,631.782,2,0.1,140.39599999999993,0
4393,CA-2016-108868,2016-09-08,2016-09-12,Standard Class,KB-16585,Ken Black,Corporate,United States,Dallas,Texas,75081,Central,OFF-AR-10001953,Office Supplies,Art,Boston 1645 Deluxe Heavier-Duty Electric Pencil Sharpener,70.368,2,0.2,6.157200000000003,0
4514,CA-2016-145240,2016-09-06,2016-09-08,First Class,BG-11740,Bruce Geld,Consumer,United States,Houston,Texas,77070,Central,OFF-ST-10001590,Office Supplies,Storage,"Tenex Personal Project File with Scoop Front Design, Black",10.784,1,0.2,0.8087999999999993,0
4519,CA-2016-101385,2016-09-25,2016-10-01,Standard Class,JW-16075,Julia West,Consumer,United States,San Francisco,California,94109,West,OFF-AR-10004441,Office Supplies,Art,BIC Brite Liner Highlighters,16.56,4,0.0,6.9552,0
4582,CA-2016-120250,2016-09-19,2016-09-22,First Class,AP-10720,Anne Pryor,Home Office,United States,Philadelphia,Pennsylvania,19140,East,FUR-FU-10003424,Furniture,Furnishings,Nu-Dell Oak Frame,25.632,3,0.2,3.8447999999999967,0
4616,CA-2016-144540,2016-09-05,2016-09-10,Standard Class,GH-14410,Gary Hansen,Home Office,United States,Houston,Texas,77070,Central,OFF-FA-10002763,Office Supplies,Fasteners,Advantus Map Pennant Flags and Round Head Tacks,28.44,9,0.2,4.265999999999997,0
4640,CA-2016-102162,2016-09-11,2016-09-16,Standard Class,JF-15565,Jill Fjeld,Consumer,United States,Newport News,Virginia,23602,South,TEC-CO-10001943,Technology,Copiers,Canon PC-428 Personal Copier,1599.92,8,0.0,751.9624,0
4641,CA-2016-102162,2016-09-11,2016-09-16,Standard Class,JF-15565,Jill Fjeld,Consumer,United States,Newport News,Virginia,23602,South,OFF-EN-10002312,Office Supplies,Envelopes,#10 Self-Seal White Envelopes,11.09,1,0.0,5.4341,0
4665,CA-2016-116232,2016-09-22,2016-09-26,Standard Class,AC-10450,Amy Cox,Consumer,United States,Pembroke Pines,Florida,33024,South,OFF-BI-10004022,Office Supplies,Binders,Acco Suede Grain Vinyl Round Ring Binder,7.506,9,0.7,-6.004799999999998,0
4666,CA-2016-116232,2016-09-22,2016-09-26,Standard Class,AC-10450,Amy Cox,Consumer,United States,Pembroke Pines,Florida,33024,South,OFF-LA-10001158,Office Supplies,Labels,"Avery Address/Shipping Labels for Typewriters, 4"" x 2""",16.56,2,0.2,5.796,0
4770,US-2016-114888,2016-09-19,2016-09-24,Second Class,CC-12430,Chuck Clark,Home Office,United States,San Francisco,California,94109,West,OFF-BI-10003355,Office Supplies,Binders,Cardinal Holdit Business Card Pockets,11.952000000000002,3,0.2,4.1832,0
4771,US-2016-114888,2016-09-19,2016-09-24,Second Class,CC-12430,Chuck Clark,Home Office,United States,San Francisco,California,94109,West,OFF-SU-10001212,Office Supplies,Supplies,Kleencut Forged Office Shears by Acme United Corporation,6.24,3,0.0,1.8719999999999997,0
4945,CA-2016-151372,2016-09-05,2016-09-06,First Class,JH-15985,Joseph Holt,Consumer,United States,Redondo Beach,California,90278,West,OFF-PA-10004381,Office Supplies,Paper,14-7/8 x 11 Blue Bar Computer Printout Paper,96.08,2,0.0,46.118399999999994,0
4946,CA-2016-151372,2016-09-05,2016-09-06,First Class,JH-15985,Joseph Holt,Consumer,United States,Redondo Beach,California,90278,West,OFF-BI-10000050,Office Supplies,Binders,"Angle-D Binders with Locking Rings, Label Holders",11.68,2,0.2,3.9419999999999993,0
4947,CA-2016-151372,2016-09-05,2016-09-06,First Class,JH-15985,Joseph Holt,Consumer,United States,Redondo Beach,California,90278,West,OFF-FA-10000304,Office Supplies,Fasteners,Advantus Push Pins,4.36,2,0.0,1.7876000000000003,0
5240,CA-2016-116561,2016-09-11,2016-09-17,Standard Class,EB-14110,Eugene Barchas,Consumer,United States,San Jose,California,95123,West,OFF-ST-10004186,Office Supplies,Storage,"Stur-D-Stor Shelving, Vertical 5-Shelf: 72""H x 36""W x 18 1/2""D",332.94,3,0.0,6.658799999999999,0
5331,CA-2016-123120,2016-09-04,2016-09-08,Standard Class,CV-12295,Christina VanderZanden,Consumer,United States,New York City,New York,10011,East,FUR-FU-10004748,Furniture,Furnishings,"Howard Miller 16"" Diameter Gallery Wall Clock",63.94,1,0.0,24.9366,0
5332,CA-2016-123120,2016-09-04,2016-09-08,Standard Class,CV-12295,Christina VanderZanden,Consumer,United States,New York City,New York,10011,East,OFF-BI-10001460,Office Supplies,Binders,Plastic Binding Combs,60.60000000000001,5,0.2,20.452499999999997,0
5333,CA-2016-123120,2016-09-04,2016-09-08,Standard Class,CV-12295,Christina VanderZanden,Consumer,United States,New York City,New York,10011,East,OFF-SU-10002503,Office Supplies,Supplies,Acme Preferred Stainless Steel Scissors,22.72,4,0.0,6.588799999999999,0
5352,CA-2016-123932,2016-09-06,2016-09-12,Standard Class,YC-21895,Yoseph Carroll,Corporate,United States,Dallas,Texas,75217,Central,OFF-PA-10004665,Office Supplies,Paper,Advantus Motivational Note Cards,41.92,4,0.2,15.195999999999998,0
5382,CA-2016-149195,2016-09-05,2016-09-07,Second Class,DM-13525,Don Miller,Corporate,United States,Houston,Texas,77070,Central,OFF-PA-10001870,Office Supplies,Paper,Xerox 202,25.920000000000005,5,0.2,9.072,0
5414,CA-2016-153157,2016-09-11,2016-09-14,First Class,TB-21625,Trudy Brown,Consumer,United States,Wichita,Kansas,67212,Central,TEC-PH-10003171,Technology,Phones,Plantronics Encore H101 Dual Earpieces Headset,224.75,5,0.0,62.92999999999999,0
5429,CA-2016-113096,2016-09-02,2016-09-04,First Class,SZ-20035,Sam Zeldin,Home Office,United States,San Francisco,California,94122,West,OFF-ST-10003455,Office Supplies,Storage,"Tenex File Box, Personal Filing Tote with Lid, Black",46.53,3,0.0,12.097800000000001,0
5607,CA-2016-134516,2016-09-20,2016-09-25,Standard Class,FM-14215,Filia McAdams,Corporate,United States,Greensboro,North Carolina,27405,South,FUR-CH-10002880,Furniture,Chairs,"Global High-Back Leather Tilter, Burgundy",98.392,1,0.2,-11.069100000000006,0
5663,CA-2016-108875,2016-09-24,2016-10-01,Standard Class,CL-12700,Craig Leslie,Home Office,United States,Aurora,Colorado,80013,West,OFF-ST-10001370,Office Supplies,Storage,Sensible Storage WireTech Storage Systems,511.05600000000004,9,0.2,-95.82300000000008,0
5681,CA-2016-141551,2016-09-24,2016-09-30,Standard Class,BP-11230,Benjamin Patterson,Consumer,United States,Broken Arrow,Oklahoma,74012,Central,OFF-BI-10001249,Office Supplies,Binders,Avery Heavy-Duty EZD View Binder with Locking Rings,6.38,1,0.0,2.9347999999999996,0
5724,CA-2016-165820,2016-09-26,2016-09-30,Standard Class,DW-13585,Dorothy Wardle,Corporate,United States,San Francisco,California,94109,West,OFF-PA-10004735,Office Supplies,Paper,Xerox 1905,12.96,2,0.0,6.2208000000000006,0
5807,CA-2016-149783,2016-09-04,2016-09-07,Second Class,DL-13315,Delfina Latchford,Consumer,United States,Knoxville,Tennessee,37918,South,OFF-PA-10002195,Office Supplies,Paper,"RSVP Cards & Envelopes, Blank White, 8-1/2"" X 11"", 24 Cards/25 Envelopes/Set",12.192,3,0.2,4.1148,0
5872,CA-2016-154235,2016-09-24,2016-09-28,Standard Class,RD-19900,Ruben Dartt,Consumer,United States,Bloomington,Indiana,47401,Central,FUR-FU-10004006,Furniture,Furnishings,"Deflect-o DuraMat Lighweight, Studded, Beveled Mat for Low Pile Carpeting",127.94999999999999,3,0.0,21.751499999999986,0
5882,CA-2016-133935,2016-09-18,2016-09-22,Standard Class,JW-15220,Jane Waco,Corporate,United States,San Diego,California,92105,West,OFF-PA-10000100,Office Supplies,Paper,Xerox 1945,368.91,9,0.0,180.76590000000002,0
6037,CA-2016-131205,2016-09-04,2016-09-08,Standard Class,AA-10645,Anna Andreadi,Consumer,United States,Georgetown,Kentucky,40324,South,FUR-FU-10003347,Furniture,Furnishings,Coloredge Poster Frame,42.599999999999994,3,0.0,16.614,0
6038,CA-2016-131205,2016-09-04,2016-09-08,Standard Class,AA-10645,Anna Andreadi,Consumer,United States,Georgetown,Kentucky,40324,South,OFF-BI-10000315,Office Supplies,Binders,Poly Designer Cover & Back,113.94,6,0.0,54.691199999999995,0
6040,CA-2016-131205,2016-09-04,2016-09-08,Standard Class,AA-10645,Anna Andreadi,Consumer,United States,Georgetown,Kentucky,40324,South,OFF-AR-10003469,Office Supplies,Art,Nontoxic Chalk,5.28,3,0.0,2.5343999999999998,0
6055,CA-2016-124016,2016-09-23,2016-09-26,Second Class,JS-15940,Joni Sundaresam,Home Office,United States,Lancaster,Ohio,43130,East,OFF-BI-10002071,Office Supplies,Binders,Fellowes Black Plastic Comb Bindings,12.201,7,0.7,-9.760799999999996,0
6079,CA-2016-151561,2016-09-01,2016-09-07,Standard Class,PG-18820,Patrick Gardner,Consumer,United States,New York City,New York,10011,East,OFF-SU-10001574,Office Supplies,Supplies,Acme Value Line Scissors,10.95,3,0.0,3.2849999999999993,0
6263,CA-2016-132479,2016-09-24,2016-09-26,First Class,MK-17905,Michael Kennedy,Corporate,United States,Rockford,Illinois,61107,Central,OFF-BI-10004584,Office Supplies,Binders,GBC ProClick 150 Presentation Binding System,442.37199999999996,7,0.8,-729.9138,0
6285,CA-2016-100944,2016-09-24,2016-09-28,Standard Class,EH-13765,Edward Hooks,Corporate,United States,Los Angeles,California,90049,West,FUR-CH-10000988,Furniture,Chairs,Hon Olson Stacker Stools,563.24,5,0.2,56.32400000000001,0
6465,US-2016-155404,2016-09-22,2016-09-28,Standard Class,AS-10630,Ann Steele,Home Office,United States,Louisville,Kentucky,40214,South,FUR-FU-10004586,Furniture,Furnishings,G.E. Longer-Life Indoor Recessed Floodlight Bulbs,13.28,2,0.0,6.3744,0
6707,CA-2016-112277,2016-09-10,2016-09-15,Standard Class,SC-20695,Steve Chapman,Corporate,United States,Fort Lauderdale,Florida,33311,South,TEC-PH-10003505,Technology,Phones,Geemarc AmpliPOWER60,519.68,7,0.2,58.46399999999997,0
6725,CA-2016-128811,2016-09-12,2016-09-16,Standard Class,SF-20200,Sarah Foster,Consumer,United States,Seattle,Washington,98103,West,OFF-FA-10000585,Office Supplies,Fasteners,OIC Bulk Pack Metal Binder Clips,10.47,3,0.0,4.8162,0
6765,CA-2016-144764,2016-09-02,2016-09-08,Standard Class,RL-19615,Rob Lucas,Consumer,United States,Chicago,Illinois,60623,Central,TEC-MA-10003230,Technology,Machines,Okidata C610n Printer,1362.8999999999999,3,0.3,-19.47000000000014,0
6777,US-2016-152373,2016-09-05,2016-09-11,Standard Class,PT-19090,Pete Takahito,Consumer,United States,San Antonio,Texas,78207,Central,OFF-ST-10003479,Office Supplies,Storage,"Eldon Base for stackable storage shelf, platinum",93.456,3,0.2,-17.523000000000014,0
6780,US-2016-147711,2016-09-03,2016-09-08,Second Class,HF-14995,Herbert Flentye,Consumer,United States,Baltimore,Maryland,21215,East,FUR-FU-10002364,Furniture,Furnishings,"Eldon Expressions Wood Desk Accessories, Oak",14.76,2,0.0,4.280399999999998,0
6781,US-2016-147711,2016-09-03,2016-09-08,Second Class,HF-14995,Herbert Flentye,Consumer,United States,Baltimore,Maryland,21215,East,OFF-BI-10003350,Office Supplies,Binders,Acco Expandable Hanging Binders,12.76,2,0.0,5.869599999999999,0
6782,US-2016-147711,2016-09-03,2016-09-08,Second Class,HF-14995,Herbert Flentye,Consumer,United States,Baltimore,Maryland,21215,East,OFF-LA-10004093,Office Supplies,Labels,Avery 486,58.48,8,0.0,27.485599999999998,0
6842,CA-2016-123946,2016-09-12,2016-09-17,Standard Class,AJ-10795,Anthony Johnson,Corporate,United States,Springfield,Virginia,22153,South,TEC-AC-10004877,Technology,Accessories,Imation 30456 USB Flash Drive 8GB,20.700000000000003,3,0.0,1.6559999999999988,0
6845,CA-2016-123946,2016-09-12,2016-09-17,Standard Class,AJ-10795,Anthony Johnson,Corporate,United States,Springfield,Virginia,22153,South,FUR-CH-10002073,Furniture,Chairs,Hon Olson Stacker Chairs,1059.12,4,0.0,307.1447999999999,0
6946,CA-2016-106243,2016-09-30,2016-10-04,Standard Class,GM-14680,Greg Matthias,Consumer,United States,New York City,New York,10011,East,FUR-BO-10003034,Furniture,Bookcases,"O'Sullivan Elevations Bookcase, Cherry Finish",523.92,5,0.2,-26.195999999999984,0
6983,CA-2016-116526,2016-09-01,2016-09-05,Standard Class,JA-15970,Joseph Airdo,Consumer,United States,Detroit,Michigan,48227,Central,OFF-BI-10004728,Office Supplies,Binders,Wilson Jones Turn Tabs Binder Tool for Ring Binders,24.1,5,0.0,11.086,0
6984,CA-2016-116526,2016-09-01,2016-09-05,Standard Class,JA-15970,Joseph Airdo,Consumer,United States,Detroit,Michigan,48227,Central,TEC-PH-10002365,Technology,Phones,Belkin Grip Candy Sheer Case / Cover for iPhone 5 and 5S,8.78,1,0.0,2.2828,0
6985,CA-2016-116526,2016-09-01,2016-09-05,Standard Class,JA-15970,Joseph Airdo,Consumer,United States,Detroit,Michigan,48227,Central,OFF-AP-10002457,Office Supplies,Appliances,"Eureka The Boss Plus 12-Amp Hard Box Upright Vacuum, Red",376.74,4,0.1,71.16199999999998,0
6986,CA-2016-116526,2016-09-01,2016-09-05,Standard Class,JA-15970,Joseph Airdo,Consumer,United States,Detroit,Michigan,48227,Central,OFF-BI-10000320,Office Supplies,Binders,GBC Plastic Binding Combs,29.52,4,0.0,14.4648,0
6999,US-2016-134369,2016-09-16,2016-09-22,Standard Class,BC-11125,Becky Castell,Home Office,United States,Laguna Niguel,California,92677,West,OFF-PA-10002195,Office Supplies,Paper,Xerox 1966,12.96,2,0.0,6.3504000000000005,0
7071,CA-2016-164490,2016-09-05,2016-09-10,Second Class,SU-20665,Stephanie Ulpright,Home Office,United States,Chicago,Illinois,60653,Central,OFF-PA-10004971,Office Supplies,Paper,Xerox 196,9.248000000000001,2,0.2,3.3524000000000003,0
7081,CA-2016-106950,2016-09-02,2016-09-06,Standard Class,JE-15715,Joe Elijah,Consumer,United States,Charlotte,North Carolina,28205,South,FUR-TA-10001768,Furniture,Tables,Hon Racetrack Conference Tables,472.51800000000003,3,0.4,-149.63070000000005,0
7082,CA-2016-106950,2016-09-02,2016-09-06,Standard Class,JE-15715,Joe Elijah,Consumer,United States,Charlotte,North Carolina,28205,South,TEC-AC-10002049,Technology,Accessories,Plantronics Savi W720 Multi-Device Wireless Headset System,1012.6800000000001,3,0.2,303.80400000000003,0
7126,CA-2016-123176,2016-09-27,2016-09-29,Second Class,JG-15160,James Galang,Consumer,United States,Atlanta,Georgia,30318,South,OFF-PA-10003971,Office Supplies,Paper,Xerox 1965,17.94,3,0.0,8.790600000000001,0
7166,CA-2016-158610,2016-09-19,2016-09-22,First Class,CK-12595,Clytie Kelty,Consumer,United States,Providence,Rhode Island,2908,East,OFF-ST-10000604,Office Supplies,Storage,Home/Office Personal File Carts,69.52,2,0.0,17.379999999999995,0
7208,CA-2016-143476,2016-09-11,2016-09-13,First Class,LC-16930,Linda Cazamias,Corporate,United States,Phoenix,Arizona,85023,West,OFF-AR-10003759,Office Supplies,Art,"Crayola Anti Dust Chalk, 12/Pack",2.9120000000000004,2,0.2,0.9099999999999998,0
7209,CA-2016-143476,2016-09-11,2016-09-13,First Class,LC-16930,Linda Cazamias,Corporate,United States,Phoenix,Arizona,85023,West,OFF-PA-10001837,Office Supplies,Paper,Xerox 1976,20.736000000000004,4,0.2,7.2576,0
7253,CA-2016-152457,2016-09-12,2016-09-18,Standard Class,SC-20695,Steve Chapman,Corporate,United States,Roseville,Michigan,48066,Central,OFF-PA-10003790,Office Supplies,Paper,Xerox 1991,68.52,3,0.0,31.519199999999998,0
7272,CA-2016-123337,2016-09-16,2016-09-22,Standard Class,KD-16495,Keith Dawkins,Corporate,United States,San Jose,California,95123,West,OFF-AP-10002287,Office Supplies,Appliances,"Eureka Sanitaire  Multi-Pro Heavy-Duty Upright, Disposable Bags",17.48,4,0.0,4.5448,0
7354,CA-2016-151974,2016-09-22,2016-09-29,Standard Class,RD-19660,Robert Dilbeck,Home Office,United States,Philadelphia,Pennsylvania,19134,East,OFF-LA-10004484,Office Supplies,Labels,Avery 476,16.520000000000003,5,0.2,5.368999999999998,0
7382,CA-2016-105732,2016-09-13,2016-09-18,Standard Class,AG-10270,Alejandro Grove,Consumer,United States,Omaha,Nebraska,68104,Central,TEC-PH-10001644,Technology,Phones,"BlueLounge Milo Smartphone Stand, White/Metallic",149.95,5,0.0,41.986000000000004,0
7384,CA-2016-105732,2016-09-13,2016-09-18,Standard Class,AG-10270,Alejandro Grove,Consumer,United States,Omaha,Nebraska,68104,Central,OFF-PA-10002250,Office Supplies,Paper,Things To Do Today Pad,17.61,3,0.0,8.4528,0
7385,CA-2016-105732,2016-09-13,2016-09-18,Standard Class,AG-10270,Alejandro Grove,Consumer,United States,Omaha,Nebraska,68104,Central,OFF-AP-10001394,Office Supplies,Appliances,Harmony Air Purifier,378.0,2,0.0,136.07999999999998,0
7386,CA-2016-105732,2016-09-13,2016-09-18,Standard Class,AG-10270,Alejandro Grove,Consumer,United States,Omaha,Nebraska,68104,Central,OFF-PA-10001838,Office Supplies,Paper,"Adams Telephone Message Book W/Dividers/Space For Phone Numbers, 5 1/4""X8 1/2"", 300/Messages",17.64,3,0.0,8.6436,0
7387,CA-2016-105732,2016-09-13,2016-09-18,Standard Class,AG-10270,Alejandro Grove,Consumer,United States,Omaha,Nebraska,68104,Central,OFF-ST-10004340,Office Supplies,Storage,"Fellowes Mobile File Cart, Black",373.08,6,0.0,100.73160000000001,0
7388,CA-2016-105732,2016-09-13,2016-09-18,Standard Class,AG-10270,Alejandro Grove,Consumer,United States,Omaha,Nebraska,68104,Central,FUR-FU-10003664,Furniture,Furnishings,"Electrix Architect's Clamp-On Swing Arm Lamp, Black",1336.4399999999998,14,0.0,387.56759999999986,0
7389,CA-2016-105732,2016-09-13,2016-09-18,Standard Class,AG-10270,Alejandro Grove,Consumer,United States,Omaha,Nebraska,68104,Central,TEC-PH-10004897,Technology,Phones,Mediabridge Sport Armband iPhone 5s,29.97,3,0.0,0.29969999999999963,0
7464,CA-2016-103709,2016-09-08,2016-09-15,Standard Class,LP-17095,Liz Preis,Consumer,United States,Visalia,California,93277,West,OFF-AR-10003338,Office Supplies,Art,"Eberhard Faber 3 1/2"" Golf Pencils",14.88,2,0.0,3.7200000000000006,0
7465,CA-2016-103709,2016-09-08,2016-09-15,Standard Class,LP-17095,Liz Preis,Consumer,United States,Visalia,California,93277,West,OFF-PA-10004610,Office Supplies,Paper,Xerox 1900,34.24,8,0.0,15.407999999999998,0
7466,CA-2016-103709,2016-09-08,2016-09-15,Standard Class,LP-17095,Liz Preis,Consumer,United States,Visalia,California,93277,West,OFF-ST-10001272,Office Supplies,Storage,"Mini 13-1/2 Capacity Data Binder Rack, Pearl",261.74,2,0.0,65.435,0
7482,CA-2016-124583,2016-09-01,2016-09-03,Second Class,LB-16795,Laurel Beltran,Home Office,United States,Huntington Beach,California,92646,West,OFF-EN-10002500,Office Supplies,Envelopes,Globe Weis Peel & Seel First Class Envelopes,12.78,1,0.0,5.7509999999999994,0
7523,CA-2016-162383,2016-09-05,2016-09-11,Standard Class,MD-17350,Maribeth Dona,Consumer,United States,Lancaster,Ohio,43130,East,OFF-BI-10001757,Office Supplies,Binders,Pressboard Hanging Data Binders for Unburst Sheets,8.856000000000002,6,0.7,-6.494400000000002,0
7550,CA-2016-136595,2016-09-05,2016-09-07,First Class,EM-13825,Elizabeth Moffitt,Corporate,United States,Houston,Texas,77036,Central,FUR-FU-10004671,Furniture,Furnishings,"Executive Impressions 12"" Wall Clock",21.204000000000004,3,0.6,-11.662199999999999,0
7563,US-2016-104815,2016-09-03,2016-09-07,Standard Class,RB-19570,Rob Beeghly,Consumer,United States,Chicago,Illinois,60610,Central,FUR-BO-10003894,Furniture,Bookcases,"Safco Value Mate Steel Bookcase, Baked Enamel Finish on Steel, Black",198.744,4,0.3,0.0,0
7591,CA-2016-158778,2016-09-05,2016-09-09,Standard Class,DB-13210,Dean Braden,Consumer,United States,Philadelphia,Pennsylvania,19134,East,FUR-FU-10000260,Furniture,Furnishings,"6"" Cubicle Wall Clock, Black",58.248000000000005,9,0.2,11.649599999999996,0
7592,CA-2016-158778,2016-09-05,2016-09-09,Standard Class,DB-13210,Dean Braden,Consumer,United States,Philadelphia,Pennsylvania,19134,East,FUR-CH-10001146,Furniture,Chairs,"Global Task Chair, Black",71.246,2,0.3,-19.338199999999993,0
7593,CA-2016-158778,2016-09-05,2016-09-09,Standard Class,DB-13210,Dean Braden,Consumer,United States,Philadelphia,Pennsylvania,19134,East,OFF-AR-10000896,Office Supplies,Art,Newell 329,7.872,3,0.2,0.5903999999999994,0
7594,CA-2016-158778,2016-09-05,2016-09-09,Standard Class,DB-13210,Dean Braden,Consumer,United States,Philadelphia,Pennsylvania,19134,East,FUR-CH-10000309,Furniture,Chairs,Global Comet Stacking Arm Chair,887.2709999999998,3,0.3,-63.376499999999965,0
7725,CA-2016-113978,2016-09-25,2016-09-29,Standard Class,TS-21505,Tony Sayre,Consumer,United States,Cleveland,Ohio,44105,East,OFF-AP-10003849,Office Supplies,Appliances,Hoover Shoulder Vac Commercial Portable Vacuum,286.25600000000003,1,0.2,17.890999999999977,0
7726,CA-2016-113978,2016-09-25,2016-09-29,Standard Class,TS-21505,Tony Sayre,Consumer,United States,Cleveland,Ohio,44105,East,OFF-ST-10004963,Office Supplies,Storage,Eldon Gobal File Keepers,24.224000000000004,2,0.2,-4.844800000000003,0
7730,US-2016-109260,2016-09-26,2016-10-01,Standard Class,TN-21040,Tanja Norvell,Home Office,United States,Tallahassee,Florida,32303,South,TEC-AC-10002637,Technology,Accessories,Logitech VX Revolution Cordless Laser Mouse for Notebooks (Black),431.97600000000006,3,0.2,-75.59580000000004,0
8088,CA-2016-106621,2016-09-29,2016-10-01,Second Class,DM-12955,Dario Medina,Corporate,United States,Yuma,Arizona,85364,West,OFF-AR-10002375,Office Supplies,Art,Newell 351,10.496,4,0.2,1.1807999999999983,0
8179,CA-2016-166429,2016-09-02,2016-09-08,Standard Class,TG-21310,Toby Gnade,Consumer,United States,Des Moines,Washington,98198,West,TEC-CO-10002095,Technology,Copiers,Hewlett Packard 610 Color Digital Copier / Printer,999.98,2,0.0,449.991,0
8616,CA-2016-165918,2016-09-10,2016-09-14,Standard Class,BD-11770,Bryan Davis,Consumer,United States,Edmonds,Washington,98026,West,OFF-BI-10004364,Office Supplies,Binders,Storex Dura Pro Binders,14.256000000000002,3,0.2,4.455,0
8618,CA-2016-165918,2016-09-10,2016-09-14,Standard Class,BD-11770,Bryan Davis,Consumer,United States,Edmonds,Washington,98026,West,OFF-BI-10004826,Office Supplies,Binders,JM Magazine Binder,39.62400000000001,3,0.2,13.868400000000001,0
8679,CA-2016-112739,2016-09-02,2016-09-07,Second Class,RD-19810,Ross DeVincentis,Home Office,United States,Houston,Texas,77070,Central,OFF-BI-10001132,Office Supplies,Binders,"Acco PRESSTEX Data Binder with Storage Hooks, Dark Blue, 9 1/2"" X 11""",8.607999999999999,8,0.8,-13.342400000000001,0
8680,CA-2016-112739,2016-09-02,2016-09-07,Second Class,RD-19810,Ross DeVincentis,Home Office,United States,Houston,Texas,77070,Central,TEC-AC-10001714,Technology,Accessories,Logitech MX Performance Wireless Mouse,159.56,5,0.2,33.906499999999994,0
9028,US-2016-152415,2016-09-17,2016-09-22,Standard Class,PO-18865,Patrick O'Donnell,Consumer,United States,Marlborough,Massachusetts,1752,East,FUR-FU-10002597,Furniture,Furnishings,"C-Line Magnetic Cubicle Keepers, Clear Polypropylene",14.82,3,0.0,6.224400000000001,0
9069,CA-2016-106278,2016-09-02,2016-09-05,Second Class,BM-11140,Becky Martin,Consumer,United States,Des Moines,Washington,98198,West,FUR-CH-10003061,Furniture,Chairs,"Global Leather Task Chair, Black",215.976,3,0.2,-2.6997000000000355,0
9073,CA-2016-142524,2016-09-04,2016-09-08,Standard Class,MB-18085,Mick Brown,Consumer,United States,Springfield,Missouri,65807,Central,OFF-EN-10003286,Office Supplies,Envelopes,Staple envelope,16.56,2,0.0,7.783199999999999,0
9086,CA-2016-126102,2016-09-10,2016-09-12,Second Class,DV-13465,Dianna Vittorini,Consumer,United States,Los Angeles,California,90049,West,OFF-BI-10004318,Office Supplies,Binders,Ibico EB-19 Dual Function Manual Binding System,276.78400000000005,2,0.2,89.95479999999999,0
9233,CA-2016-126732,2016-09-02,2016-09-06,Standard Class,LR-16915,Lena Radford,Consumer,United States,Los Angeles,California,90036,West,FUR-FU-10001889,Furniture,Furnishings,Ultra Door Pull Handle,94.67999999999999,9,0.0,31.244399999999995,0
9236,CA-2016-126732,2016-09-02,2016-09-06,Standard Class,LR-16915,Lena Radford,Consumer,United States,Los Angeles,California,90036,West,OFF-AR-10004752,Office Supplies,Art,Blackstonian Pencils,18.689999999999998,7,0.0,5.2332,0
9414,CA-2016-132017,2016-09-26,2016-09-27,First Class,MH-17620,Matt Hagelstein,Corporate,United States,Houston,Texas,77041,Central,OFF-BI-10004001,Office Supplies,Binders,GBC Recycled VeloBinder Covers,6.815999999999998,2,0.8,-11.587200000000003,0
9427,CA-2016-160479,2016-09-15,2016-09-20,Standard Class,AH-10585,Angele Hood,Consumer,United States,Seattle,Washington,98105,West,OFF-AR-10002445,Office Supplies,Art,SANFORD Major Accent Highlighters,35.4,5,0.0,13.452000000000002,0
9447,CA-2016-158617,2016-09-22,2016-09-28,Standard Class,AC-10660,Anna Chung,Consumer,United States,Lawrence,Indiana,46226,Central,OFF-PA-10002245,Office Supplies,Paper,Xerox 1895,35.88,6,0.0,16.146,0
9781,CA-2016-153178,2016-09-14,2016-09-18,Standard Class,CL-12565,Clay Ludtke,Consumer,United States,Long Beach,New York,11561,East,TEC-PH-10001944,Technology,Phones,Wi-Ex zBoost YX540 Cellular Phone Signal Booster,437.84999999999997,3,0.0,131.35499999999996,0
9837,US-2016-125402,2016-09-25,2016-10-01,Standard Class,DL-12865,Dan Lawera,Consumer,United States,Long Beach,California,90805,West,OFF-PA-10000141,Office Supplies,Paper,"Ampad Evidence Wirebond Steno Books, 6"" x 9""",10.9,5,0.0,5.122999999999999,0
9838,US-2016-125402,2016-09-25,2016-10-01,Standard Class,DL-12865,Dan Lawera,Consumer,United States,Long Beach,California,90805,West,OFF-LA-10003923,Office Supplies,Labels,Alphabetical Labels for Top Tab Filing,29.6,2,0.0,14.8,0
9839,US-2016-125402,2016-09-25,2016-10-01,Standard Class,DL-12865,Dan Lawera,Consumer,United States,Long Beach,California,90805,West,OFF-LA-10001771,Office Supplies,Labels,Avery 513,4.98,1,0.0,2.2908,0
9840,US-2016-125402,2016-09-25,2016-10-01,Standard Class,DL-12865,Dan Lawera,Consumer,United States,Long Beach,California,90805,West,TEC-CO-10001943,Technology,Copiers,Canon PC-428 Personal Copier,479.97600000000006,3,0.2,161.9919,0
9929,CA-2016-129630,2016-09-04,2016-09-04,Same Day,IM-15055,Ionia McGrath,Consumer,United States,San Francisco,California,94122,West,FUR-FU-10000260,Furniture,Furnishings,"6"" Cubicle Wall Clock, Black",24.27,3,0.0,8.7372,0
9973,CA-2016-130225,2016-09-11,2016-09-17,Standard Class,RC-19960,Ryan Crowe,Consumer,United States,Houston,Texas,77041,Central,OFF-EN-10000056,Office Supplies,Envelopes,Cameo Buff Policy Envelopes,99.568,2,0.2,33.60419999999999,0
9983,US-2016-157728,2016-09-22,2016-09-28,Standard Class,RC-19960,Ryan Crowe,Consumer,United States,Grand Rapids,Michigan,49505,Central,OFF-PA-10002195,Office Supplies,Paper,"RSVP Cards & Envelopes, Blank White, 8-1/2"" X 11"", 24 Cards/25 Envelopes/Set",35.56,7,0.0,16.7132,0
9984,US-2016-157728,2016-09-22,2016-09-28,Standard Class,RC-19960,Ryan Crowe,Consumer,United States,Grand Rapids,Michigan,49505,Central,TEC-PH-10001305,Technology,Phones,Panasonic KX TS208W Corded phone,97.98,2,0.0,27.43440000000001,0
9987,CA-2016-125794,2016-09-29,2016-10-03,Standard Class,ML-17410,Maris LaWare,Consumer,United States,Los Angeles,California,90008,West,TEC-AC-10003399,Technology,Accessories,Memorex Mini Travel Drive 64 GB USB 2.0 Flash Drive,36.24,1,0.0,15.2208,0
