Row ID,Order ID,Order Date,Ship Date,Ship Mode,Customer ID,Customer Name,Segment,Country,City,State,Postal Code,Region,Product ID,Category,Sub-Category,Product Name,Sales,Quantity,Discount,Profit,Data_origen
342,CA-2014-122336,2014-04-13,2014-04-17,Second Class,JD-15895,Jonathan Doherty,Corporate,United States,Philadelphia,Pennsylvania,19140,East,OFF-BI-10003656,Office Supplies,Binders,Fellowes PB200 Plastic Comb Binding Machine,509.9700000000001,10,0.7,-407.9759999999999,0
344,CA-2014-122336,2014-04-13,2014-04-17,Second Class,JD-15895,Jonathan Doherty,Corporate,United States,Philadelphia,Pennsylvania,19140,East,TEC-PH-10000702,Technology,Phones,"Square Credit Card Reader, 4 1/2"" x 4 1/2"" x 1"", White",71.928,12,0.4,8.39159999999999,0
404,CA-2014-155208,2014-04-16,2014-04-20,Standard Class,SP-20650,Stephanie Phelps,Corporate,United States,Wilmington,North Carolina,28403,South,OFF-AR-10003478,Office Supplies,Art,"Avery Hi-Liter EverBold Pen Style Fluorescent Highlighters, 4/Pack",39.072,6,0.2,9.768,0
869,CA-2014-136742,2014-04-06,2014-04-10,Standard Class,GP-14740,Guy Phonely,Corporate,United States,Lancaster,Pennsylvania,17602,East,OFF-BI-10003719,Office Supplies,Binders,Large Capacity Hanging Post Binders,44.91000000000001,6,0.7,-35.928,0
1373,US-2014-157021,2014-04-01,2014-04-06,Second Class,KM-16720,Kunst Miller,Consumer,United States,Vallejo,California,94591,West,OFF-LA-10002312,Office Supplies,Labels,Avery 490,29.6,2,0.0,14.8,0
1405,US-2014-118486,2014-04-06,2014-04-08,First Class,SD-20485,Shirley Daniels,Home Office,United States,Philadelphia,Pennsylvania,19143,East,OFF-SU-10004498,Office Supplies,Supplies,Martin-Yale Premier Letter Opener,10.304000000000002,1,0.2,-2.1896000000000004,0
1407,US-2014-118486,2014-04-06,2014-04-08,First Class,SD-20485,Shirley Daniels,Home Office,United States,Philadelphia,Pennsylvania,19143,East,TEC-AC-10004659,Technology,Accessories,Imation Secure+ Hardware Encrypted USB 2.0 Flash Drive; 16GB,116.78399999999999,2,0.2,21.89699999999999,0
1561,CA-2014-105172,2014-04-04,2014-04-09,Standard Class,PK-18910,Paul Knutson,Home Office,United States,San Francisco,California,94109,West,OFF-LA-10001641,Office Supplies,Labels,Avery 518,18.9,6,0.0,9.072,0
1750,US-2014-157406,2014-04-25,2014-04-29,Standard Class,DA-13450,Dianna Arnett,Home Office,United States,Houston,Texas,77095,Central,OFF-AR-10002221,Office Supplies,Art,12 Colored Short Pencils,6.24,3,0.2,0.5460000000000007,0
1777,CA-2014-118976,2014-04-28,2014-05-03,Standard Class,MY-18295,Muhammed Yedwab,Corporate,United States,Baltimore,Maryland,21215,East,OFF-LA-10000452,Office Supplies,Labels,Avery 488,3.15,1,0.0,1.512,0
2616,CA-2014-147298,2014-04-26,2014-05-03,Standard Class,AG-10300,Aleksandra Gannaway,Corporate,United States,Los Angeles,California,90049,West,OFF-BI-10001525,Office Supplies,Binders,"Acco Pressboard Covers with Storage Hooks, 14 7/8"" x 11"", Executive Red",18.288,6,0.2,5.714999999999999,0
2714,CA-2014-110100,2014-04-25,2014-04-29,Standard Class,LC-16885,Lena Creighton,Consumer,United States,Wilmington,North Carolina,28403,South,TEC-PH-10004531,Technology,Phones,AT&T CL2909,302.376,3,0.2,37.797,0
2795,CA-2014-154599,2014-04-12,2014-04-17,Standard Class,KN-16450,Kean Nguyen,Corporate,United States,Redondo Beach,California,90278,West,TEC-PH-10000576,Technology,Phones,AT&T 1080 Corded phone,438.36800000000005,4,0.2,38.357200000000006,0
3277,CA-2014-102988,2014-04-05,2014-04-09,Second Class,GM-14695,Greg Maxwell,Corporate,United States,Alexandria,Virginia,22304,South,OFF-AR-10004757,Office Supplies,Art,Crayola Colored Pencils,22.959999999999997,7,0.0,7.576799999999999,0
3278,CA-2014-102988,2014-04-05,2014-04-09,Second Class,GM-14695,Greg Maxwell,Corporate,United States,Alexandria,Virginia,22304,South,TEC-PH-10001615,Technology,Phones,AT&T CL82213,28.99,1,0.0,8.407099999999996,0
3279,CA-2014-102988,2014-04-05,2014-04-09,Second Class,GM-14695,Greg Maxwell,Corporate,United States,Alexandria,Virginia,22304,South,OFF-PA-10003349,Office Supplies,Paper,Xerox 1957,12.96,2,0.0,6.3504000000000005,0
3281,CA-2014-102988,2014-04-05,2014-04-09,Second Class,GM-14695,Greg Maxwell,Corporate,United States,Alexandria,Virginia,22304,South,OFF-SU-10002881,Office Supplies,Supplies,Martin Yale Chadless Opener Electric Letter Opener,4164.049999999999,5,0.0,83.28100000000006,0
3409,US-2014-150119,2014-04-23,2014-04-27,Standard Class,LB-16795,Laurel Beltran,Home Office,United States,Columbus,Ohio,43229,East,FUR-FU-10002191,Furniture,Furnishings,G.E. Halogen Desk Lamp Bulbs,22.336000000000002,4,0.2,7.8176,0
3482,CA-2014-124023,2014-04-07,2014-04-10,First Class,PJ-19015,Pauline Johnson,Consumer,United States,Mobile,Alabama,36608,South,FUR-FU-10004415,Furniture,Furnishings,"Stacking Tray, Side-Loading, Legal, Smoke",8.96,2,0.0,2.7775999999999996,0
3536,CA-2014-110849,2014-04-18,2014-04-23,Standard Class,JL-15835,John Lee,Consumer,United States,Los Angeles,California,90049,West,OFF-FA-10000134,Office Supplies,Fasteners,"Advantus Push Pins, Aluminum Head",11.62,2,0.0,3.6022,0
3774,US-2014-102715,2014-04-11,2014-04-13,Second Class,JK-15370,Jay Kimmel,Consumer,United States,Miami,Florida,33180,South,OFF-FA-10001332,Office Supplies,Fasteners,"Acco Banker's Clasps, 5 3/4""-Long",6.911999999999999,3,0.2,2.3327999999999998,0
3776,US-2014-102715,2014-04-11,2014-04-13,Second Class,JK-15370,Jay Kimmel,Consumer,United States,Miami,Florida,33180,South,OFF-PA-10000029,Office Supplies,Paper,Xerox 224,10.368000000000002,2,0.2,3.6288,0
3777,US-2014-102715,2014-04-11,2014-04-13,Second Class,JK-15370,Jay Kimmel,Consumer,United States,Miami,Florida,33180,South,TEC-AC-10001874,Technology,Accessories,Logitech Wireless Anywhere Mouse MX for PC and Mac,335.944,7,0.2,41.992999999999995,0
3880,CA-2014-151001,2014-04-05,2014-04-07,First Class,JG-15805,John Grady,Corporate,United States,Decatur,Illinois,62521,Central,OFF-ST-10001031,Office Supplies,Storage,Adjustable Personal File Tote,52.096000000000004,4,0.2,3.907200000000003,0
4177,CA-2014-128846,2014-04-07,2014-04-12,Standard Class,RS-19765,Roland Schwarz,Corporate,United States,Columbia,South Carolina,29203,South,TEC-PH-10003273,Technology,Phones,AT&T TR1909W,629.9499999999999,5,0.0,163.78700000000003,0
4178,CA-2014-128846,2014-04-07,2014-04-12,Standard Class,RS-19765,Roland Schwarz,Corporate,United States,Columbia,South Carolina,29203,South,OFF-PA-10000100,Office Supplies,Paper,Xerox 1945,122.97,3,0.0,60.255300000000005,0
4570,CA-2014-169460,2014-04-19,2014-04-21,Second Class,NF-18595,Nicole Fjeld,Home Office,United States,San Jose,California,95123,West,FUR-FU-10004017,Furniture,Furnishings,"Executive Impressions 13"" Chairman Wall Clock",76.14,3,0.0,26.648999999999997,0
4578,US-2014-121734,2014-04-11,2014-04-16,Standard Class,SE-20110,Sanjit Engle,Consumer,United States,Lewiston,Idaho,83501,West,OFF-BI-10004817,Office Supplies,Binders,GBC Personal VeloBind Strips,9.584000000000001,1,0.2,3.3543999999999996,0
4862,CA-2014-138940,2014-04-11,2014-04-16,Second Class,GM-14455,Gary Mitchum,Home Office,United States,Austin,Texas,78745,Central,TEC-PH-10001835,Technology,Phones,Jawbone JAMBOX Wireless Bluetooth Speaker,758.3520000000001,6,0.2,265.4232,0
5037,CA-2014-169803,2014-04-06,2014-04-12,Standard Class,SC-20260,Scott Cohen,Corporate,United States,Seattle,Washington,98115,West,TEC-AC-10003441,Technology,Accessories,Kingston Digital DataTraveler 32GB USB 2.0,33.9,2,0.0,2.033999999999999,0
5076,CA-2014-134572,2014-04-20,2014-04-22,Second Class,SV-20365,Seth Vernon,Consumer,United States,Houston,Texas,77070,Central,FUR-TA-10001705,Furniture,Tables,Bush Advantage Collection Round Conference Table,744.0999999999999,5,0.3,-95.67000000000004,0
5077,CA-2014-134572,2014-04-20,2014-04-22,Second Class,SV-20365,Seth Vernon,Consumer,United States,Houston,Texas,77070,Central,OFF-ST-10004634,Office Supplies,Storage,"Personal Folder Holder, Ebony",44.84000000000001,5,0.2,5.604999999999995,0
5122,CA-2014-149538,2014-04-04,2014-04-08,Standard Class,KB-16585,Ken Black,Corporate,United States,Lafayette,Louisiana,70506,South,TEC-AC-10002926,Technology,Accessories,Logitech Wireless Marathon Mouse M705,99.98,2,0.0,42.991400000000006,0
5124,CA-2014-149538,2014-04-04,2014-04-08,Standard Class,KB-16585,Ken Black,Corporate,United States,Lafayette,Louisiana,70506,South,OFF-PA-10002195,Office Supplies,Paper,Xerox 1966,12.96,2,0.0,6.3504000000000005,0
5683,CA-2014-164315,2014-04-02,2014-04-08,Standard Class,RD-19585,Rob Dowd,Consumer,United States,Athens,Georgia,30605,South,OFF-PA-10004248,Office Supplies,Paper,Xerox 1990,15.84,3,0.0,7.128,0
5685,CA-2014-164315,2014-04-02,2014-04-08,Standard Class,RD-19585,Rob Dowd,Consumer,United States,Athens,Georgia,30605,South,OFF-AP-10003842,Office Supplies,Appliances,Euro-Pro Shark Turbo Vacuum,154.9,5,0.0,40.274,0
5927,US-2014-118997,2014-04-08,2014-04-12,Standard Class,RA-19885,Ruben Ausman,Corporate,United States,Decatur,Alabama,35601,South,FUR-TA-10001086,Furniture,Tables,"SAFCO PlanMaster Boards, 60w x 37-1/2d, White Melamine",1215.92,8,0.0,316.1392000000001,0
6016,CA-2014-102652,2014-04-06,2014-04-12,Standard Class,AY-10555,Andy Yotov,Corporate,United States,Los Angeles,California,90049,West,FUR-FU-10000747,Furniture,Furnishings,Tenex B1-RE Series Chair Mats for Low Pile Carpets,91.96,2,0.0,15.633199999999988,0
6018,CA-2014-102652,2014-04-06,2014-04-12,Standard Class,AY-10555,Andy Yotov,Corporate,United States,Los Angeles,California,90049,West,OFF-PA-10003309,Office Supplies,Paper,Xerox 211,19.44,3,0.0,9.3312,0
6019,CA-2014-102652,2014-04-06,2014-04-12,Standard Class,AY-10555,Andy Yotov,Corporate,United States,Los Angeles,California,90049,West,OFF-PA-10001977,Office Supplies,Paper,Xerox 194,55.48,1,0.0,26.630399999999998,0
6253,CA-2014-165806,2014-04-07,2014-04-07,Same Day,VM-21685,Valerie Mitchum,Home Office,United States,Marietta,Georgia,30062,South,OFF-PA-10003441,Office Supplies,Paper,Xerox 226,58.32000000000001,9,0.0,27.9936,0
6254,CA-2014-165806,2014-04-07,2014-04-07,Same Day,VM-21685,Valerie Mitchum,Home Office,United States,Marietta,Georgia,30062,South,TEC-PH-10004922,Technology,Phones,RCA Visys Integrated PBX 8-Line Router,200.96999999999997,3,0.0,50.24250000000001,0
6375,CA-2014-107811,2014-04-29,2014-05-03,Standard Class,LA-16780,Laura Armstrong,Corporate,United States,Memphis,Tennessee,38109,South,FUR-CH-10001394,Furniture,Chairs,Global Leather Executive Chair,561.5840000000001,2,0.2,70.19799999999992,0
6569,CA-2014-100678,2014-04-18,2014-04-22,Standard Class,KM-16720,Kunst Miller,Consumer,United States,Houston,Texas,77095,Central,OFF-AR-10001868,Office Supplies,Art,Prang Dustless Chalk Sticks,2.688,2,0.2,1.008,0
6572,CA-2014-100678,2014-04-18,2014-04-22,Standard Class,KM-16720,Kunst Miller,Consumer,United States,Houston,Texas,77095,Central,TEC-AC-10000474,Technology,Accessories,Kensington Expert Mouse Optical USB Trackball for PC or Mac,227.976,3,0.2,28.496999999999957,0
6708,CA-2014-167724,2014-04-13,2014-04-18,Standard Class,BF-11170,Ben Ferrer,Home Office,United States,Baltimore,Maryland,21215,East,OFF-LA-10002368,Office Supplies,Labels,Avery 479,7.83,3,0.0,3.6018,0
6850,CA-2014-101462,2014-04-20,2014-04-25,Standard Class,BP-11230,Benjamin Patterson,Consumer,United States,Los Angeles,California,90045,West,FUR-FU-10000409,Furniture,Furnishings,"GE 4 Foot Flourescent Tube, 40 Watt",59.92,4,0.0,27.563200000000002,0
7198,CA-2014-116785,2014-04-26,2014-04-30,Standard Class,MH-17290,Marc Harrigan,Home Office,United States,Los Angeles,California,90036,West,OFF-LA-10000305,Office Supplies,Labels,Avery 495,12.6,2,0.0,5.795999999999999,0
7410,CA-2014-121769,2014-04-08,2014-04-12,Standard Class,JS-15880,John Stevenson,Consumer,United States,Toledo,Ohio,43615,East,FUR-TA-10004442,Furniture,Tables,Riverside Furniture Stanwyck Manor Table Series,172.11,1,0.4,-94.66050000000001,0
7658,US-2014-120740,2014-04-15,2014-04-15,Same Day,PS-18970,Paul Stevenson,Home Office,United States,Los Angeles,California,90049,West,FUR-FU-10004091,Furniture,Furnishings,"Howard Miller 13"" Diameter Goldtone Round Wall Clock",187.76,4,0.0,76.9816,0
7844,CA-2014-158470,2014-04-19,2014-04-23,Second Class,AG-10390,Allen Goldenen,Consumer,United States,Arlington,Virginia,22204,South,OFF-PA-10001569,Office Supplies,Paper,Xerox 232,71.28,11,0.0,34.214400000000005,0
8359,CA-2014-110555,2014-04-11,2014-04-18,Standard Class,MM-18055,Michelle Moray,Consumer,United States,Great Falls,Montana,59405,West,TEC-PH-10000586,Technology,Phones,AT&T SB67148 SynJ,105.584,2,0.2,9.238600000000005,0
8360,CA-2014-110555,2014-04-11,2014-04-18,Standard Class,MM-18055,Michelle Moray,Consumer,United States,Great Falls,Montana,59405,West,TEC-AC-10003399,Technology,Accessories,Memorex Mini Travel Drive 64 GB USB 2.0 Flash Drive,217.44,6,0.0,91.32480000000001,0
8452,CA-2014-131387,2014-04-28,2014-04-30,First Class,AI-10855,Arianne Irving,Consumer,United States,San Francisco,California,94122,West,TEC-PH-10001459,Technology,Phones,Samsung Galaxy Mega 6.3,1679.96,5,0.2,125.99700000000007,0
8828,US-2014-157847,2014-04-02,2014-04-06,Second Class,SC-20020,Sam Craven,Consumer,United States,Houston,Texas,77095,Central,OFF-PA-10001593,Office Supplies,Paper,Xerox 1947,33.48800000000001,7,0.2,10.464999999999998,0
8839,CA-2014-153808,2014-04-06,2014-04-10,Second Class,FH-14275,Frank Hawley,Corporate,United States,Los Angeles,California,90004,West,OFF-AR-10001725,Office Supplies,Art,Boston Home & Office Model 2000 Electric Pencil Sharpeners,70.94999999999999,3,0.0,18.447000000000003,0
8841,CA-2014-153808,2014-04-06,2014-04-10,Second Class,FH-14275,Frank Hawley,Corporate,United States,Los Angeles,California,90004,West,TEC-AC-10004171,Technology,Accessories,Razer Kraken 7.1 Surround Sound Over Ear USB Gaming Headset,299.96999999999997,3,0.0,131.98680000000002,0
8920,CA-2014-160276,2014-04-02,2014-04-08,Standard Class,AH-10690,Anna Häberlin,Corporate,United States,Virginia Beach,Virginia,23464,South,FUR-FU-10003192,Furniture,Furnishings,Luxo Adjustable Task Clamp Lamp,177.68,2,0.0,46.196799999999996,0
8921,CA-2014-132983,2014-04-28,2014-05-03,Standard Class,DS-13180,David Smith,Corporate,United States,Jamestown,New York,14701,East,TEC-AC-10000736,Technology,Accessories,Logitech G600 MMO Gaming Mouse,159.98,2,0.0,57.5928,0
9098,US-2014-158365,2014-04-12,2014-04-17,Standard Class,SV-20785,Stewart Visinsky,Consumer,United States,Bloomington,Indiana,47401,Central,OFF-PA-10000289,Office Supplies,Paper,Xerox 213,32.400000000000006,5,0.0,15.552000000000001,0
9290,CA-2014-111857,2014-04-23,2014-04-26,Second Class,NM-18445,Nathan Mautz,Home Office,United States,San Francisco,California,94109,West,OFF-PA-10001878,Office Supplies,Paper,Xerox 1891,48.91,1,0.0,22.987699999999997,0
9850,CA-2014-142979,2014-04-12,2014-04-18,Standard Class,EH-13765,Edward Hooks,Corporate,United States,Lodi,California,95240,West,OFF-AR-10002987,Office Supplies,Art,Prismacolor Color Pencil Set,39.68,2,0.0,16.268800000000002,0
9884,CA-2014-112291,2014-04-03,2014-04-08,Standard Class,KE-16420,Katrina Edelman,Corporate,United States,Los Angeles,California,90008,West,OFF-EN-10001415,Office Supplies,Envelopes,Staple envelope,11.16,2,0.0,5.58,0
