Row ID,Order ID,Order Date,Ship Date,Ship Mode,Customer ID,Customer Name,Segment,Country,City,State,Postal Code,Region,Product ID,Category,Sub-Category,Product Name,Sales,Quantity,Discount,Profit,Data_origen
115,CA-2014-115259,2014-08-25,2014-08-27,Second Class,RC-19960,Ryan Crowe,Consumer,United States,Columbus,Ohio,43229,East,OFF-EN-10002600,Office Supplies,Envelopes,"Redi-Strip #10 Envelopes, 4 1/8 x 9 1/2",4.720000000000001,2,0.2,1.6519999999999997,0
172,CA-2014-118962,2014-08-05,2014-08-09,Standard Class,CS-12130,Chad Sievert,Consumer,United States,Los Angeles,California,90004,West,OFF-PA-10000659,Office Supplies,Paper,"Adams Phone Message Book, Professional, 400 Message Capacity, 5 3/6” x 11”",20.94,3,0.0,9.841800000000001,0
173,CA-2014-118962,2014-08-05,2014-08-09,Standard Class,CS-12130,Chad Sievert,Consumer,United States,Los Angeles,California,90004,West,OFF-PA-10001144,Office Supplies,Paper,Xerox 1913,110.96,2,0.0,53.260799999999996,0
187,CA-2014-123260,2014-08-26,2014-08-30,Standard Class,FM-14290,Frank Merwin,Home Office,United States,Los Angeles,California,90032,West,TEC-AC-10002323,Technology,Accessories,SanDisk Ultra 32 GB MicroSDHC Class 10 Memory Card,176.8,8,0.0,22.98400000000001,0
202,CA-2014-133690,2014-08-03,2014-08-05,First Class,BS-11755,Bruce Stewart,Consumer,United States,Denver,Colorado,80219,West,FUR-TA-10004289,Furniture,Tables,BoxOffice By Design Rectangular and Half-Moon Meeting Room Tables,218.75,2,0.5,-161.875,0
203,CA-2014-133690,2014-08-03,2014-08-05,First Class,BS-11755,Bruce Stewart,Consumer,United States,Denver,Colorado,80219,West,OFF-AP-10003622,Office Supplies,Appliances,"Bravo II Megaboss 12-Amp Hard Body Upright, Replacement Belts, 2 Belts per Pack",2.6,1,0.2,0.29249999999999987,0
316,CA-2014-167850,2014-08-09,2014-08-16,Standard Class,AG-10525,Andy Gerbode,Corporate,United States,Saint Petersburg,Florida,33710,South,OFF-PA-10001937,Office Supplies,Paper,Xerox 21,15.552000000000003,3,0.2,5.4432,0
596,CA-2014-131450,2014-08-08,2014-08-15,Standard Class,LR-16915,Lena Radford,Consumer,United States,San Diego,California,92024,West,TEC-CO-10004115,Technology,Copiers,Sharp AL-1530CS Digital Copier,1199.976,3,0.2,434.9913,0
597,CA-2014-131450,2014-08-08,2014-08-15,Standard Class,LR-16915,Lena Radford,Consumer,United States,San Diego,California,92024,West,TEC-PH-10002398,Technology,Phones,AT&T 1070 Corded Phone,445.96000000000004,5,0.2,55.74499999999995,0
598,CA-2014-131450,2014-08-08,2014-08-15,Standard Class,LR-16915,Lena Radford,Consumer,United States,San Diego,California,92024,West,FUR-FU-10001979,Furniture,Furnishings,Dana Halogen Swing-Arm Architect Lamp,327.76,8,0.0,91.77280000000002,0
856,CA-2014-125612,2014-08-03,2014-08-08,Standard Class,BK-11260,Berenike Kampe,Consumer,United States,New York City,New York,10035,East,OFF-PA-10001019,Office Supplies,Paper,Xerox 1884,39.96,2,0.0,18.7812,0
857,CA-2014-125612,2014-08-03,2014-08-08,Standard Class,BK-11260,Berenike Kampe,Consumer,United States,New York City,New York,10035,East,OFF-SU-10002537,Office Supplies,Supplies,Acme Box Cutter Scissors,102.30000000000001,10,0.0,26.598000000000006,0
858,CA-2014-125612,2014-08-03,2014-08-08,Standard Class,BK-11260,Berenike Kampe,Consumer,United States,New York City,New York,10035,East,OFF-ST-10003221,Office Supplies,Storage,Staple magnet,21.36,2,0.0,5.767200000000001,0
1239,CA-2014-127012,2014-08-11,2014-08-15,Standard Class,GM-14680,Greg Matthias,Consumer,United States,Seattle,Washington,98105,West,FUR-FU-10003691,Furniture,Furnishings,"Eldon Image Series Desk Accessories, Ebony",12.35,1,0.0,5.434,0
1240,CA-2014-127012,2014-08-11,2014-08-15,Standard Class,GM-14680,Greg Matthias,Consumer,United States,Seattle,Washington,98105,West,OFF-AR-10003903,Office Supplies,Art,Sanford 52201 APSCO Electric Pencil Sharpener,40.97,1,0.0,10.6522,0
1241,CA-2014-127012,2014-08-11,2014-08-15,Standard Class,GM-14680,Greg Matthias,Consumer,United States,Seattle,Washington,98105,West,OFF-FA-10004854,Office Supplies,Fasteners,"Vinyl Coated Wire Paper Clips in Organizer Box, 800/Box",22.96,2,0.0,10.7912,0
1378,CA-2014-126361,2014-08-04,2014-08-09,Second Class,VD-21670,Valerie Dominguez,Consumer,United States,Pleasant Grove,Utah,84062,West,OFF-AR-10000896,Office Supplies,Art,Newell 329,16.4,5,0.0,4.263999999999999,0
1467,CA-2014-151708,2014-08-08,2014-08-14,Standard Class,MB-17305,Maria Bertelson,Consumer,United States,Glendale,Arizona,85301,West,TEC-AC-10001767,Technology,Accessories,SanDisk Ultra 64 GB MicroSDHC Class 10 Memory Card,95.97600000000001,3,0.2,-10.79730000000001,0
1652,CA-2014-135699,2014-08-29,2014-08-29,Same Day,HH-15010,Hilary Holden,Corporate,United States,San Francisco,California,94110,West,OFF-PA-10003001,Office Supplies,Paper,Xerox 1986,13.36,2,0.0,6.4128,0
1741,CA-2014-110527,2014-08-09,2014-08-16,Standard Class,ED-13885,Emily Ducich,Home Office,United States,San Diego,California,92037,West,OFF-LA-10000262,Office Supplies,Labels,Avery 494,20.88,8,0.0,9.6048,0
1838,CA-2014-117345,2014-08-01,2014-08-05,Standard Class,BF-10975,Barbara Fisher,Corporate,United States,Charlotte,North Carolina,28205,South,OFF-LA-10000240,Office Supplies,Labels,Self-Adhesive Address Labels for Typewriters by Universal,17.544,3,0.2,5.921099999999998,0
1898,CA-2014-169775,2014-08-29,2014-09-02,Second Class,RA-19945,Ryan Akin,Consumer,United States,Miami,Florida,33178,South,OFF-EN-10001749,Office Supplies,Envelopes,Jiffy Padded Mailers with Self-Seal Closure,29.808,2,0.2,10.805399999999997,0
1899,CA-2014-169775,2014-08-29,2014-09-02,Second Class,RA-19945,Ryan Akin,Consumer,United States,Miami,Florida,33178,South,OFF-BI-10004390,Office Supplies,Binders,GBC DocuBind 200 Manual Binding Machine,505.1760000000001,4,0.7,-336.7839999999999,0
1900,CA-2014-169775,2014-08-29,2014-09-02,Second Class,RA-19945,Ryan Akin,Consumer,United States,Miami,Florida,33178,South,FUR-TA-10001857,Furniture,Tables,Balt Solid Wood Rectangular Table,174.0585,3,0.45,-110.76450000000001,0
2045,CA-2014-129168,2014-08-17,2014-08-23,Standard Class,KB-16585,Ken Black,Corporate,United States,Houston,Texas,77095,Central,OFF-PA-10001639,Office Supplies,Paper,Xerox 203,15.552000000000003,3,0.2,5.4432,0
2173,CA-2014-152296,2014-08-01,2014-08-03,First Class,IL-15100,Ivan Liston,Consumer,United States,San Francisco,California,94122,West,OFF-BI-10004506,Office Supplies,Binders,Wilson Jones data.warehouse D-Ring Binders with DublLock,19.752000000000002,3,0.2,6.9132,0
2339,CA-2014-110639,2014-08-23,2014-08-23,Same Day,RH-19495,Rick Hansen,Consumer,United States,New York City,New York,10009,East,OFF-PA-10004530,Office Supplies,Paper,Personal Creations Ink Jet Cards and Labels,45.92,4,0.0,22.5008,0
2378,US-2014-164616,2014-08-19,2014-08-21,Second Class,MS-17770,Maxwell Schwartz,Consumer,United States,Columbus,Ohio,43229,East,OFF-SU-10004768,Office Supplies,Supplies,Acme Kleencut Forged Steel Scissors,9.184000000000001,2,0.2,1.1479999999999988,0
2411,CA-2014-162684,2014-08-01,2014-08-06,Standard Class,AS-10630,Ann Steele,Home Office,United States,Philadelphia,Pennsylvania,19120,East,OFF-FA-10000992,Office Supplies,Fasteners,"Acco Clips to Go Binder Clips, 24 Clips in Two Sizes",5.68,2,0.2,1.9169999999999998,0
2532,CA-2014-111500,2014-08-17,2014-08-21,Standard Class,DJ-13510,Don Jones,Corporate,United States,Little Rock,Arkansas,72209,South,OFF-BI-10000829,Office Supplies,Binders,Avery Non-Stick Binders,17.96,4,0.0,8.2616,0
2533,CA-2014-111500,2014-08-17,2014-08-21,Standard Class,DJ-13510,Don Jones,Corporate,United States,Little Rock,Arkansas,72209,South,OFF-FA-10002676,Office Supplies,Fasteners,Colored Push Pins,12.67,7,0.0,4.5611999999999995,0
3028,CA-2014-106719,2014-08-24,2014-08-24,Same Day,RB-19645,Robert Barroso,Corporate,United States,Billings,Montana,59102,West,OFF-BI-10002799,Office Supplies,Binders,"SlimView Poly Binder, 3/8""",8.288,2,0.2,2.693599999999999,0
3156,CA-2014-128986,2014-08-03,2014-08-05,Second Class,GH-14410,Gary Hansen,Home Office,United States,Glendale,Arizona,85301,West,OFF-PA-10001289,Office Supplies,Paper,White Computer Printout Paper by Universal,93.024,3,0.2,33.721199999999996,0
3295,CA-2014-138023,2014-08-15,2014-08-18,First Class,KH-16510,Keith Herrera,Consumer,United States,Dallas,Texas,75081,Central,OFF-BI-10003638,Office Supplies,Binders,GBC Durable Plastic Covers,30.959999999999994,8,0.8,-52.63200000000002,0
3392,CA-2014-166471,2014-08-09,2014-08-13,Standard Class,MG-17650,Matthew Grinstein,Home Office,United States,Seattle,Washington,98103,West,TEC-PH-10001530,Technology,Phones,Cisco Unified IP Phone 7945G VoIP phone,1091.1680000000001,4,0.2,68.19799999999998,0
3393,CA-2014-166471,2014-08-09,2014-08-13,Standard Class,MG-17650,Matthew Grinstein,Home Office,United States,Seattle,Washington,98103,West,TEC-PH-10000038,Technology,Phones,Jawbone MINI JAMBOX Wireless Bluetooth Speaker,219.168,2,0.2,-43.83360000000002,0
3485,CA-2014-124688,2014-08-27,2014-08-29,First Class,CC-12610,Corey Catlett,Corporate,United States,Springfield,Virginia,22153,South,FUR-TA-10003569,Furniture,Tables,Bretford CR8500 Series Meeting Room Furniture,1202.94,3,0.0,300.735,0
3629,CA-2014-169726,2014-08-09,2014-08-13,Standard Class,JH-15985,Joseph Holt,Consumer,United States,Seattle,Washington,98103,West,OFF-BI-10004600,Office Supplies,Binders,Ibico Ibimaster 300 Manual Binding System,2060.744,7,0.2,643.9825,0
3773,CA-2014-115357,2014-08-06,2014-08-11,Second Class,RF-19735,Roland Fjeld,Consumer,United States,Columbia,South Carolina,29203,South,TEC-AC-10000023,Technology,Accessories,"Maxell 74 Minute CD-R Spindle, 50/Pack",62.91,3,0.0,22.647599999999997,0
4303,CA-2014-123253,2014-08-22,2014-08-25,Second Class,DE-13255,Deanra Eno,Home Office,United States,Lakewood,Ohio,44107,East,OFF-AR-10002804,Office Supplies,Art,Faber Castell Col-Erase Pencils,3.912,1,0.2,1.0269000000000001,0
5069,CA-2014-124478,2014-08-08,2014-08-12,Standard Class,MA-17560,Matt Abelman,Home Office,United States,Trenton,Michigan,48183,Central,TEC-CO-10001571,Technology,Copiers,Sharp 1540cs Digital Laser Copier,549.99,1,0.0,274.995,0
5070,CA-2014-124478,2014-08-08,2014-08-12,Standard Class,MA-17560,Matt Abelman,Home Office,United States,Trenton,Michigan,48183,Central,OFF-AP-10002495,Office Supplies,Appliances,"Acco Smartsocket Table Surge Protector, 6 Color-Coded Adapter Outlets",167.535,3,0.1,37.22999999999998,0
5072,CA-2014-124478,2014-08-08,2014-08-12,Standard Class,MA-17560,Matt Abelman,Home Office,United States,Trenton,Michigan,48183,Central,FUR-FU-10002088,Furniture,Furnishings,Nu-Dell Float Frame 11 x 14 1/2,53.88,6,0.0,22.629600000000003,0
5359,CA-2014-150490,2014-08-05,2014-08-11,Standard Class,SS-20590,Sonia Sunley,Consumer,United States,San Francisco,California,94122,West,OFF-ST-10000321,Office Supplies,Storage,Akro Stacking Bins,15.78,2,0.0,0.631199999999998,0
5865,US-2014-117968,2014-08-05,2014-08-07,Second Class,RS-19420,Ricardo Sperren,Corporate,United States,Meriden,Connecticut,6450,East,OFF-AP-10002765,Office Supplies,Appliances,Fellowes Advanced Computer Series Surge Protectors,79.47,3,0.0,22.251600000000003,0
5866,US-2014-117968,2014-08-05,2014-08-07,Second Class,RS-19420,Ricardo Sperren,Corporate,United States,Meriden,Connecticut,6450,East,OFF-AR-10004165,Office Supplies,Art,"Binney & Smith inkTank Erasable Pocket Highlighter, Chisel Tip, Yellow",4.56,2,0.0,2.0064,0
5944,CA-2014-104178,2014-08-25,2014-08-29,Standard Class,JM-15265,Janet Molinari,Corporate,United States,Los Angeles,California,90036,West,FUR-FU-10000771,Furniture,Furnishings,"Eldon 200 Class Desk Accessories, Smoke",6.28,1,0.0,2.6376000000000004,0
5946,CA-2014-104178,2014-08-25,2014-08-29,Standard Class,JM-15265,Janet Molinari,Corporate,United States,Los Angeles,California,90036,West,OFF-PA-10004983,Office Supplies,Paper,Xerox 23,25.92,4,0.0,12.441600000000001,0
6175,US-2014-106299,2014-08-02,2014-08-08,Standard Class,NZ-18565,Nick Zandusky,Home Office,United States,Springfield,Missouri,65807,Central,OFF-ST-10002011,Office Supplies,Storage,Smead Adjustable Mobile File Trolley with Lockable Top,838.38,2,0.0,226.36260000000004,0
6672,CA-2014-154837,2014-08-23,2014-08-27,Second Class,RB-19645,Robert Barroso,Corporate,United States,Los Angeles,California,90032,West,OFF-BI-10001575,Office Supplies,Binders,GBC Linen Binding Covers,49.568000000000005,2,0.2,17.348799999999997,0
7020,CA-2014-124737,2014-08-23,2014-08-27,Standard Class,AP-10915,Arthur Prichep,Consumer,United States,Denver,Colorado,80219,West,OFF-PA-10001837,Office Supplies,Paper,Xerox 1976,15.552000000000003,3,0.2,5.4432,0
7023,CA-2014-124737,2014-08-23,2014-08-27,Standard Class,AP-10915,Arthur Prichep,Consumer,United States,Denver,Colorado,80219,West,TEC-PH-10000149,Technology,Phones,Cisco SPA525G2 IP Phone - Wireless,143.64000000000001,9,0.2,10.772999999999989,0
7024,CA-2014-124737,2014-08-23,2014-08-27,Standard Class,AP-10915,Arthur Prichep,Consumer,United States,Denver,Colorado,80219,West,OFF-PA-10000019,Office Supplies,Paper,Xerox 1931,31.104000000000006,6,0.2,10.8864,0
7434,CA-2014-161249,2014-08-09,2014-08-13,Standard Class,RD-19720,Roger Demir,Consumer,United States,Phoenix,Arizona,85023,West,OFF-BI-10001097,Office Supplies,Binders,Avery Hole Reinforcements,9.345000000000002,5,0.7,-6.541499999999999,0
7823,US-2014-115413,2014-08-26,2014-09-01,Standard Class,PP-18955,Paul Prost,Home Office,United States,Newark,Delaware,19711,East,OFF-AR-10003770,Office Supplies,Art,Newell 340,8.64,3,0.0,2.5056,0
8244,CA-2014-109897,2014-08-12,2014-08-16,Standard Class,BW-11200,Ben Wallace,Consumer,United States,San Francisco,California,94122,West,TEC-PH-10003691,Technology,Phones,BlackBerry Q10,806.336,8,0.2,50.396000000000015,0
8246,US-2014-143581,2014-08-19,2014-08-23,Standard Class,BS-11365,Bill Shonely,Corporate,United States,Columbus,Georgia,31907,South,OFF-ST-10000991,Office Supplies,Storage,Space Solutions HD Industrial Steel Shelving.,344.90999999999997,3,0.0,10.347300000000004,0
8459,CA-2014-126200,2014-08-25,2014-08-29,Standard Class,JE-15715,Joe Elijah,Consumer,United States,Houston,Texas,77070,Central,OFF-BI-10002133,Office Supplies,Binders,"Wilson Jones Elliptical Ring 3 1/2"" Capacity Binders, 800 sheets",25.679999999999993,3,0.8,-39.804,0
8462,CA-2014-146500,2014-08-30,2014-09-04,Standard Class,AT-10735,Annie Thurman,Consumer,United States,Bristol,Connecticut,6010,East,OFF-ST-10000563,Office Supplies,Storage,Fellowes Bankers Box Stor/Drawer Steel Plus,95.94,3,0.0,9.594000000000001,0
8695,US-2014-112795,2014-08-23,2014-08-28,Second Class,CR-12625,Corey Roper,Home Office,United States,Grand Rapids,Michigan,49505,Central,OFF-PA-10001934,Office Supplies,Paper,Xerox 1993,19.44,3,0.0,9.5256,0
8885,CA-2014-107398,2014-08-25,2014-08-30,Standard Class,BS-11590,Brendan Sweed,Corporate,United States,Columbus,Ohio,43229,East,OFF-BI-10001982,Office Supplies,Binders,Wilson Jones Custom Binder Spines & Labels,6.528000000000001,4,0.7,-4.569599999999999,0
8886,CA-2014-107398,2014-08-25,2014-08-30,Standard Class,BS-11590,Brendan Sweed,Corporate,United States,Columbus,Ohio,43229,East,OFF-BI-10004141,Office Supplies,Binders,Insertable Tab Indexes For Data Binders,2.8620000000000005,3,0.7,-2.2896,0
8941,CA-2014-130918,2014-08-22,2014-08-24,Second Class,JP-15520,Jeremy Pistek,Consumer,United States,North Miami,Florida,33161,South,OFF-SU-10003936,Office Supplies,Supplies,Acme Serrated Blade Letter Opener,7.6320000000000014,3,0.2,-1.8126000000000002,0
8996,CA-2014-109043,2014-08-15,2014-08-17,First Class,CS-12355,Christine Sundaresam,Consumer,United States,Hollywood,Florida,33021,South,OFF-AP-10004708,Office Supplies,Appliances,Fellowes Superior 10 Outlet Split Surge Protector,152.24,5,0.2,17.12699999999999,0
9159,CA-2014-134215,2014-08-04,2014-08-08,Standard Class,ML-17395,Marina Lichtenstein,Corporate,United States,Bangor,Maine,4401,East,TEC-AC-10002473,Technology,Accessories,Maxell 4.7GB DVD-R,255.42,9,0.0,104.7222,0
9366,US-2014-166828,2014-08-22,2014-08-25,First Class,JF-15415,Jennifer Ferguson,Consumer,United States,Saint Charles,Missouri,63301,Central,OFF-PA-10001846,Office Supplies,Paper,Xerox 1899,11.56,2,0.0,5.6644000000000005,0
9733,CA-2014-114321,2014-08-20,2014-08-25,Standard Class,NC-18535,Nick Crebassa,Corporate,United States,Hampton,Virginia,23666,South,FUR-CH-10001797,Furniture,Chairs,"Safco Chair Connectors, 6/Carton",500.23999999999995,13,0.0,145.06959999999992,0
9734,CA-2014-114321,2014-08-20,2014-08-25,Standard Class,NC-18535,Nick Crebassa,Corporate,United States,Hampton,Virginia,23666,South,OFF-PA-10000246,Office Supplies,Paper,Riverleaf Stik-Withit Designer Note Cubes,20.12,2,0.0,9.2552,0
9823,US-2014-164406,2014-08-15,2014-08-19,Standard Class,BD-11605,Brian Dahlen,Consumer,United States,San Francisco,California,94122,West,OFF-AP-10003287,Office Supplies,Appliances,Tripp Lite TLP810NET Broadband Surge for Modem/Fax,152.91,3,0.0,42.8148,0
9824,US-2014-164406,2014-08-15,2014-08-19,Standard Class,BD-11605,Brian Dahlen,Consumer,United States,San Francisco,California,94122,West,OFF-PA-10000167,Office Supplies,Paper,Xerox 1925,92.94,3,0.0,41.82299999999999,0
9825,US-2014-164406,2014-08-15,2014-08-19,Standard Class,BD-11605,Brian Dahlen,Consumer,United States,San Francisco,California,94122,West,OFF-BI-10002309,Office Supplies,Binders,Avery Heavy-Duty EZD  Binder With Locking Rings,17.856,4,0.2,6.249599999999999,0
9827,US-2014-164406,2014-08-15,2014-08-19,Standard Class,BD-11605,Brian Dahlen,Consumer,United States,San Francisco,California,94122,West,FUR-CH-10003833,Furniture,Chairs,Novimex Fabric Task Chair,195.136,4,0.2,-12.196000000000005,0
