Row ID,Order ID,Order Date,Ship Date,Ship Mode,Customer ID,Customer Name,Segment,Country,City,State,Postal Code,Region,Product ID,Category,Sub-Category,Product Name,Sales,Quantity,Discount,Profit,Data_origen
68,CA-2014-106376,2014-12-05,2014-12-10,Standard Class,BS-11590,Brendan Sweed,Corporate,United States,Gilbert,Arizona,85234,West,OFF-AR-10002671,Office Supplies,Art,"Hunt BOSTON Model 1606 High-Volume Electric Pencil Sharpener, Beige",1113.0240000000001,8,0.2,111.30239999999998,0
182,CA-2014-166191,2014-12-05,2014-12-09,Second Class,DK-13150,David Kendrick,Corporate,United States,Decatur,Illinois,62521,Central,TEC-AC-10004659,Technology,Accessories,Imation Secure+ Hardware Encrypted USB 2.0 Flash Drive; 16GB,408.74399999999997,7,0.2,76.63949999999998,0
295,CA-2014-111451,2014-12-26,2014-12-28,First Class,KL-16555,Kelly Lampkin,Corporate,United States,Colorado Springs,Colorado,80906,West,FUR-CH-10001891,Furniture,Chairs,Global Deluxe Office Fabric Chairs,230.35200000000003,3,0.2,20.155800000000013,0
296,CA-2014-111451,2014-12-26,2014-12-28,First Class,KL-16555,Kelly Lampkin,Corporate,United States,Colorado Springs,Colorado,80906,West,FUR-FU-10002918,Furniture,Furnishings,Eldon ClusterMat Chair Mat with Cordless Antistatic Protection,218.35200000000003,3,0.2,-24.5646,0
297,CA-2014-111451,2014-12-26,2014-12-28,First Class,KL-16555,Kelly Lampkin,Corporate,United States,Colorado Springs,Colorado,80906,West,OFF-BI-10004593,Office Supplies,Binders,Ibico Laser Imprintable Binding System Covers,78.60000000000001,5,0.7,-62.88000000000001,0
317,CA-2014-164259,2014-12-28,2014-12-30,First Class,SP-20860,Sung Pak,Corporate,United States,Philadelphia,Pennsylvania,19143,East,OFF-AR-10003373,Office Supplies,Art,"Boston School Pro Electric Pencil Sharpener, 1670",99.13600000000001,4,0.2,8.674399999999995,0
436,US-2014-150574,2014-12-19,2014-12-25,Standard Class,MK-18160,Mike Kennedy,Consumer,United States,Jacksonville,Florida,32216,South,TEC-AC-10002600,Technology,Accessories,Belkin QODE FastFit Bluetooth Keyboard,247.8,5,0.2,-18.584999999999994,0
669,CA-2014-156314,2014-12-24,2014-12-26,First Class,RP-19390,Resi Pölking,Consumer,United States,Cleveland,Ohio,44105,East,FUR-FU-10003096,Furniture,Furnishings,"Master Giant Foot Doorstop, Safety Yellow",30.36,5,0.2,8.7285,0
709,CA-2014-112158,2014-12-02,2014-12-04,First Class,DP-13165,David Philippe,Consumer,United States,New York City,New York,10035,East,FUR-BO-10003272,Furniture,Bookcases,O'Sullivan Living Dimensions 5-Shelf Bookcases,883.92,5,0.2,-110.49000000000007,0
757,CA-2014-106803,2014-12-29,2015-01-02,Standard Class,DC-13285,Debra Catini,Consumer,United States,Cottage Grove,Minnesota,55016,Central,OFF-ST-10002444,Office Supplies,Storage,Recycled Eldon Regeneration Jumbo File,24.56,2,0.0,6.876799999999999,0
874,CA-2014-148488,2014-12-10,2014-12-15,Standard Class,SM-20005,Sally Matthias,Consumer,United States,New York City,New York,10009,East,OFF-BI-10000315,Office Supplies,Binders,Poly Designer Cover & Back,106.344,7,0.2,37.2204,0
889,CA-2014-104976,2014-12-09,2014-12-16,Standard Class,CK-12760,Cyma Kinney,Corporate,United States,San Francisco,California,94122,West,OFF-PA-10003845,Office Supplies,Paper,Xerox 1987,34.68,6,0.0,16.9932,0
1155,CA-2014-136567,2014-12-20,2014-12-21,First Class,PS-19045,Penelope Sewall,Home Office,United States,Harrisonburg,Virginia,22801,South,OFF-ST-10004337,Office Supplies,Storage,"SAFCO Commercial Wire Shelving, 72h",122.48,2,0.0,0.0,0
1246,CA-2014-168494,2014-12-12,2014-12-14,Second Class,NP-18700,Nora Preis,Consumer,United States,Fresno,California,93727,West,FUR-TA-10004619,Furniture,Tables,Hon Non-Folding Utility Tables,764.6880000000001,6,0.2,95.5859999999999,0
1247,CA-2014-168494,2014-12-12,2014-12-14,Second Class,NP-18700,Nora Preis,Consumer,United States,Fresno,California,93727,West,FUR-TA-10003473,Furniture,Tables,Bretford Rectangular Conference Table Tops,3610.848,12,0.2,135.4068000000002,0
1434,CA-2014-120768,2014-12-19,2014-12-21,Second Class,IM-15070,Irene Maddox,Consumer,United States,Florence,Alabama,35630,South,FUR-CH-10000513,Furniture,Chairs,High-Back Leather Manager's Chair,1819.8600000000001,14,0.0,163.78740000000002,0
1495,CA-2014-123925,2014-12-17,2014-12-19,Second Class,RF-19840,Roy Französisch,Consumer,United States,Columbus,Georgia,31907,South,OFF-AR-10002952,Office Supplies,Art,Stanley Contemporary Battery Pencil Sharpeners,40.05,3,0.0,11.213999999999999,0
1546,CA-2014-150245,2014-12-31,2015-01-04,Second Class,PC-18745,Pamela Coakley,Corporate,United States,Watertown,New York,13601,East,FUR-BO-10002613,Furniture,Bookcases,"Atlantic Metals Mobile 4-Shelf Bookcases, Custom Colors",1573.488,7,0.2,196.68599999999986,0
1575,CA-2014-101602,2014-12-15,2014-12-18,First Class,MC-18100,Mick Crebagga,Consumer,United States,El Paso,Texas,79907,Central,TEC-PH-10000169,Technology,Phones,ARKON Windshield Dashboard Air Vent Car Mount Holder,40.68,3,0.2,-9.153000000000004,0
1576,CA-2014-101602,2014-12-15,2014-12-18,First Class,MC-18100,Mick Crebagga,Consumer,United States,El Paso,Texas,79907,Central,FUR-CH-10004675,Furniture,Chairs,"Lifetime Advantage Folding Chairs, 4/Carton",763.28,5,0.3,-21.807999999999993,0
1793,CA-2014-120474,2014-12-01,2014-12-03,First Class,RP-19390,Resi Pölking,Consumer,United States,Madison,Wisconsin,53711,Central,OFF-AR-10000475,Office Supplies,Art,"Hunt BOSTON Vista Battery-Operated Pencil Sharpener, Black",46.64,4,0.0,12.592800000000004,0
1983,CA-2014-122749,2014-12-03,2014-12-09,Standard Class,NG-18430,Nathan Gelder,Consumer,United States,Oklahoma City,Oklahoma,73120,Central,TEC-PH-10003811,Technology,Phones,Jabra Supreme Plus Driver Edition Headset,479.96,4,0.0,134.3888,0
2006,CA-2014-111150,2014-12-31,2015-01-04,Standard Class,RW-19630,Rob Williams,Corporate,United States,Columbia,Missouri,65203,Central,OFF-AR-10000034,Office Supplies,Art,"BIC Brite Liner Grip Highlighters, Assorted, 5/Pack",29.68,7,0.0,11.575199999999999,0
2342,US-2014-143231,2014-12-31,2015-01-03,First Class,GM-14455,Gary Mitchum,Home Office,United States,Franklin,Massachusetts,2038,East,FUR-FU-10002501,Furniture,Furnishings,Nu-Dell Executive Frame,63.2,5,0.0,23.384,0
2343,US-2014-143231,2014-12-31,2015-01-03,First Class,GM-14455,Gary Mitchum,Home Office,United States,Franklin,Massachusetts,2038,East,TEC-AC-10000358,Technology,Accessories,Imation Secure Drive + Hardware Encrypted USB flash drive - 16 GB,113.97,3,0.0,27.3528,0
2623,CA-2014-164861,2014-12-03,2014-12-06,Second Class,MC-17635,Matthew Clasen,Corporate,United States,Saint Louis,Missouri,63116,Central,OFF-PA-10001972,Office Supplies,Paper,Xerox 214,25.92,4,0.0,12.441600000000001,0
2788,US-2014-117744,2014-12-02,2014-12-06,Standard Class,MD-17860,Michael Dominguez,Corporate,United States,Corpus Christi,Texas,78415,Central,FUR-FU-10001588,Furniture,Furnishings,"Deflect-o SuperTray Unbreakable Stackable Tray, Letter, Black",58.36,5,0.6,-24.802999999999997,0
2789,US-2014-117744,2014-12-02,2014-12-06,Standard Class,MD-17860,Michael Dominguez,Corporate,United States,Corpus Christi,Texas,78415,Central,OFF-AR-10000940,Office Supplies,Art,Newell 343,16.464,7,0.2,1.4406000000000008,0
2985,US-2014-112872,2014-12-06,2014-12-11,Second Class,RC-19960,Ryan Crowe,Consumer,United States,Springfield,Oregon,97477,West,FUR-TA-10003238,Furniture,Tables,"Chromcraft Bull-Nose Wood 48"" x 96"" Rectangular Conference Tables",275.49,1,0.5,-170.80380000000002,0
3293,CA-2014-106264,2014-12-26,2014-12-30,Standard Class,CK-12595,Clytie Kelty,Consumer,United States,San Diego,California,92024,West,OFF-SU-10002189,Office Supplies,Supplies,Acme Rosewood Handle Letter Opener,11.91,3,0.0,0.11909999999999954,0
3305,CA-2014-104738,2014-12-30,2015-01-01,Second Class,SP-20620,Stefania Perrino,Corporate,United States,Laredo,Texas,78041,Central,OFF-EN-10004955,Office Supplies,Envelopes,Fashion Color Clasp Envelopes,12.984000000000002,3,0.2,4.7067,0
3307,CA-2014-104738,2014-12-30,2015-01-01,Second Class,SP-20620,Stefania Perrino,Corporate,United States,Laredo,Texas,78041,Central,TEC-PH-10000576,Technology,Phones,AT&T 1080 Corded phone,328.77600000000007,3,0.2,28.767899999999997,0
3308,CA-2014-104738,2014-12-30,2015-01-01,Second Class,SP-20620,Stefania Perrino,Corporate,United States,Laredo,Texas,78041,Central,OFF-BI-10002160,Office Supplies,Binders,Acco Hanging Data Binders,2.2859999999999996,3,0.8,-3.6576000000000004,0
3309,CA-2014-104738,2014-12-30,2015-01-01,Second Class,SP-20620,Stefania Perrino,Corporate,United States,Laredo,Texas,78041,Central,TEC-AC-10003628,Technology,Accessories,Logitech 910-002974 M325 Wireless Mouse for Web Scrolling,47.984,2,0.2,14.395200000000004,0
3322,CA-2014-134551,2014-12-20,2014-12-25,Standard Class,TS-21505,Tony Sayre,Consumer,United States,Columbia,Tennessee,38401,South,OFF-PA-10002689,Office Supplies,Paper,Weyerhaeuser First Choice Laser/Copy Paper (20Lb. and 88 Bright),25.920000000000005,5,0.2,9.072,0
3592,CA-2014-154186,2014-12-13,2014-12-15,Second Class,RA-19285,Ralph Arnett,Consumer,United States,Houston,Texas,77070,Central,OFF-SU-10001574,Office Supplies,Supplies,Acme Value Line Scissors,2.92,1,0.2,0.36499999999999977,0
3643,CA-2014-156594,2014-12-20,2014-12-23,Second Class,MC-17845,Michael Chen,Consumer,United States,Los Angeles,California,90008,West,OFF-BI-10004632,Office Supplies,Binders,Ibico Hi-Tech Manual Binding System,487.98400000000004,2,0.2,152.49499999999998,0
3665,CA-2014-129364,2014-12-08,2014-12-13,Standard Class,TB-21250,Tim Brockman,Consumer,United States,Salem,Oregon,97301,West,OFF-LA-10001569,Office Supplies,Labels,Avery 499,27.888,7,0.2,9.063599999999997,0
3666,CA-2014-129364,2014-12-08,2014-12-13,Standard Class,TB-21250,Tim Brockman,Consumer,United States,Salem,Oregon,97301,West,OFF-BI-10001132,Office Supplies,Binders,"Acco PRESSTEX Data Binder with Storage Hooks, Dark Blue, 9 1/2"" X 11""",6.456,4,0.7,-4.519199999999998,0
3667,CA-2014-129364,2014-12-08,2014-12-13,Standard Class,TB-21250,Tim Brockman,Consumer,United States,Salem,Oregon,97301,West,TEC-PH-10003095,Technology,Phones,Samsung HM1900 Bluetooth Headset,52.67999999999999,3,0.2,19.755,0
3668,CA-2014-129364,2014-12-08,2014-12-13,Standard Class,TB-21250,Tim Brockman,Consumer,United States,Salem,Oregon,97301,West,OFF-SU-10000432,Office Supplies,Supplies,Acco Side-Punched Conventional Columnar Pads,13.88,5,0.2,-2.6025000000000014,0
3669,CA-2014-129364,2014-12-08,2014-12-13,Standard Class,TB-21250,Tim Brockman,Consumer,United States,Salem,Oregon,97301,West,TEC-AC-10004227,Technology,Accessories,SanDisk Ultra 16 GB MicroSDHC Class 10 Memory Card,103.92000000000002,10,0.2,-18.186000000000014,0
3670,CA-2014-129364,2014-12-08,2014-12-13,Standard Class,TB-21250,Tim Brockman,Consumer,United States,Salem,Oregon,97301,West,OFF-LA-10004409,Office Supplies,Labels,Avery 492,11.52,5,0.2,3.743999999999999,0
3671,CA-2014-129364,2014-12-08,2014-12-13,Standard Class,TB-21250,Tim Brockman,Consumer,United States,Salem,Oregon,97301,West,OFF-PA-10001569,Office Supplies,Paper,Xerox 232,10.368000000000002,2,0.2,3.6288,0
3769,CA-2014-153913,2014-12-16,2014-12-20,Second Class,KB-16585,Ken Black,Corporate,United States,Hialeah,Florida,33012,South,FUR-CH-10000988,Furniture,Chairs,Hon Olson Stacker Stools,1013.8320000000001,9,0.2,101.38319999999999,0
3770,CA-2014-153913,2014-12-16,2014-12-20,Second Class,KB-16585,Ken Black,Corporate,United States,Hialeah,Florida,33012,South,OFF-FA-10000490,Office Supplies,Fasteners,"OIC Binder Clips, Mini, 1/4"" Capacity, Black",1.984,2,0.2,0.6696,0
4041,CA-2014-110786,2014-12-29,2015-01-02,Standard Class,AJ-10795,Anthony Johnson,Corporate,United States,San Francisco,California,94110,West,OFF-BI-10003305,Office Supplies,Binders,Avery Hanging File Binders,14.352000000000002,3,0.2,4.664399999999999,0
4042,CA-2014-110786,2014-12-29,2015-01-02,Standard Class,AJ-10795,Anthony Johnson,Corporate,United States,San Francisco,California,94110,West,TEC-PH-10001425,Technology,Phones,Mophie Juice Pack Helium for iPhone,191.976,3,0.2,19.197599999999994,0
4043,CA-2014-110786,2014-12-29,2015-01-02,Standard Class,AJ-10795,Anthony Johnson,Corporate,United States,San Francisco,California,94110,West,OFF-LA-10001474,Office Supplies,Labels,Avery 477,274.77,9,0.0,126.39420000000001,0
4226,US-2014-102631,2014-12-13,2014-12-17,Standard Class,EB-13840,Ellis Ballard,Corporate,United States,Chicago,Illinois,60623,Central,FUR-FU-10003930,Furniture,Furnishings,Howard Miller 12-3/4 Diameter Accuwave DS  Wall Clock,94.428,3,0.6,-42.49259999999998,0
4283,CA-2014-103100,2014-12-20,2014-12-23,First Class,AB-10105,Adrian Barton,Consumer,United States,Indianapolis,Indiana,46203,Central,OFF-LA-10003720,Office Supplies,Labels,Avery 487,3.69,1,0.0,1.7343,0
4492,CA-2014-150798,2014-12-01,2014-12-03,Second Class,JK-15730,Joe Kamberova,Consumer,United States,Columbus,Ohio,43229,East,TEC-CO-10001571,Technology,Copiers,Sharp 1540cs Digital Laser Copier,659.9879999999999,2,0.4,109.99799999999999,0
4493,CA-2014-150798,2014-12-01,2014-12-03,Second Class,JK-15730,Joe Kamberova,Consumer,United States,Columbus,Ohio,43229,East,FUR-FU-10000221,Furniture,Furnishings,"Master Caster Door Stop, Brown",8.128,2,0.2,1.4223999999999997,0
4494,CA-2014-150798,2014-12-01,2014-12-03,Second Class,JK-15730,Joe Kamberova,Consumer,United States,Columbus,Ohio,43229,East,OFF-PA-10001972,Office Supplies,Paper,Xerox 214,36.28800000000001,7,0.2,12.700800000000001,0
4495,CA-2014-150798,2014-12-01,2014-12-03,Second Class,JK-15730,Joe Kamberova,Consumer,United States,Columbus,Ohio,43229,East,FUR-CH-10000015,Furniture,Chairs,Hon Multipurpose Stacking Arm Chairs,909.7199999999998,6,0.3,-51.983999999999924,0
4504,US-2014-138247,2014-12-24,2014-12-29,Standard Class,BF-11170,Ben Ferrer,Home Office,United States,Los Angeles,California,90045,West,TEC-PH-10000213,Technology,Phones,Seidio BD2-HK3IPH5-BK DILEX Case and Holster Combo for Apple iPhone 5/5s - Black,173.65600000000003,7,0.2,17.365599999999993,0
4508,US-2014-138247,2014-12-24,2014-12-29,Standard Class,BF-11170,Ben Ferrer,Home Office,United States,Los Angeles,California,90045,West,OFF-ST-10002301,Office Supplies,Storage,Tennsco Commercial Shelving,20.34,1,0.0,0.20339999999999847,0
4509,US-2014-138247,2014-12-24,2014-12-29,Standard Class,BF-11170,Ben Ferrer,Home Office,United States,Los Angeles,California,90045,West,FUR-FU-10002554,Furniture,Furnishings,"Westinghouse Floor Lamp with Metal Mesh Shade, Black",23.99,1,0.0,5.517699999999998,0
4553,US-2014-106334,2014-12-27,2015-01-02,Standard Class,JF-15490,Jeremy Farry,Consumer,United States,San Francisco,California,94122,West,FUR-CH-10004886,Furniture,Chairs,Bevis Steel Folding Chairs,230.28000000000003,3,0.2,23.02799999999999,0
4691,CA-2014-138681,2014-12-20,2014-12-22,First Class,CT-11995,Carol Triggs,Consumer,United States,Tucson,Arizona,85705,West,TEC-AC-10003628,Technology,Accessories,Logitech 910-002974 M325 Wireless Mouse for Web Scrolling,71.976,3,0.2,21.59280000000001,0
4692,CA-2014-138681,2014-12-20,2014-12-22,First Class,CT-11995,Carol Triggs,Consumer,United States,Tucson,Arizona,85705,West,FUR-CH-10004860,Furniture,Chairs,Global Low Back Tilter Chair,242.35200000000003,3,0.2,-42.411600000000035,0
4693,CA-2014-138681,2014-12-20,2014-12-22,First Class,CT-11995,Carol Triggs,Consumer,United States,Tucson,Arizona,85705,West,OFF-PA-10000357,Office Supplies,Paper,Xerox 1888,221.92000000000002,5,0.2,77.67199999999998,0
4694,CA-2014-138681,2014-12-20,2014-12-22,First Class,CT-11995,Carol Triggs,Consumer,United States,Tucson,Arizona,85705,West,OFF-PA-10003270,Office Supplies,Paper,Xerox 1954,8.448,2,0.2,2.6399999999999997,0
4818,CA-2014-139598,2014-12-26,2014-12-31,Standard Class,MG-17695,Maureen Gnade,Consumer,United States,Philadelphia,Pennsylvania,19134,East,OFF-AP-10003287,Office Supplies,Appliances,Tripp Lite TLP810NET Broadband Surge for Modem/Fax,81.552,2,0.2,8.155199999999997,0
4854,CA-2014-113320,2014-12-12,2014-12-15,Second Class,LH-17155,Logan Haushalter,Consumer,United States,Oakland,California,94601,West,FUR-FU-10004270,Furniture,Furnishings,"Eldon Image Series Desk Accessories, Burgundy",12.54,3,0.0,4.5144,0
4856,CA-2014-113320,2014-12-12,2014-12-15,Second Class,LH-17155,Logan Haushalter,Consumer,United States,Oakland,California,94601,West,FUR-FU-10001706,Furniture,Furnishings,Longer-Life Soft White Bulbs,9.24,3,0.0,4.4352,0
4886,CA-2014-151379,2014-12-16,2014-12-20,Standard Class,SC-20695,Steve Chapman,Corporate,United States,Detroit,Michigan,48227,Central,OFF-PA-10000595,Office Supplies,Paper,Xerox 1929,114.2,5,0.0,52.532,0
4905,US-2014-161613,2014-12-01,2014-12-03,Second Class,MC-17605,Matt Connell,Corporate,United States,Houston,Texas,77070,Central,FUR-CH-10003746,Furniture,Chairs,Hon 4070 Series Pagoda Round Back Stacking Chairs,674.058,3,0.3,-19.258800000000008,0
5095,US-2014-140452,2014-12-06,2014-12-10,Standard Class,BK-11260,Berenike Kampe,Consumer,United States,Chicago,Illinois,60610,Central,FUR-TA-10004086,Furniture,Tables,KI Adjustable-Height Table,214.95000000000002,5,0.5,-120.37200000000003,0
5098,US-2014-140452,2014-12-06,2014-12-10,Standard Class,BK-11260,Berenike Kampe,Consumer,United States,Chicago,Illinois,60610,Central,OFF-BI-10004965,Office Supplies,Binders,Ibico Covers for Plastic or Wire Binding Elements,4.599999999999999,2,0.8,-8.050000000000002,0
5379,CA-2014-125542,2014-12-05,2014-12-07,First Class,NB-18655,Nona Balk,Corporate,United States,Philadelphia,Pennsylvania,19134,East,OFF-ST-10001469,Office Supplies,Storage,Fellowes Bankers Box Recycled Super Stor/Drawer,172.736,4,0.2,-30.228800000000007,0
5573,CA-2014-151162,2014-12-05,2014-12-09,Standard Class,EA-14035,Erin Ashbrook,Corporate,United States,Columbus,Ohio,43229,East,OFF-BI-10003719,Office Supplies,Binders,Large Capacity Hanging Post Binders,29.940000000000005,4,0.7,-23.952000000000005,0
5574,CA-2014-151162,2014-12-05,2014-12-09,Standard Class,EA-14035,Erin Ashbrook,Corporate,United States,Columbus,Ohio,43229,East,OFF-PA-10003036,Office Supplies,Paper,"Black Print Carbonless 8 1/2"" x 8 1/4"" Rapid Memo Book",17.472,3,0.2,5.678399999999998,0
5575,CA-2014-151162,2014-12-05,2014-12-09,Standard Class,EA-14035,Erin Ashbrook,Corporate,United States,Columbus,Ohio,43229,East,TEC-PH-10001870,Technology,Phones,Lunatik TT5L-002 Taktik Strike Impact Protection System for iPhone 5,36.738,1,0.4,-9.184500000000003,0
5576,CA-2014-151162,2014-12-05,2014-12-09,Standard Class,EA-14035,Erin Ashbrook,Corporate,United States,Columbus,Ohio,43229,East,TEC-PH-10001809,Technology,Phones,Panasonic KX T7736-B Digital phone,179.93999999999997,2,0.4,-44.985,0
5584,CA-2014-116673,2014-12-15,2014-12-19,Second Class,JO-15280,Jas O'Carroll,Consumer,United States,San Diego,California,92037,West,FUR-FU-10003829,Furniture,Furnishings,Stackable Trays,6.16,2,0.0,1.9711999999999996,0
5640,CA-2014-154893,2014-12-21,2014-12-27,Standard Class,GM-14440,Gary McGarr,Consumer,United States,San Diego,California,92024,West,FUR-CH-10000595,Furniture,Chairs,Safco Contoured Stacking Chairs,572.1600000000001,3,0.2,35.75999999999996,0
5703,US-2014-123519,2014-12-14,2014-12-21,Standard Class,SS-20875,Sung Shariari,Consumer,United States,Marion,Ohio,43302,East,OFF-AR-10003829,Office Supplies,Art,Newell 35,2.624,1,0.2,0.2951999999999996,0
5704,US-2014-123519,2014-12-14,2014-12-21,Standard Class,SS-20875,Sung Shariari,Consumer,United States,Marion,Ohio,43302,East,FUR-TA-10002645,Furniture,Tables,Hon Rectangular Conference Tables,136.53,1,0.4,-52.33650000000003,0
5705,US-2014-123519,2014-12-14,2014-12-21,Standard Class,SS-20875,Sung Shariari,Consumer,United States,Marion,Ohio,43302,East,TEC-AC-10003033,Technology,Accessories,Plantronics CS510 - Over-the-Head monaural Wireless Headset System,263.96,1,0.2,42.893499999999975,0
5999,US-2014-112991,2014-12-10,2014-12-14,Standard Class,SH-19975,Sally Hughsby,Corporate,United States,Caldwell,Idaho,83605,West,FUR-CH-10001708,Furniture,Chairs,Office Star - Contemporary Swivel Chair with Padded Adjustable Arms and Flex Back,338.352,3,0.2,4.22939999999997,0
6000,US-2014-112991,2014-12-10,2014-12-14,Standard Class,SH-19975,Sally Hughsby,Corporate,United States,Caldwell,Idaho,83605,West,OFF-PA-10000019,Office Supplies,Paper,Xerox 1931,25.92,4,0.0,12.441600000000001,0
6060,CA-2014-138072,2014-12-30,2015-01-03,Standard Class,GA-14725,Guy Armstrong,Consumer,United States,Philadelphia,Pennsylvania,19120,East,TEC-AC-10004859,Technology,Accessories,"Maxell Pro 80 Minute CD-R, 10/Pack",27.968000000000004,2,0.2,6.992000000000001,0
6107,CA-2014-120852,2014-12-20,2014-12-25,Standard Class,WB-21850,William Brown,Consumer,United States,Grand Prairie,Texas,75051,Central,OFF-AP-10001563,Office Supplies,Appliances,Belkin Premiere Surge Master II 8-outlet surge protector,19.431999999999995,2,0.8,-49.55160000000002,0
6146,CA-2014-133543,2014-12-22,2014-12-26,Standard Class,KM-16660,Khloe Miller,Consumer,United States,San Jose,California,95123,West,OFF-AR-10003394,Office Supplies,Art,Newell 332,11.76,4,0.0,3.1752000000000002,0
6252,CA-2014-101147,2014-12-02,2014-12-04,First Class,MC-17575,Matt Collins,Consumer,United States,Chicago,Illinois,60623,Central,OFF-AP-10004249,Office Supplies,Appliances,Staple holder,2.3939999999999997,1,0.8,-6.344100000000001,0
6529,CA-2014-146864,2014-12-22,2014-12-26,Standard Class,BT-11530,Bradley Talbott,Home Office,United States,New York City,New York,10024,East,OFF-ST-10004946,Office Supplies,Storage,Desktop 3-Pocket Hot File,216.4,4,0.0,56.26400000000001,0
6600,CA-2014-154095,2014-12-02,2014-12-07,Standard Class,ON-18715,Odella Nelson,Corporate,United States,Clinton,Maryland,20735,East,FUR-FU-10003849,Furniture,Furnishings,"DAX Metal Frame, Desktop, Stepped-Edge",60.72,3,0.0,23.680799999999998,0
6602,CA-2014-154095,2014-12-02,2014-12-07,Standard Class,ON-18715,Odella Nelson,Corporate,United States,Clinton,Maryland,20735,East,FUR-CH-10004754,Furniture,Chairs,"Global Stack Chair with Arms, Black",239.84,8,0.0,64.7568,0
6603,CA-2014-154095,2014-12-02,2014-12-07,Standard Class,ON-18715,Odella Nelson,Corporate,United States,Clinton,Maryland,20735,East,OFF-LA-10000634,Office Supplies,Labels,Avery 509,15.66,6,0.0,7.2036,0
6915,CA-2014-142510,2014-12-22,2014-12-29,Standard Class,NP-18700,Nora Preis,Consumer,United States,Chicago,Illinois,60623,Central,OFF-ST-10000585,Office Supplies,Storage,Economy Rollaway Files,132.16,1,0.2,9.911999999999999,0
6917,CA-2014-142510,2014-12-22,2014-12-29,Standard Class,NP-18700,Nora Preis,Consumer,United States,Chicago,Illinois,60623,Central,OFF-PA-10001289,Office Supplies,Paper,White Computer Printout Paper by Universal,124.032,4,0.2,44.961600000000004,0
6918,CA-2014-124247,2014-12-16,2014-12-21,Standard Class,SH-20635,Stefanie Holloman,Corporate,United States,Sacramento,California,95823,West,FUR-CH-10001854,Furniture,Chairs,Office Star - Professional Matrix Back Chair with 2-to-1 Synchro Tilt and Mesh Fabric Seat,1403.9200000000003,5,0.2,70.19600000000003,0
7007,CA-2014-119466,2014-12-15,2014-12-21,Standard Class,SP-20860,Sung Pak,Corporate,United States,Chicago,Illinois,60623,Central,FUR-FU-10001546,Furniture,Furnishings,Dana Swing-Arm Lamps,8.544,2,0.6,-7.475999999999999,0
7204,CA-2014-118276,2014-12-29,2015-01-02,Standard Class,MG-17890,Michael Granlund,Home Office,United States,Saint Charles,Illinois,60174,Central,FUR-FU-10002111,Furniture,Furnishings,"Master Caster Door Stop, Large Brown",8.736,3,0.6,-4.804800000000002,0
7237,CA-2014-138737,2014-12-07,2014-12-10,First Class,FP-14320,Frank Preis,Consumer,United States,Los Angeles,California,90049,West,OFF-AR-10003190,Office Supplies,Art,Newell 32,8.64,3,0.0,2.4192,0
7339,CA-2014-163412,2014-12-20,2014-12-23,Second Class,SM-20950,Suzanne McNair,Corporate,United States,New York City,New York,10035,East,FUR-CH-10004875,Furniture,Chairs,Harbour Creations 67200 Series Stacking Chairs,192.18600000000004,3,0.1,36.3018,0
7360,US-2014-115189,2014-12-30,2015-01-03,Second Class,AR-10345,Alex Russell,Corporate,United States,Philadelphia,Pennsylvania,19143,East,FUR-TA-10004575,Furniture,Tables,Hon 5100 Series Wood Tables,523.764,3,0.4,-192.04680000000008,0
7443,CA-2014-109932,2014-12-09,2014-12-11,First Class,VP-21760,Victoria Pisteka,Corporate,United States,Brownsville,Texas,78521,Central,OFF-PA-10001804,Office Supplies,Paper,Xerox 195,10.688,2,0.2,3.7407999999999997,0
7444,CA-2014-109932,2014-12-09,2014-12-11,First Class,VP-21760,Victoria Pisteka,Corporate,United States,Brownsville,Texas,78521,Central,OFF-ST-10000036,Office Supplies,Storage,"Recycled Data-Pak for Archival Bound Computer Printouts, 12-1/2 x 12-1/2 x 16",237.09600000000003,3,0.2,20.745899999999985,0
7484,CA-2014-129938,2014-12-15,2014-12-17,Second Class,EB-13705,Ed Braxton,Corporate,United States,Philadelphia,Pennsylvania,19140,East,FUR-CH-10003774,Furniture,Chairs,"Global Wood Trimmed Manager's Task Chair, Khaki",445.802,7,0.3,-108.26620000000001,0
7569,CA-2014-133830,2014-12-05,2014-12-10,Standard Class,RL-19615,Rob Lucas,Consumer,United States,Los Angeles,California,90045,West,OFF-AR-10003045,Office Supplies,Art,Prang Colored Pencils,26.46,9,0.0,11.907,0
7570,CA-2014-133830,2014-12-05,2014-12-10,Standard Class,RL-19615,Rob Lucas,Consumer,United States,Los Angeles,California,90045,West,OFF-PA-10001363,Office Supplies,Paper,Xerox 1933,49.12,4,0.0,23.086399999999998,0
7678,CA-2014-133592,2014-12-31,2015-01-07,Standard Class,KM-16375,Katherine Murray,Home Office,United States,Providence,Rhode Island,2908,East,OFF-PA-10003228,Office Supplies,Paper,Xerox 1917,195.64,4,0.0,91.95079999999999,0
7680,CA-2014-133592,2014-12-31,2015-01-07,Standard Class,KM-16375,Katherine Murray,Home Office,United States,Providence,Rhode Island,2908,East,TEC-AC-10002049,Technology,Accessories,Plantronics Savi W720 Multi-Device Wireless Headset System,1687.8,4,0.0,742.6320000000001,0
7681,CA-2014-133592,2014-12-31,2015-01-07,Standard Class,KM-16375,Katherine Murray,Home Office,United States,Providence,Rhode Island,2908,East,FUR-BO-10000362,Furniture,Bookcases,Sauder Inglewood Library Bookcases,341.96,2,0.0,78.6508,0
7682,CA-2014-133592,2014-12-31,2015-01-07,Standard Class,KM-16375,Katherine Murray,Home Office,United States,Providence,Rhode Island,2908,East,FUR-CH-10004218,Furniture,Chairs,"Global Fabric Manager's Chair, Dark Gray",605.88,6,0.0,151.47000000000003,0
7693,CA-2014-102330,2014-12-29,2015-01-03,Standard Class,AI-10855,Arianne Irving,Consumer,United States,Brentwood,California,94513,West,OFF-LA-10003923,Office Supplies,Labels,Alphabetical Labels for Top Tab Filing,88.80000000000001,6,0.0,44.400000000000006,0
7694,CA-2014-102330,2014-12-29,2015-01-03,Standard Class,AI-10855,Arianne Irving,Consumer,United States,Brentwood,California,94513,West,TEC-PH-10001051,Technology,Phones,HTC One,319.968,4,0.2,35.99639999999995,0
7715,CA-2014-150203,2014-12-05,2014-12-07,First Class,JB-15925,Joni Blumstein,Consumer,United States,Los Angeles,California,90032,West,OFF-AP-10001469,Office Supplies,Appliances,Fellowes 8 Outlet Superior Workstation Surge Protector,250.26,6,0.0,72.57539999999997,0
7776,CA-2014-166961,2014-12-27,2014-12-31,Standard Class,CD-12790,Cynthia Delaney,Home Office,United States,Moreno Valley,California,92553,West,OFF-AP-10001366,Office Supplies,Appliances,Staple holder,10.98,1,0.0,2.964600000000001,0
7778,CA-2014-166961,2014-12-27,2014-12-31,Standard Class,CD-12790,Cynthia Delaney,Home Office,United States,Moreno Valley,California,92553,West,OFF-ST-10004507,Office Supplies,Storage,Advantus Rolling Storage Box,51.449999999999996,3,0.0,13.891499999999999,0
7779,CA-2014-166961,2014-12-27,2014-12-31,Standard Class,CD-12790,Cynthia Delaney,Home Office,United States,Moreno Valley,California,92553,West,OFF-BI-10002353,Office Supplies,Binders,GBC VeloBind Cover Sets,37.056,3,0.2,13.896,0
7853,CA-2014-169649,2014-12-09,2014-12-15,Standard Class,TS-21205,Thomas Seio,Corporate,United States,Chicago,Illinois,60653,Central,OFF-AP-10003287,Office Supplies,Appliances,Tripp Lite TLP810NET Broadband Surge for Modem/Fax,20.387999999999995,2,0.8,-53.00880000000001,0
8004,CA-2014-143210,2014-12-01,2014-12-03,First Class,AA-10645,Anna Andreadi,Consumer,United States,Lowell,Massachusetts,1852,East,TEC-PH-10004434,Technology,Phones,Cisco IP Phone 7961G VoIP phone - Dark gray,271.9,2,0.0,78.85099999999997,0
8123,CA-2014-138128,2014-12-09,2014-12-15,Standard Class,FP-14320,Frank Preis,Consumer,United States,Philadelphia,Pennsylvania,19134,East,OFF-EN-10002500,Office Supplies,Envelopes,Globe Weis Peel & Seel First Class Envelopes,30.672,3,0.2,9.585,0
8372,CA-2014-165393,2014-12-27,2014-12-30,First Class,NC-18415,Nathan Cano,Consumer,United States,Fort Worth,Texas,76106,Central,OFF-BI-10001658,Office Supplies,Binders,GBC Standard Therm-A-Bind Covers,4.983999999999999,1,0.8,-8.472800000000003,0
8671,US-2014-159611,2014-12-27,2015-01-01,Second Class,KB-16315,Karl Braun,Consumer,United States,Cleveland,Ohio,44105,East,FUR-FU-10004904,Furniture,Furnishings,"Eldon ""L"" Workstation Diamond Chairmat",182.35200000000003,3,0.2,-18.23520000000002,0
8672,US-2014-159611,2014-12-27,2015-01-01,Second Class,KB-16315,Karl Braun,Consumer,United States,Cleveland,Ohio,44105,East,OFF-ST-10002790,Office Supplies,Storage,Safco Industrial Shelving,118.16,2,0.2,-25.108999999999988,0
8690,CA-2014-101427,2014-12-26,2014-12-30,Standard Class,AY-10555,Andy Yotov,Corporate,United States,Philadelphia,Pennsylvania,19140,East,OFF-AR-10002257,Office Supplies,Art,"Eldon Spacemaker Box, Quick-Snap Lid, Clear",8.016,3,0.2,1.102199999999999,0
8793,CA-2014-162992,2014-12-19,2014-12-21,First Class,BP-11095,Bart Pistole,Corporate,United States,Los Angeles,California,90008,West,OFF-LA-10001934,Office Supplies,Labels,Avery 516,14.62,2,0.0,6.8713999999999995,0
8794,CA-2014-162992,2014-12-19,2014-12-21,First Class,BP-11095,Bart Pistole,Corporate,United States,Los Angeles,California,90008,West,OFF-FA-10004248,Office Supplies,Fasteners,Advantus T-Pin Paper Clips,22.549999999999997,5,0.0,8.794500000000001,0
8795,CA-2014-162992,2014-12-19,2014-12-21,First Class,BP-11095,Bart Pistole,Corporate,United States,Los Angeles,California,90008,West,TEC-PH-10001944,Technology,Phones,Wi-Ex zBoost YX540 Cellular Phone Signal Booster,583.8,5,0.2,72.97499999999991,0
8796,CA-2014-162992,2014-12-19,2014-12-21,First Class,BP-11095,Bart Pistole,Corporate,United States,Los Angeles,California,90008,West,TEC-PH-10002085,Technology,Phones,Clarity 53712,211.168,4,0.2,15.837600000000009,0
8805,CA-2014-157644,2014-12-31,2015-01-01,First Class,AH-10030,Aaron Hawkins,Corporate,United States,New York City,New York,10035,East,OFF-LA-10003148,Office Supplies,Labels,Avery 51,18.9,3,0.0,8.693999999999999,0
8949,CA-2014-132913,2014-12-24,2014-12-26,First Class,AS-10090,Adam Shillingsburg,Consumer,United States,San Diego,California,92037,West,OFF-AP-10003278,Office Supplies,Appliances,Belkin 7-Outlet SurgeMaster Home Series,13.97,1,0.0,3.632200000000001,0
8969,CA-2014-166730,2014-12-30,2015-01-01,First Class,DD-13570,Dorothy Dickinson,Consumer,United States,Memphis,Tennessee,38109,South,OFF-ST-10002554,Office Supplies,Storage,Tennsco Industrial Shelving,39.128,1,0.2,-8.803799999999999,0
9002,CA-2014-103807,2014-12-02,2014-12-09,Standard Class,EM-13825,Elizabeth Moffitt,Corporate,United States,Sandy Springs,Georgia,30328,South,TEC-AC-10000199,Technology,Accessories,Kingston Digital DataTraveler 8GB USB 2.0,5.95,1,0.0,0.8330000000000002,0
9003,CA-2014-103807,2014-12-02,2014-12-09,Standard Class,EM-13825,Elizabeth Moffitt,Corporate,United States,Sandy Springs,Georgia,30328,South,OFF-PA-10002195,Office Supplies,Paper,"RSVP Cards & Envelopes, Blank White, 8-1/2"" X 11"", 24 Cards/25 Envelopes/Set",15.24,3,0.0,7.1628,0
9213,CA-2014-144071,2014-12-08,2014-12-15,Standard Class,DJ-13420,Denny Joy,Corporate,United States,San Francisco,California,94110,West,FUR-FU-10000397,Furniture,Furnishings,Luxo Economy Swing Arm Lamp,39.88,2,0.0,11.166400000000003,0
9380,CA-2014-154158,2014-12-23,2014-12-27,Second Class,CC-12670,Craig Carreira,Consumer,United States,Tampa,Florida,33614,South,OFF-PA-10001295,Office Supplies,Paper,Computer Printout Paper with Letter-Trim Perforations,45.528,3,0.2,15.934799999999997,0
9381,CA-2014-154158,2014-12-23,2014-12-27,Second Class,CC-12670,Craig Carreira,Consumer,United States,Tampa,Florida,33614,South,FUR-CH-10004698,Furniture,Chairs,"Padded Folding Chairs, Black, 4/Carton",64.784,1,0.2,6.478400000000004,0
9382,CA-2014-154158,2014-12-23,2014-12-27,Second Class,CC-12670,Craig Carreira,Consumer,United States,Tampa,Florida,33614,South,OFF-ST-10000078,Office Supplies,Storage,Tennsco 6- and 18-Compartment Lockers,424.27200000000005,2,0.2,-10.60680000000005,0
9383,CA-2014-154158,2014-12-23,2014-12-27,Second Class,CC-12670,Craig Carreira,Consumer,United States,Tampa,Florida,33614,South,OFF-AR-10001868,Office Supplies,Art,Prang Dustless Chalk Sticks,1.344,1,0.2,0.504,0
9512,CA-2014-130575,2014-12-14,2014-12-16,First Class,CS-11845,Cari Sayre,Corporate,United States,Chicago,Illinois,60623,Central,OFF-BI-10002353,Office Supplies,Binders,GBC VeloBind Cover Sets,9.263999999999998,3,0.8,-13.895999999999997,0
9522,CA-2014-169446,2014-12-19,2014-12-25,Standard Class,SG-20605,Speros Goranitis,Consumer,United States,Chicago,Illinois,60623,Central,TEC-PH-10002817,Technology,Phones,RCA ViSYS 25425RE1 Corded phone,323.97600000000006,3,0.2,36.44729999999997,0
9523,CA-2014-169446,2014-12-19,2014-12-25,Standard Class,SG-20605,Speros Goranitis,Consumer,United States,Chicago,Illinois,60623,Central,OFF-PA-10000295,Office Supplies,Paper,Xerox 229,15.552000000000003,3,0.2,5.4432,0
9524,CA-2014-169446,2014-12-19,2014-12-25,Standard Class,SG-20605,Speros Goranitis,Consumer,United States,Chicago,Illinois,60623,Central,OFF-ST-10000419,Office Supplies,Storage,"Rogers Jumbo File, Granite",32.592,3,0.2,-7.740600000000001,0
9831,CA-2014-113257,2014-12-16,2014-12-18,Second Class,SC-20305,Sean Christensen,Consumer,United States,Beaumont,Texas,77705,Central,TEC-AC-10004171,Technology,Accessories,Razer Kraken 7.1 Surround Sound Over Ear USB Gaming Headset,319.968,4,0.2,95.99040000000001,0
9944,CA-2014-143371,2014-12-28,2015-01-03,Standard Class,MD-17350,Maribeth Dona,Consumer,United States,Anaheim,California,92804,West,OFF-SU-10002537,Office Supplies,Supplies,Acme Box Cutter Scissors,51.150000000000006,5,0.0,13.299000000000003,0
