Row ID,Order ID,Order Date,Ship Date,Ship Mode,Customer ID,Customer Name,Segment,Country,City,State,Postal Code,Region,Product ID,Category,Sub-Category,Product Name,Sales,Quantity,Discount,Profit,Data_origen
593,CA-2014-135405,2014-01-09,2014-01-13,Standard Class,MS-17830,Melanie Seite,Consumer,United States,Laredo,Texas,78041,Central,OFF-AR-10004078,Office Supplies,Art,Newell 312,9.344,2,0.2,1.1679999999999997,0
594,CA-2014-135405,2014-01-09,2014-01-13,Standard Class,MS-17830,Melanie Seite,Consumer,United States,Laredo,Texas,78041,Central,TEC-AC-10001266,Technology,Accessories,Memorex Micro Travel Drive 8 GB,31.200000000000003,3,0.2,9.749999999999996,0
717,CA-2014-130092,2014-01-11,2014-01-14,First Class,SV-20365,Seth Vernon,Consumer,United States,Dover,Delaware,19901,East,FUR-FU-10000010,Furniture,Furnishings,"DAX Value U-Channel Document Frames, Easel Back",9.94,2,0.0,3.0813999999999995,0
740,CA-2014-112326,2014-01-04,2014-01-08,Standard Class,PO-19195,Phillina Ober,Home Office,United States,Naperville,Illinois,60540,Central,OFF-LA-10003223,Office Supplies,Labels,Avery 508,11.784,3,0.2,4.271699999999999,0
742,CA-2014-112326,2014-01-04,2014-01-08,Standard Class,PO-19195,Phillina Ober,Home Office,United States,Naperville,Illinois,60540,Central,OFF-BI-10004094,Office Supplies,Binders,GBC Standard Plastic Binding Systems Combs,3.539999999999999,2,0.8,-5.487,0
764,CA-2014-162775,2014-01-13,2014-01-15,Second Class,CS-12250,Chris Selesnick,Corporate,United States,Bossier City,Louisiana,71111,South,OFF-EN-10001990,Office Supplies,Envelopes,Staple envelope,11.36,2,0.0,5.339199999999999,0
766,CA-2014-162775,2014-01-13,2014-01-15,Second Class,CS-12250,Chris Selesnick,Corporate,United States,Bossier City,Louisiana,71111,South,TEC-AC-10003174,Technology,Accessories,Plantronics S12 Corded Telephone Headset System,646.74,6,0.0,258.696,0
768,CA-2014-162775,2014-01-13,2014-01-15,Second Class,CS-12250,Chris Selesnick,Corporate,United States,Bossier City,Louisiana,71111,South,OFF-ST-10000025,Office Supplies,Storage,Fellowes Stor/Drawer Steel Plus Storage Drawers,572.58,6,0.0,34.354799999999955,0
971,CA-2014-115791,2014-01-16,2014-01-18,Second Class,DL-13315,Delfina Latchford,Consumer,United States,Philadelphia,Pennsylvania,19134,East,FUR-FU-10001095,Furniture,Furnishings,DAX Black Cherry Wood-Tone Poster Frame,127.10400000000001,6,0.2,28.598399999999998,0
972,CA-2014-115791,2014-01-16,2014-01-18,Second Class,DL-13315,Delfina Latchford,Consumer,United States,Philadelphia,Pennsylvania,19134,East,TEC-PH-10004614,Technology,Phones,AT&T 841000 Phone,124.19999999999999,3,0.4,-31.05000000000001,0
1122,US-2014-147627,2014-01-20,2014-01-26,Standard Class,HL-15040,Hunter Lopez,Consumer,United States,Jonesboro,Arkansas,72401,South,TEC-PH-10001061,Technology,Phones,Apple iPhone 5C,699.93,7,0.0,181.9818,0
1125,US-2014-147627,2014-01-20,2014-01-26,Standard Class,HL-15040,Hunter Lopez,Consumer,United States,Jonesboro,Arkansas,72401,South,OFF-AR-10003811,Office Supplies,Art,Newell 327,6.63,3,0.0,1.7901,0
1126,US-2014-147627,2014-01-20,2014-01-26,Standard Class,HL-15040,Hunter Lopez,Consumer,United States,Jonesboro,Arkansas,72401,South,OFF-EN-10001539,Office Supplies,Envelopes,Staple envelope,23.34,3,0.0,10.9698,0
1127,US-2014-147627,2014-01-20,2014-01-26,Standard Class,HL-15040,Hunter Lopez,Consumer,United States,Jonesboro,Arkansas,72401,South,FUR-CH-10002331,Furniture,Chairs,Hon 4700 Series Mobuis Mid-Back Task Chairs with Adjustable Arms,1067.94,3,0.0,224.2673999999999,0
1760,CA-2014-141817,2014-01-05,2014-01-12,Standard Class,MB-18085,Mick Brown,Consumer,United States,Philadelphia,Pennsylvania,19143,East,OFF-AR-10003478,Office Supplies,Art,"Avery Hi-Liter EverBold Pen Style Fluorescent Highlighters, 4/Pack",19.536,3,0.2,4.884,0
1914,CA-2014-103366,2014-01-15,2014-01-17,First Class,EH-13990,Erica Hackney,Consumer,United States,Roswell,Georgia,30076,South,TEC-AC-10003628,Technology,Accessories,Logitech 910-002974 M325 Wireless Mouse for Web Scrolling,149.95,5,0.0,65.97800000000001,0
2583,US-2014-155502,2014-01-26,2014-01-31,Standard Class,SD-20485,Shirley Daniels,Home Office,United States,Alexandria,Virginia,22304,South,TEC-PH-10004833,Technology,Phones,Macally Suction Cup Mount,155.35,13,0.0,0.0,0
2979,CA-2014-109232,2014-01-13,2014-01-16,Second Class,ND-18370,Natalie DeCherney,Consumer,United States,Mount Pleasant,South Carolina,29464,South,FUR-CH-10000422,Furniture,Chairs,Global Highback Leather Tilter in Burgundy,545.9399999999999,6,0.0,87.35040000000004,0
3084,CA-2014-100328,2014-01-28,2014-02-03,Standard Class,JC-15340,Jasper Cacioppo,Consumer,United States,New York City,New York,10024,East,OFF-BI-10000343,Office Supplies,Binders,"Pressboard Covers with Storage Hooks, 9 1/2"" x 11"", Light Blue",3.9280000000000004,1,0.2,1.3256999999999999,0
3795,US-2014-117163,2014-01-27,2014-02-02,Standard Class,EJ-13720,Ed Jacobs,Consumer,United States,San Diego,California,92037,West,OFF-ST-10003692,Office Supplies,Storage,Recycled Steel Personal File for Hanging File Folders,57.23,1,0.0,14.307499999999997,0
3796,US-2014-117163,2014-01-27,2014-02-02,Standard Class,EJ-13720,Ed Jacobs,Consumer,United States,San Diego,California,92037,West,FUR-TA-10003469,Furniture,Tables,Balt Split Level Computer Training Table,333.0,3,0.2,-16.64999999999999,0
3797,US-2014-117163,2014-01-27,2014-02-02,Standard Class,EJ-13720,Ed Jacobs,Consumer,United States,San Diego,California,92037,West,OFF-AR-10003179,Office Supplies,Art,Dixon Ticonderoga Core-Lock Colored Pencils,36.44,4,0.0,12.025199999999998,0
4938,CA-2014-157147,2014-01-13,2014-01-18,Standard Class,BD-11605,Brian Dahlen,Consumer,United States,San Francisco,California,94109,West,OFF-ST-10000078,Office Supplies,Storage,Tennsco 6- and 18-Compartment Lockers,1325.8500000000001,5,0.0,238.6529999999999,0
4939,CA-2014-157147,2014-01-13,2014-01-18,Standard Class,BD-11605,Brian Dahlen,Consumer,United States,San Francisco,California,94109,West,FUR-BO-10003034,Furniture,Bookcases,"O'Sullivan Elevations Bookcase, Cherry Finish",333.99899999999997,3,0.15,3.929400000000008,0
4940,CA-2014-157147,2014-01-13,2014-01-18,Standard Class,BD-11605,Brian Dahlen,Consumer,United States,San Francisco,California,94109,West,OFF-AR-10003514,Office Supplies,Art,4009 Highlighters by Sanford,19.9,5,0.0,6.566999999999998,0
5328,CA-2014-130813,2014-01-06,2014-01-08,Second Class,LS-17230,Lycoris Saunders,Consumer,United States,Los Angeles,California,90049,West,OFF-PA-10002005,Office Supplies,Paper,Xerox 225,19.44,3,0.0,9.3312,0
5365,CA-2014-123477,2014-01-18,2014-01-21,Second Class,DW-13195,David Wiener,Corporate,United States,Springfield,Oregon,97477,West,OFF-AP-10000692,Office Supplies,Appliances,Fellowes Mighty 8 Compact Surge Protector,64.864,4,0.2,6.486400000000003,0
5463,CA-2014-146591,2014-01-19,2014-01-20,First Class,TS-21340,Toby Swindell,Consumer,United States,Scottsdale,Arizona,85254,West,OFF-BI-10003676,Office Supplies,Binders,"GBC Standard Recycled Report Covers, Clear Plastic Sheets",32.34,10,0.7,-23.716,0
5464,CA-2014-146591,2014-01-19,2014-01-20,First Class,TS-21340,Toby Swindell,Consumer,United States,Scottsdale,Arizona,85254,West,OFF-PA-10000659,Office Supplies,Paper,"TOPS Carbonless Receipt Book, Four 2-3/4 x 7-1/4 Money Receipts per Page",56.064,4,0.2,19.6224,0
5465,CA-2014-146591,2014-01-19,2014-01-20,First Class,TS-21340,Toby Swindell,Consumer,United States,Scottsdale,Arizona,85254,West,OFF-EN-10002504,Office Supplies,Envelopes,"Tyvek  Top-Opening Peel & Seel Envelopes, Plain White",108.72,5,0.2,36.693,0
5737,CA-2014-148614,2014-01-20,2014-01-25,Standard Class,MV-17485,Mark Van Huff,Consumer,United States,Los Angeles,California,90049,West,OFF-PA-10002893,Office Supplies,Paper,"Wirebound Service Call Books, 5 1/2"" x 4""",19.36,2,0.0,9.2928,0
5738,CA-2014-148614,2014-01-20,2014-01-25,Standard Class,MV-17485,Mark Van Huff,Consumer,United States,Los Angeles,California,90049,West,FUR-FU-10003194,Furniture,Furnishings,"Eldon Expressions Desk Accessory, Wood Pencil Holder, Oak",19.3,2,0.0,5.789999999999999,0
6329,CA-2014-167927,2014-01-20,2014-01-26,Standard Class,XP-21865,Xylona Preis,Consumer,United States,Westland,Michigan,48185,Central,OFF-BI-10000605,Office Supplies,Binders,"Acco Pressboard Covers with Storage Hooks, 9 1/2"" x 11"", Executive Red",19.05,5,0.0,8.953499999999998,0
6330,CA-2014-167927,2014-01-20,2014-01-26,Standard Class,XP-21865,Xylona Preis,Consumer,United States,Westland,Michigan,48185,Central,OFF-AP-10002311,Office Supplies,Appliances,"Holmes Replacement Filter for HEPA Air Cleaner, Very Large Room, HEPA Filter",247.716,4,0.1,93.58160000000001,0
6331,CA-2014-167927,2014-01-20,2014-01-26,Standard Class,XP-21865,Xylona Preis,Consumer,United States,Westland,Michigan,48185,Central,OFF-ST-10003123,Office Supplies,Storage,Fellowes Bases and Tops For Staxonsteel/High-Stak Systems,66.58,2,0.0,15.979199999999999,0
6332,CA-2014-167927,2014-01-20,2014-01-26,Standard Class,XP-21865,Xylona Preis,Consumer,United States,Westland,Michigan,48185,Central,OFF-AR-10004456,Office Supplies,Art,Panasonic KP-4ABK Battery-Operated Pencil Sharpener,43.92,3,0.0,12.736799999999999,0
6334,CA-2014-167927,2014-01-20,2014-01-26,Standard Class,XP-21865,Xylona Preis,Consumer,United States,Westland,Michigan,48185,Central,OFF-BI-10004364,Office Supplies,Binders,Storex Dura Pro Binders,29.700000000000003,5,0.0,13.365,0
7121,US-2014-147774,2014-01-20,2014-01-26,Standard Class,MM-18280,Muhammed MacIntyre,Corporate,United States,Smyrna,Tennessee,37167,South,OFF-BI-10003091,Office Supplies,Binders,GBC DocuBind TL200 Manual Binding Machine,67.194,1,0.7,-51.515399999999985,0
7181,CA-2014-106054,2014-01-06,2014-01-07,First Class,JO-15145,Jack O'Briant,Corporate,United States,Athens,Georgia,30605,South,OFF-AR-10002399,Office Supplies,Art,"Dixon Prang Watercolor Pencils, 10-Color Set with Brush",12.78,3,0.0,5.2398,0
7478,CA-2014-167199,2014-01-06,2014-01-10,Standard Class,ME-17320,Maria Etezadi,Home Office,United States,Henderson,Kentucky,42420,South,TEC-PH-10004977,Technology,Phones,GE 30524EE4,391.98,2,0.0,113.67419999999998,0
7480,CA-2014-167199,2014-01-06,2014-01-10,Standard Class,ME-17320,Maria Etezadi,Home Office,United States,Henderson,Kentucky,42420,South,OFF-FA-10001883,Office Supplies,Fasteners,"Alliance Super-Size Bands, Assorted Sizes",31.12,4,0.0,0.3111999999999995,0
7481,CA-2014-167199,2014-01-06,2014-01-10,Standard Class,ME-17320,Maria Etezadi,Home Office,United States,Henderson,Kentucky,42420,South,OFF-PA-10000955,Office Supplies,Paper,Southworth 25% Cotton Granite Paper & Envelopes,6.54,1,0.0,3.0084,0
9630,CA-2014-118192,2014-01-13,2014-01-18,Standard Class,MM-17920,Michael Moore,Consumer,United States,Newark,Ohio,43055,East,OFF-BI-10003476,Office Supplies,Binders,Avery Metallic Poly Binders,3.4380000000000006,2,0.7,-2.5212000000000003,0
9990,CA-2014-110422,2014-01-21,2014-01-23,Second Class,TB-21400,Tom Boeckenhauer,Consumer,United States,Miami,Florida,33180,South,FUR-FU-10001889,Furniture,Furnishings,Ultra Door Pull Handle,25.248,3,0.2,4.102799999999999,0
