Row ID,Order ID,Order Date,Ship Date,Ship Mode,Customer ID,Customer Name,Segment,Country,City,State,Postal Code,Region,Product ID,Category,Sub-Category,Product Name,Sales,Quantity,Discount,Profit,Data_origen
457,US-2014-110674,2014-02-12,2014-02-18,Standard Class,SC-20095,Sanjit Chand,Consumer,United States,Concord,California,94521,West,FUR-CH-10000225,Furniture,Chairs,"Global Geo Office Task Chair, Gray",129.568,2,0.2,-24.29400000000002,0
850,CA-2014-107755,2014-02-07,2014-02-12,Standard Class,CK-12760,Cyma Kinney,Corporate,United States,Linden,New Jersey,7036,East,TEC-AC-10000710,Technology,Accessories,Maxell DVD-RAM Discs,115.36,7,0.0,49.60480000000001,0
1333,CA-2014-122567,2014-02-16,2014-02-21,Standard Class,MN-17935,Michael Nguyen,Consumer,United States,Dallas,Texas,75220,Central,OFF-BI-10002012,Office Supplies,Binders,Wilson Jones Easy Flow II Sheet Lifters,1.0799999999999998,3,0.8,-1.7280000000000002,0
1519,CA-2014-111059,2014-02-03,2014-02-06,Second Class,TB-21400,Tom Boeckenhauer,Consumer,United States,Seattle,Washington,98105,West,OFF-BI-10002827,Office Supplies,Binders,Avery Durable Poly Binders,13.272000000000002,3,0.2,4.3134,0
1544,CA-2014-107181,2014-02-04,2014-02-08,Standard Class,DB-13270,Deborah Brumfield,Home Office,United States,San Diego,California,92024,West,OFF-BI-10004230,Office Supplies,Binders,GBC Recycled Grain Textured Covers,82.896,3,0.2,29.0136,0
1704,CA-2014-139857,2014-02-02,2014-02-06,Standard Class,CD-12790,Cynthia Delaney,Home Office,United States,San Diego,California,92037,West,OFF-FA-10001843,Office Supplies,Fasteners,Staples,12.350000000000001,5,0.0,5.8045,0
4521,CA-2014-109491,2014-02-20,2014-02-26,Standard Class,LC-16930,Linda Cazamias,Corporate,United States,Richmond,Indiana,47374,Central,TEC-AC-10001284,Technology,Accessories,Enermax Briskie RF Wireless Keyboard and Mouse Combo,62.31,3,0.0,22.4316,0
5467,CA-2014-107706,2014-02-14,2014-02-19,Second Class,ST-20530,Shui Tom,Consumer,United States,Houston,Texas,77095,Central,OFF-PA-10000466,Office Supplies,Paper,"Memo Book, 100 Message Capacity, 5 3/8” x 11”",16.176000000000002,3,0.2,6.065999999999999,0
5512,US-2014-137680,2014-02-24,2014-03-02,Standard Class,JH-15430,Jennifer Halladay,Consumer,United States,Medford,Oregon,97504,West,OFF-PA-10000174,Office Supplies,Paper,"Message Book, Wirebound, Four 5 1/2"" X 4"" Forms/Pg., 200 Dupl. Sets/Book",32.896,4,0.2,11.102399999999996,0
5513,US-2014-137680,2014-02-24,2014-03-02,Standard Class,JH-15430,Jennifer Halladay,Consumer,United States,Medford,Oregon,97504,West,OFF-PA-10000069,Office Supplies,Paper,"TOPS 4 x 6 Fluorescent Color Memo Sheets, 500 Sheets per Pack",22.776000000000003,3,0.2,7.6869,0
5631,CA-2014-127614,2014-02-11,2014-02-15,Standard Class,NF-18385,Natalie Fritzler,Consumer,United States,Chesapeake,Virginia,23320,South,TEC-AC-10001432,Technology,Accessories,Enermax Aurora Lite Keyboard,234.45000000000002,3,0.0,103.15800000000003,0
5632,CA-2014-127614,2014-02-11,2014-02-15,Standard Class,NF-18385,Natalie Fritzler,Consumer,United States,Chesapeake,Virginia,23320,South,FUR-TA-10003715,Furniture,Tables,Hon 2111 Invitation Series Corner Table,1256.22,6,0.0,75.37319999999994,0
6082,US-2014-165589,2014-02-18,2014-02-18,Same Day,TB-21595,Troy Blackwell,Consumer,United States,Lubbock,Texas,79424,Central,FUR-FU-10002396,Furniture,Furnishings,"DAX Copper Panel Document Frame, 5 x 7 Size",25.16,5,0.6,-11.322,0
6531,CA-2014-103744,2014-02-23,2014-02-27,Standard Class,MG-17875,Michael Grace,Home Office,United States,El Paso,Texas,79907,Central,OFF-BI-10000320,Office Supplies,Binders,GBC Plastic Binding Combs,4.427999999999999,3,0.8,-6.863399999999999,0
7611,CA-2014-133354,2014-02-22,2014-02-24,First Class,SA-20830,Sue Ann Reed,Consumer,United States,Moreno Valley,California,92553,West,OFF-PA-10001800,Office Supplies,Paper,Xerox 220,19.44,3,0.0,9.3312,0
8223,CA-2014-152905,2014-02-18,2014-02-24,Standard Class,AB-10015,Aaron Bergman,Consumer,United States,Arlington,Texas,76017,Central,OFF-ST-10000321,Office Supplies,Storage,Akro Stacking Bins,12.624,2,0.2,-2.524800000000002,0
8736,US-2014-169390,2014-02-07,2014-02-10,Second Class,CS-12250,Chris Selesnick,Corporate,United States,New York City,New York,10024,East,OFF-ST-10001558,Office Supplies,Storage,Acco Perma 4000 Stacking Storage Drawers,64.96,4,0.0,9.744,0
9139,CA-2014-123400,2014-02-02,2014-02-09,Standard Class,EB-13930,Eric Barreto,Consumer,United States,Saint Petersburg,Florida,33710,South,TEC-PH-10002890,Technology,Phones,AT&T 17929 Lendline Telephone,180.96,5,0.2,13.571999999999996,0
9255,CA-2014-168368,2014-02-11,2014-02-15,Second Class,GA-14725,Guy Armstrong,Consumer,United States,Columbia,Missouri,65203,Central,FUR-CH-10001146,Furniture,Chairs,"Global Value Mid-Back Manager's Chair, Gray",60.89,1,0.0,15.222499999999997,0
9256,CA-2014-168368,2014-02-11,2014-02-15,Second Class,GA-14725,Guy Armstrong,Consumer,United States,Columbia,Missouri,65203,Central,OFF-LA-10004853,Office Supplies,Labels,Avery 483,14.940000000000001,3,0.0,6.8724,0
9257,CA-2014-168368,2014-02-11,2014-02-15,Second Class,GA-14725,Guy Armstrong,Consumer,United States,Columbia,Missouri,65203,Central,OFF-BI-10004728,Office Supplies,Binders,Wilson Jones Turn Tabs Binder Tool for Ring Binders,9.64,2,0.0,4.4344,0
9267,CA-2014-125759,2014-02-08,2014-02-09,First Class,NM-18445,Nathan Mautz,Home Office,United States,North Las Vegas,Nevada,89031,West,FUR-FU-10002111,Furniture,Furnishings,"Master Caster Door Stop, Large Brown",14.56,2,0.0,5.5328,0
9516,CA-2014-154165,2014-02-17,2014-02-24,Standard Class,DL-13315,Delfina Latchford,Consumer,United States,Chicago,Illinois,60653,Central,OFF-AR-10003631,Office Supplies,Art,Staples in misc. colors,54.208,14,0.2,8.808799999999998,0
