Row ID,Order ID,Order Date,Ship Date,Ship Mode,Customer ID,Customer Name,Segment,Country,City,State,Postal Code,Region,Product ID,Category,Sub-Category,Product Name,Sales,Quantity,Discount,Profit,Data_origen
7,CA-2014-115812,2014-06-09,2014-06-14,Standard Class,BH-11710,Brosina Hoffman,Consumer,United States,Los Angeles,California,90032,West,OFF-AR-10002833,Office Supplies,Art,Newell 322,7.28,4,0.0,1.9656000000000002,0
8,CA-2014-115812,2014-06-09,2014-06-14,Standard Class,BH-11710,Brosina Hoffman,Consumer,United States,Los Angeles,California,90032,West,TEC-PH-10002275,Technology,Phones,Mitel 5320 IP Phone VoIP phone,907.152,6,0.2,90.71520000000004,0
248,CA-2014-131926,2014-06-01,2014-06-06,Second Class,DW-13480,Dianna Wilson,Home Office,United States,Lakeville,Minnesota,55044,Central,OFF-AP-10002945,Office Supplies,Appliances,Honeywell Enviracaire Portable HEPA Air Cleaner for 17' x 22' Room,1503.25,5,0.0,496.07249999999993,0
489,CA-2014-133753,2014-06-09,2014-06-13,Second Class,CW-11905,Carl Weiss,Home Office,United States,Huntsville,Texas,77340,Central,TEC-PH-10000376,Technology,Phones,Square Credit Card Reader,7.992000000000001,1,0.2,0.5994000000000002,0
490,CA-2014-133753,2014-06-09,2014-06-13,Second Class,CW-11905,Carl Weiss,Home Office,United States,Huntsville,Texas,77340,Central,TEC-AC-10000303,Technology,Accessories,Logitech M510 Wireless Mouse,63.98400000000001,2,0.2,10.397399999999998,0
690,US-2014-117135,2014-06-21,2014-06-23,Second Class,NP-18325,Naresj Patel,Consumer,United States,Waynesboro,Virginia,22980,South,FUR-FU-10004071,Furniture,Furnishings,Luxo Professional Magnifying Clamp-On Fluorescent Lamps,104.01,1,0.0,14.561400000000006,0
691,US-2014-117135,2014-06-21,2014-06-23,Second Class,NP-18325,Naresj Patel,Consumer,United States,Waynesboro,Virginia,22980,South,TEC-PH-10002033,Technology,Phones,Konftel 250 Conference phone - Charcoal black,284.82,1,0.0,74.0532,0
819,CA-2014-140858,2014-06-28,2014-07-02,Standard Class,CA-12775,Cynthia Arntzen,Consumer,United States,Philadelphia,Pennsylvania,19140,East,OFF-BI-10003094,Office Supplies,Binders,Self-Adhesive Ring Binder Labels,3.168000000000001,3,0.7,-2.4288,0
820,CA-2014-140858,2014-06-28,2014-07-02,Standard Class,CA-12775,Cynthia Arntzen,Consumer,United States,Philadelphia,Pennsylvania,19140,East,FUR-CH-10001394,Furniture,Chairs,Global Leather Executive Chair,1228.465,5,0.3,0.0,0
822,CA-2014-140858,2014-06-28,2014-07-02,Standard Class,CA-12775,Cynthia Arntzen,Consumer,United States,Philadelphia,Pennsylvania,19140,East,OFF-PA-10003395,Office Supplies,Paper,Xerox 1941,335.52,4,0.2,117.43199999999999,0
862,CA-2014-133851,2014-06-09,2014-06-16,Standard Class,CM-12445,Chuck Magee,Consumer,United States,San Francisco,California,94122,West,OFF-AR-10003752,Office Supplies,Art,Deluxe Chalkboard Eraser Cleaner,23.1,2,0.0,10.626,0
918,US-2014-141215,2014-06-15,2014-06-21,Standard Class,KL-16555,Kelly Lampkin,Corporate,United States,San Antonio,Texas,78207,Central,OFF-BI-10002706,Office Supplies,Binders,Avery Premier Heavy-Duty Binder with Round Locking Rings,8.567999999999998,3,0.8,-14.5656,0
1098,CA-2014-159338,2014-06-25,2014-06-28,First Class,NS-18640,Noel Staavos,Corporate,United States,Los Angeles,California,90049,West,FUR-TA-10004147,Furniture,Tables,Hon 4060 Series Tables,447.84,5,0.2,11.19599999999997,0
1414,CA-2014-146640,2014-06-30,2014-07-05,Standard Class,HA-14905,Helen Abelman,Consumer,United States,New York City,New York,10024,East,OFF-BI-10002867,Office Supplies,Binders,GBC Recycled Regency Composition Covers,334.76800000000003,7,0.2,108.79959999999997,0
1812,CA-2014-132612,2014-06-09,2014-06-11,Second Class,FO-14305,Frank Olsen,Consumer,United States,Harrisonburg,Virginia,22801,South,FUR-TA-10004534,Furniture,Tables,Bevis 44 x 96 Conference Tables,1441.3,7,0.0,245.0209999999999,0
1836,CA-2014-141278,2014-06-21,2014-06-24,First Class,RM-19375,Raymond Messe,Consumer,United States,Meriden,Connecticut,6450,East,OFF-AR-10003056,Office Supplies,Art,Newell 341,21.400000000000002,5,0.0,6.205999999999998,0
1856,CA-2014-114643,2014-06-13,2014-06-17,Standard Class,FM-14215,Filia McAdams,Corporate,United States,Los Angeles,California,90032,West,OFF-AR-10003631,Office Supplies,Art,Staples in misc. colors,14.52,3,0.0,4.7916,0
2127,CA-2014-126032,2014-06-23,2014-06-28,Standard Class,BS-11665,Brian Stugart,Consumer,United States,Philadelphia,Pennsylvania,19143,East,TEC-AC-10000158,Technology,Accessories,Sony 64GB Class 10 Micro SDHC R40 Memory Card,86.376,3,0.2,1.079699999999999,0
2140,CA-2014-159520,2014-06-06,2014-06-11,Standard Class,GT-14635,Grant Thornton,Corporate,United States,Long Beach,New York,11561,East,OFF-BI-10003982,Office Supplies,Binders,Wilson Jones Century Plastic Molded Ring Binders,149.54399999999998,9,0.2,50.47109999999999,0
2158,CA-2014-124646,2014-06-22,2014-06-24,First Class,DV-13465,Dianna Vittorini,Consumer,United States,Minneapolis,Minnesota,55407,Central,OFF-ST-10001469,Office Supplies,Storage,Fellowes Bankers Box Recycled Super Stor/Drawer,161.94,3,0.0,9.716399999999993,0
2201,US-2014-165659,2014-06-01,2014-06-06,Standard Class,LT-17110,Liz Thompson,Consumer,United States,Little Rock,Arkansas,72209,South,FUR-FU-10001935,Furniture,Furnishings,3M Hangers With Command Adhesive,22.200000000000003,6,0.0,9.102000000000002,0
2278,CA-2014-104283,2014-06-27,2014-07-01,Standard Class,LM-17065,Liz MacKendrick,Consumer,United States,Southaven,Mississippi,38671,South,FUR-TA-10001039,Furniture,Tables,KI Adjustable-Height Table,85.98,1,0.0,22.354800000000004,0
2279,CA-2014-104283,2014-06-27,2014-07-01,Standard Class,LM-17065,Liz MacKendrick,Consumer,United States,Southaven,Mississippi,38671,South,TEC-AC-10000109,Technology,Accessories,Sony Micro Vault Click 16 GB USB 2.0 Flash Drive,223.96,4,0.0,53.75040000000001,0
2914,CA-2014-113929,2014-06-16,2014-06-21,Standard Class,CK-12205,Chloris Kastensmidt,Consumer,United States,Hempstead,New York,11550,East,OFF-BI-10002852,Office Supplies,Binders,Ibico Standard Transparent Covers,39.55200000000001,3,0.2,14.337599999999998,0
3000,CA-2014-138317,2014-06-21,2014-06-25,Standard Class,NW-18400,Natalie Webber,Consumer,United States,Philadelphia,Pennsylvania,19120,East,TEC-MA-10004521,Technology,Machines,Epson Perfection V600 Photo Scanner,206.99100000000004,3,0.7,-172.4925,0
3001,CA-2014-138317,2014-06-21,2014-06-25,Standard Class,NW-18400,Natalie Webber,Consumer,United States,Philadelphia,Pennsylvania,19120,East,OFF-AP-10003860,Office Supplies,Appliances,Fellowes Advanced 8 Outlet Surge Suppressor with Phone/Fax Protection,44.416000000000004,2,0.2,3.8864,0
3002,CA-2014-138317,2014-06-21,2014-06-25,Standard Class,NW-18400,Natalie Webber,Consumer,United States,Philadelphia,Pennsylvania,19120,East,OFF-BI-10000069,Office Supplies,Binders,"GBC Prepunched Paper, 19-Hole, for Binding Systems, 24-lb",9.006000000000002,2,0.7,-7.204800000000002,0
3148,CA-2014-109218,2014-06-30,2014-07-03,Second Class,AR-10825,Anthony Rawles,Corporate,United States,Los Angeles,California,90004,West,OFF-AR-10001374,Office Supplies,Art,"BIC Brite Liner Highlighters, Chisel Tip",32.400000000000006,5,0.0,10.367999999999999,0
3506,CA-2014-166863,2014-06-20,2014-06-24,Standard Class,SC-20020,Sam Craven,Consumer,United States,Plano,Texas,75023,Central,TEC-PH-10000369,Technology,Phones,HTC One Mini,201.584,2,0.2,20.158400000000015,0
3507,CA-2014-166863,2014-06-20,2014-06-24,Standard Class,SC-20020,Sam Craven,Consumer,United States,Plano,Texas,75023,Central,OFF-BI-10000756,Office Supplies,Binders,Storex DuraTech Recycled Plastic Frosted Binders,3.3919999999999995,4,0.8,-5.088000000000001,0
3509,CA-2014-166863,2014-06-20,2014-06-24,Standard Class,SC-20020,Sam Craven,Consumer,United States,Plano,Texas,75023,Central,OFF-PA-10001166,Office Supplies,Paper,Xerox 2,15.552000000000003,3,0.2,5.4432,0
3510,CA-2014-166863,2014-06-20,2014-06-24,Standard Class,SC-20020,Sam Craven,Consumer,United States,Plano,Texas,75023,Central,OFF-PA-10000587,Office Supplies,Paper,"Array Parchment Paper, Assorted Colors",11.648000000000001,2,0.2,4.0768,0
3511,CA-2014-166863,2014-06-20,2014-06-24,Standard Class,SC-20020,Sam Craven,Consumer,United States,Plano,Texas,75023,Central,TEC-MA-10001972,Technology,Machines,Okidata C331dn Printer,418.8,2,0.4,-97.71999999999997,0
3888,CA-2014-100895,2014-06-02,2014-06-06,Standard Class,SV-20785,Stewart Visinsky,Consumer,United States,Roswell,Georgia,30076,South,OFF-AR-10004511,Office Supplies,Art,"Sanford Colorific Scented Colored Pencils, 12/Pack",8.56,2,0.0,2.6536,0
3889,CA-2014-100895,2014-06-02,2014-06-06,Standard Class,SV-20785,Stewart Visinsky,Consumer,United States,Roswell,Georgia,30076,South,TEC-PH-10001425,Technology,Phones,Mophie Juice Pack Helium for iPhone,239.96999999999997,3,0.0,67.1916,0
4412,CA-2014-130624,2014-06-21,2014-06-24,First Class,TB-21280,Toby Braunhardt,Consumer,United States,New York City,New York,10024,East,OFF-PA-10003883,Office Supplies,Paper,"Message Book, Phone, Wirebound Standard Line Memo, 2 3/4"" X 5""",19.65,3,0.0,9.039,0
4413,CA-2014-130624,2014-06-21,2014-06-24,First Class,TB-21280,Toby Braunhardt,Consumer,United States,New York City,New York,10024,East,TEC-PH-10003963,Technology,Phones,GE 2-Jack Phone Line Splitter,617.97,3,0.0,160.6722,0
4414,CA-2014-130624,2014-06-21,2014-06-24,First Class,TB-21280,Toby Braunhardt,Consumer,United States,New York City,New York,10024,East,OFF-AP-10001303,Office Supplies,Appliances,"Holmes Cool Mist Humidifier for the Whole House with 8-Gallon Output per Day, Extended Life Filter",59.699999999999996,3,0.0,26.864999999999995,0
4503,CA-2014-116757,2014-06-30,2014-07-04,Standard Class,MS-17980,Michael Stewart,Corporate,United States,Houston,Texas,77095,Central,OFF-FA-10002815,Office Supplies,Fasteners,Staples,21.312000000000005,6,0.2,7.1928,0
4722,CA-2014-106229,2014-06-07,2014-06-11,Second Class,NR-18550,Nick Radford,Consumer,United States,Aurora,Illinois,60505,Central,FUR-TA-10002041,Furniture,Tables,"Bevis Round Conference Table Top, X-Base",268.935,3,0.5,-209.7693,0
4847,CA-2014-164469,2014-06-25,2014-06-27,Second Class,GK-14620,Grace Kelly,Corporate,United States,Salem,Oregon,97301,West,TEC-PH-10002115,Technology,Phones,Plantronics 81402,263.96000000000004,5,0.2,19.796999999999997,0
4848,CA-2014-164469,2014-06-25,2014-06-27,Second Class,GK-14620,Grace Kelly,Corporate,United States,Salem,Oregon,97301,West,OFF-AR-10003478,Office Supplies,Art,"Avery Hi-Liter EverBold Pen Style Fluorescent Highlighters, 4/Pack",71.632,11,0.2,17.908,0
4849,CA-2014-164469,2014-06-25,2014-06-27,Second Class,GK-14620,Grace Kelly,Corporate,United States,Salem,Oregon,97301,West,OFF-AR-10000475,Office Supplies,Art,"Hunt BOSTON Vista Battery-Operated Pencil Sharpener, Black",9.328000000000001,1,0.2,0.8162000000000007,0
4955,CA-2014-160262,2014-06-09,2014-06-13,Second Class,TS-21205,Thomas Seio,Corporate,United States,North Las Vegas,Nevada,89031,West,OFF-AR-10002335,Office Supplies,Art,DIXON Oriole Pencils,18.060000000000002,7,0.0,4.695600000000001,0
4957,CA-2014-160262,2014-06-09,2014-06-13,Second Class,TS-21205,Thomas Seio,Corporate,United States,North Las Vegas,Nevada,89031,West,FUR-FU-10002685,Furniture,Furnishings,"Executive Impressions 13-1/2"" Indoor/Outdoor Wall Clock",37.4,2,0.0,14.212,0
5154,US-2014-121566,2014-06-30,2014-07-06,Standard Class,CS-11860,Cari Schnelling,Consumer,United States,New York City,New York,10011,East,OFF-AR-10001026,Office Supplies,Art,"Sanford Uni-Blazer View Highlighters, Chisel Tip, Yellow",6.6000000000000005,3,0.0,2.904000000000001,0
5736,CA-2014-111773,2014-06-29,2014-07-03,Standard Class,JK-15625,Jim Karlsson,Consumer,United States,New York City,New York,10024,East,OFF-BI-10000174,Office Supplies,Binders,"Wilson Jones Clip & Carry Folder Binder Tool for Ring Binders, Clear",13.919999999999998,3,0.2,4.872000000000001,0
6301,US-2014-161305,2014-06-06,2014-06-12,Standard Class,SB-20170,Sarah Bern,Consumer,United States,Chicago,Illinois,60623,Central,OFF-BI-10002794,Office Supplies,Binders,"Avery Trapezoid Ring Binder, 3"" Capacity, Black, 1040 sheets",24.587999999999994,3,0.8,-38.11140000000001,0
6302,US-2014-161305,2014-06-06,2014-06-12,Standard Class,SB-20170,Sarah Bern,Consumer,United States,Chicago,Illinois,60623,Central,OFF-EN-10000461,Office Supplies,Envelopes,"#10- 4 1/8"" x 9 1/2"" Recycled Envelopes",13.984000000000002,2,0.2,4.7196,0
6323,CA-2014-141299,2014-06-03,2014-06-07,Second Class,RB-19795,Ross Baird,Home Office,United States,Midland,Michigan,48640,Central,OFF-EN-10004459,Office Supplies,Envelopes,Security-Tint Envelopes,15.28,2,0.0,7.4872,0
6473,CA-2014-151897,2014-06-06,2014-06-10,Standard Class,VT-21700,Valerie Takahito,Home Office,United States,Houston,Texas,77070,Central,OFF-LA-10001074,Office Supplies,Labels,Round Specialty Laser Printer Labels,100.24000000000001,10,0.2,33.83099999999999,0
6598,CA-2014-169257,2014-06-06,2014-06-12,Standard Class,SV-20785,Stewart Visinsky,Consumer,United States,Jacksonville,Florida,32216,South,OFF-BI-10002557,Office Supplies,Binders,Presstex Flexible Ring Binders,1.3650000000000002,1,0.7,-0.9099999999999997,0
6816,CA-2014-144414,2014-06-17,2014-06-21,Standard Class,GH-14425,Gary Hwang,Consumer,United States,Seattle,Washington,98105,West,FUR-FU-10003981,Furniture,Furnishings,Eldon Wave Desk Accessories,6.24,3,0.0,2.6208000000000005,0
6817,CA-2014-144414,2014-06-17,2014-06-21,Standard Class,GH-14425,Gary Hwang,Consumer,United States,Seattle,Washington,98105,West,OFF-FA-10000624,Office Supplies,Fasteners,OIC Binder Clips,17.9,5,0.0,8.95,0
8146,US-2014-112949,2014-06-20,2014-06-27,Standard Class,Co-12640,Corey-Lock,Consumer,United States,Lawton,Oklahoma,73505,Central,OFF-AP-10001005,Office Supplies,Appliances,Honeywell Quietcare HEPA Air Cleaner,471.90000000000003,6,0.0,155.72699999999998,0
8147,US-2014-112949,2014-06-20,2014-06-27,Standard Class,Co-12640,Corey-Lock,Consumer,United States,Lawton,Oklahoma,73505,Central,OFF-AR-10003469,Office Supplies,Art,Nontoxic Chalk,3.52,2,0.0,1.6896,0
8608,CA-2014-151946,2014-06-04,2014-06-09,Standard Class,BT-11440,Bobby Trafton,Consumer,United States,New York City,New York,10035,East,FUR-FU-10002878,Furniture,Furnishings,"Seth Thomas 14"" Day/Date Wall Clock",56.96,2,0.0,21.075200000000002,0
8610,CA-2014-151946,2014-06-04,2014-06-09,Standard Class,BT-11440,Bobby Trafton,Consumer,United States,New York City,New York,10035,East,FUR-BO-10003272,Furniture,Bookcases,O'Sullivan Living Dimensions 5-Shelf Bookcases,353.568,2,0.2,-44.196000000000026,0
9001,CA-2014-133389,2014-06-22,2014-06-22,Same Day,TB-21280,Toby Braunhardt,Consumer,United States,Phoenix,Arizona,85023,West,OFF-BI-10001553,Office Supplies,Binders,SpineVue Locking Slant-D Ring Binders by Cardinal,8.226,3,0.7,-6.032399999999999,0
9150,US-2014-157070,2014-06-01,2014-06-06,Standard Class,QJ-19255,Quincy Jones,Corporate,United States,Detroit,Michigan,48234,Central,OFF-BI-10001765,Office Supplies,Binders,Wilson Jones Heavy-Duty Casebound Ring Binders with Metal Hinges,138.56,4,0.0,66.5088,0
9151,US-2014-157070,2014-06-01,2014-06-06,Standard Class,QJ-19255,Quincy Jones,Corporate,United States,Detroit,Michigan,48234,Central,OFF-AP-10004859,Office Supplies,Appliances,Acco 6 Outlet Guardian Premium Surge Suppressor,65.52000000000001,5,0.1,12.376000000000001,0
9367,CA-2014-108147,2014-06-08,2014-06-13,Standard Class,RD-19480,Rick Duston,Consumer,United States,Long Beach,New York,11561,East,OFF-BI-10003876,Office Supplies,Binders,"Green Canvas Binder for 8-1/2"" x 14"" Sheets",68.48,2,0.2,25.679999999999996,0
9368,CA-2014-108147,2014-06-08,2014-06-13,Standard Class,RD-19480,Rick Duston,Consumer,United States,Long Beach,New York,11561,East,OFF-ST-10003470,Office Supplies,Storage,"Tennsco Snap-Together Open Shelving Units, Starter Sets and Add-On Units",1676.88,6,0.0,83.84399999999994,0
9697,CA-2014-144281,2014-06-10,2014-06-15,Second Class,HK-14890,Heather Kirkland,Corporate,United States,Detroit,Michigan,48234,Central,OFF-LA-10003930,Office Supplies,Labels,"Dot Matrix Printer Tape Reel Labels, White, 5000/Box",491.55,5,0.0,240.8595,0
9846,CA-2014-163867,2014-06-03,2014-06-06,First Class,RE-19450,Richard Eichhorn,Consumer,United States,Decatur,Illinois,62521,Central,OFF-ST-10000877,Office Supplies,Storage,Recycled Steel Personal File for Standard File Folders,132.696,3,0.2,9.952199999999998,0
