Row ID,Order ID,Order Date,Ship Date,Ship Mode,Customer ID,Customer Name,Segment,Country,City,State,Postal Code,Region,Product ID,Category,Sub-Category,Product Name,Sales,Quantity,Discount,Profit,Data_origen
196,CA-2014-140004,2014-03-21,2014-03-25,Standard Class,CB-12025,Cassandra Brandow,Consumer,United States,Hamilton,Ohio,45011,East,OFF-AR-10004685,Office Supplies,Art,"Binney & Smith Crayola Metallic Colored Pencils, 8-Color Set",7.408,2,0.2,1.2037999999999995,0
197,CA-2014-140004,2014-03-21,2014-03-25,Standard Class,CB-12025,Cassandra Brandow,Consumer,United States,Hamilton,Ohio,45011,East,OFF-AR-10004027,Office Supplies,Art,"Binney & Smith inkTank Erasable Desk Highlighter, Chisel Tip, Yellow, 12/Box",6.048,3,0.2,1.5876000000000006,0
556,CA-2014-155852,2014-03-03,2014-03-07,Second Class,AJ-10945,Ashley Jarboe,Consumer,United States,Wilmington,North Carolina,28403,South,OFF-AR-10003560,Office Supplies,Art,Zebra Zazzle Fluorescent Highlighters,19.456000000000003,4,0.2,3.404799999999998,0
605,CA-2014-149958,2014-03-15,2014-03-19,Standard Class,AS-10240,Alan Shonely,Consumer,United States,Tampa,Florida,33614,South,OFF-BI-10000773,Office Supplies,Binders,Insertable Tab Post Binder Dividers,7.218,3,0.7,-5.533800000000001,0
606,CA-2014-149958,2014-03-15,2014-03-19,Standard Class,AS-10240,Alan Shonely,Consumer,United States,Tampa,Florida,33614,South,OFF-BI-10001543,Office Supplies,Binders,GBC VeloBinder Manual Binding System,43.18800000000001,4,0.7,-31.6712,0
607,CA-2014-149958,2014-03-15,2014-03-19,Standard Class,AS-10240,Alan Shonely,Consumer,United States,Tampa,Florida,33614,South,OFF-PA-10002120,Office Supplies,Paper,Xerox 1889,131.904,3,0.2,47.815200000000004,0
1163,CA-2014-127964,2014-03-03,2014-03-08,Standard Class,AP-10720,Anne Pryor,Home Office,United States,New York City,New York,10035,East,TEC-PH-10004700,Technology,Phones,PowerGen Dual USB Car Charger,9.99,1,0.0,4.5954,0
1164,CA-2014-127964,2014-03-03,2014-03-08,Standard Class,AP-10720,Anne Pryor,Home Office,United States,New York City,New York,10035,East,OFF-BI-10004593,Office Supplies,Binders,Ibico Laser Imprintable Binding System Covers,125.76,3,0.2,40.872,0
1172,US-2014-100279,2014-03-10,2014-03-14,Standard Class,SW-20275,Scott Williamson,Consumer,United States,Royal Oak,Michigan,48073,Central,OFF-PA-10002259,Office Supplies,Paper,"Geographics Note Cards, Blank, White, 8 1/2"" x 11""",22.38,2,0.0,10.7424,0
1346,CA-2014-118339,2014-03-17,2014-03-24,Standard Class,BN-11515,Bradley Nguyen,Consumer,United States,Lakeville,Minnesota,55044,Central,OFF-AP-10001154,Office Supplies,Appliances,Bionaire Personal Warm Mist Humidifier/Vaporizer,93.78,2,0.0,36.574200000000005,0
1347,CA-2014-118339,2014-03-17,2014-03-24,Standard Class,BN-11515,Bradley Nguyen,Consumer,United States,Lakeville,Minnesota,55044,Central,OFF-PA-10000466,Office Supplies,Paper,"Memo Book, 100 Message Capacity, 5 3/8” x 11”",47.18,7,0.0,23.59,0
1348,CA-2014-118339,2014-03-17,2014-03-24,Standard Class,BN-11515,Bradley Nguyen,Consumer,United States,Lakeville,Minnesota,55044,Central,OFF-AR-10003829,Office Supplies,Art,Newell 35,19.68,6,0.0,5.707199999999998,0
1349,CA-2014-118339,2014-03-17,2014-03-24,Standard Class,BN-11515,Bradley Nguyen,Consumer,United States,Lakeville,Minnesota,55044,Central,OFF-BI-10001758,Office Supplies,Binders,Wilson Jones 14 Line Acrylic Coated Pressboard Data Binders,53.4,10,0.0,25.098,0
1565,CA-2014-116239,2014-03-04,2014-03-04,Same Day,CL-12565,Clay Ludtke,Consumer,United States,Columbia,South Carolina,29203,South,OFF-ST-10001370,Office Supplies,Storage,Sensible Storage WireTech Storage Systems,354.90000000000003,5,0.0,17.744999999999962,0
1768,US-2014-158057,2014-03-22,2014-03-26,Standard Class,CC-12685,Craig Carroll,Consumer,United States,Greensboro,North Carolina,27405,South,OFF-BI-10004410,Office Supplies,Binders,"C-Line Peel & Stick Add-On Filing Pockets, 8-3/4 x 5-1/8, 10/Pack",7.644000000000001,4,0.7,-5.8603999999999985,0
1769,US-2014-158057,2014-03-22,2014-03-26,Standard Class,CC-12685,Craig Carroll,Consumer,United States,Greensboro,North Carolina,27405,South,OFF-BI-10002735,Office Supplies,Binders,GBC Prestige Therm-A-Bind Covers,51.46500000000002,5,0.7,-39.45649999999999,0
1891,CA-2014-157623,2014-03-14,2014-03-18,Standard Class,DK-13225,Dean Katz,Corporate,United States,Huntington Beach,California,92646,West,OFF-PA-10001204,Office Supplies,Paper,Xerox 1972,10.56,2,0.0,4.752,0
2101,US-2014-140116,2014-03-10,2014-03-17,Standard Class,KT-16480,Kean Thornton,Consumer,United States,Denver,Colorado,80219,West,OFF-ST-10000078,Office Supplies,Storage,Tennsco 6- and 18-Compartment Lockers,636.4080000000001,3,0.2,-15.910200000000088,0
2102,US-2014-140116,2014-03-10,2014-03-17,Standard Class,KT-16480,Kean Thornton,Consumer,United States,Denver,Colorado,80219,West,OFF-AR-10001044,Office Supplies,Art,"BOSTON Ranger #55 Pencil Sharpener, Black",83.168,4,0.2,9.356399999999994,0
2231,CA-2014-128055,2014-03-31,2014-04-05,Standard Class,AA-10315,Alex Avila,Consumer,United States,San Francisco,California,94122,West,OFF-AP-10002765,Office Supplies,Appliances,Fellowes Advanced Computer Series Surge Protectors,52.98,2,0.0,14.834400000000002,0
2358,US-2014-148838,2014-03-17,2014-03-21,Standard Class,CP-12340,Christine Phan,Corporate,United States,New York City,New York,10024,East,FUR-TA-10003473,Furniture,Tables,Bretford Rectangular Conference Table Tops,1579.746,7,0.4,-447.5946999999999,0
2359,US-2014-148838,2014-03-17,2014-03-21,Standard Class,CP-12340,Christine Phan,Corporate,United States,New York City,New York,10024,East,FUR-TA-10001950,Furniture,Tables,Balt Solid Wood Round Tables,1071.576,4,0.4,-553.6476,0
2360,US-2014-148838,2014-03-17,2014-03-21,Standard Class,CP-12340,Christine Phan,Corporate,United States,New York City,New York,10024,East,FUR-TA-10004175,Furniture,Tables,"Hon 30"" x 60"" Table with Locking Drawer",613.908,3,0.4,-122.78160000000003,0
2700,CA-2014-145317,2014-03-18,2014-03-23,Standard Class,SM-20320,Sean Miller,Home Office,United States,Jacksonville,Florida,32216,South,OFF-AR-10003183,Office Supplies,Art,Avery Fluorescent Highlighter Four-Color Set,8.016,3,0.2,1.0019999999999993,0
2703,CA-2014-145317,2014-03-18,2014-03-23,Standard Class,SM-20320,Sean Miller,Home Office,United States,Jacksonville,Florida,32216,South,FUR-FU-10001986,Furniture,Furnishings,"Dana Fluorescent Magnifying Lamp, White, 36""",122.352,3,0.2,15.29399999999999,0
2841,US-2014-125521,2014-03-14,2014-03-19,Standard Class,CK-12325,Christine Kargatis,Home Office,United States,Chesapeake,Virginia,23320,South,FUR-CH-10003379,Furniture,Chairs,Global Commerce Series High-Back Swivel/Tilt Chairs,1139.92,4,0.0,284.98,0
2871,CA-2014-148040,2014-03-22,2014-03-26,Standard Class,BF-11275,Beth Fritzler,Corporate,United States,Tucson,Arizona,85705,West,OFF-PA-10002581,Office Supplies,Paper,Xerox 1951,74.352,3,0.2,23.234999999999992,0
2897,CA-2014-169033,2014-03-30,2014-04-03,Standard Class,KM-16720,Kunst Miller,Consumer,United States,Long Beach,New York,11561,East,OFF-AR-10001915,Office Supplies,Art,Peel-Off China Markers,49.65,5,0.0,20.853,0
3453,CA-2014-157609,2014-03-16,2014-03-21,Second Class,KN-16705,Kristina Nunn,Home Office,United States,Raleigh,North Carolina,27604,South,TEC-PH-10002415,Technology,Phones,Polycom VoiceStation 500 Conference phone,471.92,2,0.2,29.49500000000002,0
3555,CA-2014-120838,2014-03-23,2014-03-26,Second Class,PO-18865,Patrick O'Donnell,Consumer,United States,Los Angeles,California,90036,West,OFF-ST-10000585,Office Supplies,Storage,Economy Rollaway Files,330.4,2,0.0,85.904,0
4245,CA-2014-138436,2014-03-26,2014-03-30,Standard Class,JD-15895,Jonathan Doherty,Corporate,United States,Los Angeles,California,90036,West,TEC-AC-10002323,Technology,Accessories,SanDisk Ultra 32 GB MicroSDHC Class 10 Memory Card,66.30000000000001,3,0.0,8.619000000000003,0
4679,CA-2014-114510,2014-03-14,2014-03-19,Standard Class,JF-15295,Jason Fortune-,Consumer,United States,Logan,Utah,84321,West,TEC-AC-10004877,Technology,Accessories,Imation 30456 USB Flash Drive 8GB,82.80000000000001,12,0.0,6.623999999999995,0
4680,CA-2014-114510,2014-03-14,2014-03-19,Standard Class,JF-15295,Jason Fortune-,Consumer,United States,Logan,Utah,84321,West,OFF-ST-10003221,Office Supplies,Storage,Staple magnet,21.36,2,0.0,5.767200000000001,0
4712,CA-2014-112403,2014-03-31,2014-03-31,Same Day,JO-15280,Jas O'Carroll,Consumer,United States,Philadelphia,Pennsylvania,19120,East,OFF-BI-10003529,Office Supplies,Binders,Avery Round Ring Poly Binders,0.8520000000000001,1,0.7,-0.5963999999999998,0
4962,CA-2014-156587,2014-03-07,2014-03-08,First Class,AB-10015,Aaron Bergman,Consumer,United States,Seattle,Washington,98103,West,FUR-CH-10004477,Furniture,Chairs,"Global Push Button Manager's Chair, Indigo",48.712,1,0.2,5.480099999999997,0
4963,CA-2014-156587,2014-03-07,2014-03-08,First Class,AB-10015,Aaron Bergman,Consumer,United States,Seattle,Washington,98103,West,OFF-AR-10001427,Office Supplies,Art,Newell 330,17.94,3,0.0,4.6644000000000005,0
5103,CA-2014-158442,2014-03-17,2014-03-17,Same Day,AZ-10750,Annie Zypern,Consumer,United States,Dallas,Texas,75217,Central,OFF-PA-10002365,Office Supplies,Paper,Xerox 1967,15.552000000000003,3,0.2,5.4432,0
5285,CA-2014-133424,2014-03-30,2014-04-04,Standard Class,Dl-13600,Dorris liebe,Corporate,United States,Seattle,Washington,98105,West,OFF-LA-10002312,Office Supplies,Labels,Avery 490,44.400000000000006,3,0.0,22.200000000000003,0
5480,CA-2014-101770,2014-03-31,2014-04-04,Standard Class,KB-16240,Karen Bern,Corporate,United States,Miami,Florida,33180,South,OFF-BI-10001097,Office Supplies,Binders,Avery Hole Reinforcements,1.8690000000000004,1,0.7,-1.3082999999999996,0
5954,US-2014-105151,2014-03-30,2014-03-31,First Class,SG-20890,Susan Gilcrest,Corporate,United States,New York City,New York,10009,East,OFF-AR-10001231,Office Supplies,Art,"Sanford EarthWrite Recycled Pencils, Medium Soft, #2",10.5,5,0.0,2.9400000000000004,0
6152,CA-2014-111871,2014-03-18,2014-03-21,Second Class,EK-13795,Eileen Kiefer,Home Office,United States,San Francisco,California,94110,West,FUR-BO-10004218,Furniture,Bookcases,"Bush Heritage Pine Collection 5-Shelf Bookcase, Albany Pine Finish, *Special Order",1198.33,10,0.15,70.49000000000001,0
6161,CA-2014-103989,2014-03-19,2014-03-21,First Class,MC-17605,Matt Connell,Corporate,United States,Lakeland,Florida,33801,South,TEC-PH-10004667,Technology,Phones,Cisco 8x8 Inc. 6753i IP Business Phone System,323.97600000000006,3,0.2,28.34789999999998,0
6164,CA-2014-103989,2014-03-19,2014-03-21,First Class,MC-17605,Matt Connell,Corporate,United States,Lakeland,Florida,33801,South,OFF-BI-10001196,Office Supplies,Binders,"Avery Flip-Chart Easel Binder, Black",33.57,5,0.7,-25.737000000000002,0
6165,CA-2014-103989,2014-03-19,2014-03-21,First Class,MC-17605,Matt Connell,Corporate,United States,Lakeland,Florida,33801,South,FUR-FU-10003981,Furniture,Furnishings,Eldon Wave Desk Accessories,4.992000000000001,3,0.2,1.3728000000000002,0
6548,CA-2014-113880,2014-03-01,2014-03-05,Standard Class,VF-21715,Vicky Freymann,Home Office,United States,Elmhurst,Illinois,60126,Central,FUR-CH-10000863,Furniture,Chairs,Novimex Swivel Fabric Task Chair,634.116,6,0.3,-172.11720000000003,0
7015,CA-2014-114790,2014-03-11,2014-03-13,Second Class,FM-14215,Filia McAdams,Corporate,United States,Richmond,Kentucky,40475,South,OFF-AP-10002578,Office Supplies,Appliances,"Fellowes Premier Superior Surge Suppressor, 10-Outlet, With Phone and Remote",146.76,3,0.0,38.1576,0
7016,CA-2014-114790,2014-03-11,2014-03-13,Second Class,FM-14215,Filia McAdams,Corporate,United States,Richmond,Kentucky,40475,South,TEC-AC-10000710,Technology,Accessories,Maxell DVD-RAM Discs,32.96,2,0.0,14.172800000000002,0
7018,CA-2014-114790,2014-03-11,2014-03-13,Second Class,FM-14215,Filia McAdams,Corporate,United States,Richmond,Kentucky,40475,South,OFF-PA-10000213,Office Supplies,Paper,Xerox 198,14.940000000000001,3,0.0,7.021800000000001,0
7306,CA-2014-137274,2014-03-29,2014-04-02,Standard Class,MG-18145,Mike Gockenbach,Consumer,United States,Plano,Texas,75023,Central,FUR-TA-10001889,Furniture,Tables,Bush Advantage Collection Racetrack Conference Table,890.8409999999999,3,0.3,-152.7156,0
7328,US-2014-131275,2014-03-18,2014-03-24,Standard Class,SC-20050,Sample Company A,Home Office,United States,Burbank,California,91505,West,FUR-FU-10004597,Furniture,Furnishings,Eldon Cleatmat Chair Mats for Medium Pile Carpets,111.0,2,0.0,14.430000000000007,0
7329,US-2014-131275,2014-03-18,2014-03-24,Standard Class,SC-20050,Sample Company A,Home Office,United States,Burbank,California,91505,West,TEC-MA-10001148,Technology,Machines,Swingline SM12-08 MicroCut Jam Free Shredder,1279.968,4,0.2,415.98959999999994,0
7330,US-2014-131275,2014-03-18,2014-03-24,Standard Class,SC-20050,Sample Company A,Home Office,United States,Burbank,California,91505,West,OFF-ST-10000078,Office Supplies,Storage,Tennsco 6- and 18-Compartment Lockers,1856.19,7,0.0,334.11419999999987,0
7349,CA-2014-130421,2014-03-03,2014-03-07,Standard Class,SC-20020,Sam Craven,Consumer,United States,Houston,Texas,77095,Central,OFF-AP-10002534,Office Supplies,Appliances,3.6 Cubic Foot Counter Height Office Refrigerator,176.77199999999996,3,0.8,-459.60720000000003,0
7428,US-2014-164763,2014-03-17,2014-03-21,Standard Class,MH-17440,Mark Haberlin,Corporate,United States,Jackson,Mississippi,39212,South,OFF-BI-10000605,Office Supplies,Binders,"Acco Pressboard Covers with Storage Hooks, 9 1/2"" x 11"", Executive Red",11.43,3,0.0,5.3721,0
7429,US-2014-164763,2014-03-17,2014-03-21,Standard Class,MH-17440,Mark Haberlin,Corporate,United States,Jackson,Mississippi,39212,South,OFF-BI-10000309,Office Supplies,Binders,"GBC Twin Loop Wire Binding Elements, 9/16"" Spine, Black",30.44,2,0.0,14.9156,0
7430,US-2014-164763,2014-03-17,2014-03-21,Standard Class,MH-17440,Mark Haberlin,Corporate,United States,Jackson,Mississippi,39212,South,OFF-PA-10003349,Office Supplies,Paper,Xerox 1957,12.96,2,0.0,6.3504000000000005,0
7432,US-2014-164763,2014-03-17,2014-03-21,Standard Class,MH-17440,Mark Haberlin,Corporate,United States,Jackson,Mississippi,39212,South,OFF-AP-10003971,Office Supplies,Appliances,Belkin 6 Outlet Metallic Surge Strip,32.67,3,0.0,8.494200000000001,0
7584,CA-2014-163223,2014-03-21,2014-03-25,Standard Class,KH-16690,Kristen Hastings,Corporate,United States,Springfield,Virginia,22153,South,TEC-PH-10000730,Technology,Phones,Samsung Galaxy S4 Active,3499.9300000000003,7,0.0,909.9818000000002,0
7586,CA-2014-163223,2014-03-21,2014-03-25,Standard Class,KH-16690,Kristen Hastings,Corporate,United States,Springfield,Virginia,22153,South,OFF-PA-10000675,Office Supplies,Paper,Xerox 1919,122.97,3,0.0,60.255300000000005,0
7588,CA-2014-163223,2014-03-21,2014-03-25,Standard Class,KH-16690,Kristen Hastings,Corporate,United States,Springfield,Virginia,22153,South,OFF-BI-10001597,Office Supplies,Binders,"Wilson Jones Ledger-Size, Piano-Hinge Binder, 2"", Blue",122.94,3,0.0,59.01119999999999,0
7630,CA-2014-162089,2014-03-30,2014-04-01,First Class,MP-17470,Mark Packer,Home Office,United States,Brownsville,Texas,78521,Central,OFF-EN-10002230,Office Supplies,Envelopes,Airmail Envelopes,335.72,5,0.2,113.3055,0
7631,CA-2014-162089,2014-03-30,2014-04-01,First Class,MP-17470,Mark Packer,Home Office,United States,Brownsville,Texas,78521,Central,TEC-PH-10001819,Technology,Phones,Innergie mMini Combo Duo USB Travel Charging Kit,251.94400000000002,7,0.2,88.18039999999998,0
7632,CA-2014-162089,2014-03-30,2014-04-01,First Class,MP-17470,Mark Packer,Home Office,United States,Brownsville,Texas,78521,Central,FUR-CH-10002304,Furniture,Chairs,"Global Stack Chair without Arms, Black",127.30199999999999,7,0.3,-9.092999999999996,0
7802,CA-2014-143637,2014-03-24,2014-03-29,Second Class,MS-17710,Maurice Satty,Consumer,United States,Fresno,California,93727,West,FUR-FU-10002813,Furniture,Furnishings,"DAX Contemporary Wood Frame with Silver Metal Mat, Desktop, 11 x 14 Size",40.48,2,0.0,14.572799999999997,0
7840,US-2014-137869,2014-03-28,2014-04-02,Standard Class,CV-12295,Christina VanderZanden,Consumer,United States,Des Moines,Iowa,50315,Central,OFF-EN-10001509,Office Supplies,Envelopes,Poly String Tie Envelopes,6.12,3,0.0,2.8763999999999994,0
7841,US-2014-137869,2014-03-28,2014-04-02,Standard Class,CV-12295,Christina VanderZanden,Consumer,United States,Des Moines,Iowa,50315,Central,FUR-TA-10003954,Furniture,Tables,Hon 94000 Series Round Tables,1184.72,4,0.0,106.62480000000005,0
7948,CA-2014-131009,2014-03-01,2014-03-05,Standard Class,SC-20380,Shahid Collister,Consumer,United States,El Paso,Texas,79907,Central,OFF-FA-10004395,Office Supplies,Fasteners,Plymouth Boxed Rubber Bands by Plymouth,18.84,5,0.2,-3.5324999999999998,0
7949,CA-2014-131009,2014-03-01,2014-03-05,Standard Class,SC-20380,Shahid Collister,Consumer,United States,El Paso,Texas,79907,Central,FUR-CH-10001270,Furniture,Chairs,Harbour Creations Steel Folding Chair,362.24999999999994,6,0.3,0.0,0
7950,CA-2014-131009,2014-03-01,2014-03-05,Standard Class,SC-20380,Shahid Collister,Consumer,United States,El Paso,Texas,79907,Central,FUR-FU-10001095,Furniture,Furnishings,DAX Black Cherry Wood-Tone Poster Frame,63.55200000000001,6,0.6,-34.9536,0
7951,CA-2014-131009,2014-03-01,2014-03-05,Standard Class,SC-20380,Shahid Collister,Consumer,United States,El Paso,Texas,79907,Central,OFF-ST-10001469,Office Supplies,Storage,Fellowes Bankers Box Recycled Super Stor/Drawer,129.552,3,0.2,-22.671600000000005,0
8011,CA-2014-127859,2014-03-17,2014-03-20,Second Class,QJ-19255,Quincy Jones,Corporate,United States,Philadelphia,Pennsylvania,19134,East,OFF-PA-10003641,Office Supplies,Paper,Xerox 1909,126.624,6,0.2,41.15279999999999,0
8300,US-2014-103338,2014-03-11,2014-03-15,Standard Class,RB-19435,Richard Bierner,Consumer,United States,Roseville,California,95661,West,OFF-AR-10001770,Office Supplies,Art,Economy #2 Pencils,7.98,3,0.0,2.0747999999999998,0
8311,CA-2014-168312,2014-03-01,2014-03-07,Standard Class,GW-14605,Giulietta Weimer,Consumer,United States,Houston,Texas,77036,Central,FUR-TA-10001866,Furniture,Tables,Bevis Round Conference Room Tables and Bases,376.50899999999996,3,0.3,-43.029600000000045,0
8345,US-2014-155544,2014-03-21,2014-03-25,Standard Class,GM-14440,Gary McGarr,Consumer,United States,Knoxville,Tennessee,37918,South,FUR-FU-10001473,Furniture,Furnishings,DAX Wood Document Frame,32.952000000000005,3,0.2,6.590399999999999,0
8431,US-2014-113124,2014-03-30,2014-04-05,Standard Class,NC-18340,Nat Carroll,Consumer,United States,Apple Valley,Minnesota,55124,Central,OFF-ST-10001511,Office Supplies,Storage,Space Solutions Commercial Steel Shelving,129.3,2,0.0,6.464999999999989,0
8464,CA-2014-100881,2014-03-28,2014-04-01,Standard Class,DR-12940,Daniel Raglin,Home Office,United States,Albuquerque,New Mexico,87105,West,TEC-PH-10003273,Technology,Phones,AT&T TR1909W,302.376,3,0.2,22.678200000000018,0
8499,CA-2014-169061,2014-03-05,2014-03-08,Second Class,AB-10150,Aimee Bixby,Consumer,United States,Yonkers,New York,10701,East,OFF-SU-10000381,Office Supplies,Supplies,Acme Forged Steel Scissors with Black Enamel Handles,18.62,2,0.0,5.399799999999999,0
8712,CA-2014-105648,2014-03-03,2014-03-07,Standard Class,EJ-14155,Eva Jacobs,Consumer,United States,San Diego,California,92037,West,FUR-TA-10002958,Furniture,Tables,"Bevis Oval Conference Table, Walnut",626.3520000000001,3,0.2,-23.48820000000009,0
9052,CA-2014-141838,2014-03-26,2014-03-31,Second Class,DK-12835,Damala Kotsonis,Corporate,United States,San Francisco,California,94122,West,OFF-AR-10004272,Office Supplies,Art,Newell 308,3.36,2,0.0,0.8399999999999999,0
9053,CA-2014-141838,2014-03-26,2014-03-31,Second Class,DK-12835,Damala Kotsonis,Corporate,United States,San Francisco,California,94122,West,OFF-BI-10003291,Office Supplies,Binders,Wilson Jones Leather-Like Binders with DublLock Round Rings,27.936000000000003,4,0.2,9.428399999999996,0
9054,CA-2014-141838,2014-03-26,2014-03-31,Second Class,DK-12835,Damala Kotsonis,Corporate,United States,San Francisco,California,94122,West,TEC-PH-10004100,Technology,Phones,Griffin GC17055 Auxiliary Audio Cable,28.784,2,0.2,2.878400000000001,0
9307,CA-2014-128237,2014-03-25,2014-03-30,Standard Class,CA-12265,Christina Anderson,Consumer,United States,San Francisco,California,94110,West,OFF-AR-10003829,Office Supplies,Art,Newell 35,6.56,2,0.0,1.9023999999999992,0
9309,CA-2014-128237,2014-03-25,2014-03-30,Standard Class,CA-12265,Christina Anderson,Consumer,United States,San Francisco,California,94110,West,TEC-AC-10002558,Technology,Accessories,Imation Swivel Flash Drive USB flash drive - 8 GB,45.48,4,0.0,15.918,0
9406,CA-2014-152618,2014-03-14,2014-03-17,First Class,RB-19465,Rick Bensley,Home Office,United States,Chicago,Illinois,60653,Central,TEC-MA-10003626,Technology,Machines,Hewlett-Packard Deskjet 6540 Color Inkjet Printer,574.91,2,0.3,156.04699999999997,0
9407,CA-2014-152618,2014-03-14,2014-03-17,First Class,RB-19465,Rick Bensley,Home Office,United States,Chicago,Illinois,60653,Central,OFF-PA-10001215,Office Supplies,Paper,Xerox 1963,8.448,2,0.2,2.6399999999999997,0
9644,CA-2014-104563,2014-03-07,2014-03-12,Standard Class,CM-12715,Craig Molinari,Corporate,United States,Seattle,Washington,98103,West,FUR-CH-10004495,Furniture,Chairs,"Global Leather and Oak Executive Chair, Black",481.56800000000004,2,0.2,54.17639999999993,0
9660,CA-2014-100860,2014-03-26,2014-03-30,Second Class,CS-12505,Cindy Stewart,Consumer,United States,Pomona,California,91767,West,OFF-LA-10001982,Office Supplies,Labels,Smead Alpha-Z Color-Coded Name Labels First Letter Starter Set,18.75,5,0.0,9.0,0
9946,CA-2014-111157,2014-03-02,2014-03-06,Standard Class,NH-18610,Nicole Hansen,Corporate,United States,Philadelphia,Pennsylvania,19120,East,OFF-PA-10000327,Office Supplies,Paper,Xerox 1971,3.4240000000000004,1,0.2,1.0699999999999996,0
