Row ID,Order ID,Order Date,Ship Date,Ship Mode,Customer ID,Customer Name,Segment,Country,City,State,Postal Code,Region,Product ID,Category,Sub-Category,Product Name,Sales,Quantity,Discount,Profit,Data_origen
18,CA-2014-167164,2014-05-13,2014-05-15,Second Class,AG-10270,Alejandro Grove,Consumer,United States,West Jordan,Utah,84084,West,OFF-ST-10000107,Office Supplies,Storage,Fellowes Super Stor/Drawer,55.5,2,0.0,9.989999999999995,0
546,CA-2014-103849,2014-05-11,2014-05-16,Standard Class,PG-18895,Paul Gonzalez,Consumer,United States,Fort Worth,Texas,76106,Central,FUR-FU-10000723,Furniture,Furnishings,"Deflect-o EconoMat Studded, No Bevel Mat for Low Pile Carpeting",66.11200000000001,4,0.6,-84.29279999999999,0
747,CA-2014-124429,2014-05-27,2014-05-27,Same Day,MH-17785,Maya Herman,Corporate,United States,San Diego,California,92105,West,FUR-TA-10002607,Furniture,Tables,KI Conference Tables,567.12,10,0.2,-28.355999999999952,0
748,CA-2014-124429,2014-05-27,2014-05-27,Same Day,MH-17785,Maya Herman,Corporate,United States,San Diego,California,92105,West,OFF-ST-10001809,Office Supplies,Storage,Fellowes Officeware Wire Shelving,359.32,4,0.0,7.186399999999992,0
769,CA-2014-106810,2014-05-14,2014-05-20,Standard Class,AJ-10795,Anthony Johnson,Corporate,United States,Saint Petersburg,Florida,33710,South,FUR-FU-10004306,Furniture,Furnishings,Electrix Halogen Magnifier Lamp,310.88000000000005,2,0.2,23.31599999999999,0
825,US-2014-102071,2014-05-09,2014-05-15,Standard Class,PG-18820,Patrick Gardner,Consumer,United States,San Francisco,California,94110,West,TEC-AC-10003441,Technology,Accessories,Kingston Digital DataTraveler 32GB USB 2.0,67.8,4,0.0,4.067999999999998,0
995,CA-2014-117639,2014-05-21,2014-05-25,Standard Class,MW-18235,Mitch Willingham,Corporate,United States,Virginia Beach,Virginia,23464,South,OFF-BI-10003925,Office Supplies,Binders,Fellowes PB300 Plastic Comb Binding Machine,2715.9300000000003,7,0.0,1276.4871,0
996,CA-2014-117639,2014-05-21,2014-05-25,Standard Class,MW-18235,Mitch Willingham,Corporate,United States,Virginia Beach,Virginia,23464,South,TEC-PH-10001530,Technology,Phones,Plantronics Voyager Pro Legend,617.97,3,0.0,173.0316,0
1049,CA-2014-139192,2014-05-27,2014-06-01,Second Class,LC-16885,Lena Creighton,Consumer,United States,San Francisco,California,94109,West,TEC-PH-10000486,Technology,Phones,Plantronics HL10 Handset Lifter,1113.504,12,0.2,125.2691999999999,0
1166,CA-2014-117709,2014-05-04,2014-05-08,Standard Class,PM-18940,Paul MacIntyre,Consumer,United States,Jackson,Michigan,49201,Central,OFF-BI-10001294,Office Supplies,Binders,Fellowes Binding Cases,46.8,4,0.0,21.059999999999995,0
1335,CA-2014-121664,2014-05-06,2014-05-10,Standard Class,HP-14815,Harold Pawlan,Home Office,United States,Los Angeles,California,90049,West,OFF-BI-10003684,Office Supplies,Binders,Wilson Jones Legal Size Ring Binders,140.736,8,0.2,52.775999999999996,0
1460,CA-2014-155271,2014-05-04,2014-05-04,Same Day,AA-10480,Andrew Allen,Consumer,United States,Middletown,Connecticut,6457,East,FUR-FU-10001473,Furniture,Furnishings,DAX Wood Document Frame,27.46,2,0.0,9.8856,0
1612,CA-2014-156349,2014-05-26,2014-05-30,Standard Class,ML-17395,Marina Lichtenstein,Corporate,United States,Los Angeles,California,90008,West,TEC-PH-10000441,Technology,Phones,VTech DS6151,201.584,2,0.2,20.158400000000015,0
1819,US-2014-130379,2014-05-25,2014-05-29,Standard Class,JL-15235,Janet Lee,Consumer,United States,Chicago,Illinois,60623,Central,OFF-AP-10001394,Office Supplies,Appliances,Harmony Air Purifier,75.59999999999998,2,0.8,-166.32000000000005,0
1820,US-2014-130379,2014-05-25,2014-05-29,Standard Class,JL-15235,Janet Lee,Consumer,United States,Chicago,Illinois,60623,Central,FUR-FU-10002553,Furniture,Furnishings,"Electrix Incandescent Magnifying Lamp, Black",29.32,2,0.6,-24.188999999999993,0
1888,CA-2014-140165,2014-05-13,2014-05-15,First Class,EH-14005,Erica Hernandez,Home Office,United States,Hialeah,Florida,33012,South,OFF-BI-10004519,Office Supplies,Binders,GBC DocuBind P100 Manual Binding Machine,398.35200000000003,8,0.7,-331.9599999999999,0
2130,US-2014-114188,2014-05-20,2014-05-22,Second Class,RF-19345,Randy Ferguson,Corporate,United States,Dover,New Hampshire,3820,East,OFF-AP-10000124,Office Supplies,Appliances,Acco 6 Outlet Guardian Basic Surge Suppressor,33.28,4,0.0,9.3184,0
2131,US-2014-114188,2014-05-20,2014-05-22,Second Class,RF-19345,Randy Ferguson,Corporate,United States,Dover,New Hampshire,3820,East,OFF-AR-10004511,Office Supplies,Art,"Sanford Colorific Scented Colored Pencils, 12/Pack",38.52,9,0.0,11.9412,0
2704,CA-2014-143413,2014-05-24,2014-05-30,Standard Class,RP-19390,Resi Pölking,Consumer,United States,Baltimore,Maryland,21215,East,OFF-PA-10002319,Office Supplies,Paper,Xerox 1944,116.28,3,0.0,56.977199999999996,0
2747,CA-2014-155887,2014-05-12,2014-05-17,Standard Class,KT-16480,Kean Thornton,Consumer,United States,Franklin,Massachusetts,2038,East,FUR-TA-10002228,Furniture,Tables,"Bevis Traditional Conference Table Top, Plinth Base",700.056,3,0.3,-130.0104,0
2752,CA-2014-158029,2014-05-26,2014-05-30,Standard Class,HF-14995,Herbert Flentye,Consumer,United States,Los Angeles,California,90008,West,FUR-CH-10000988,Furniture,Chairs,Hon Olson Stacker Stools,225.29600000000002,2,0.2,22.529599999999995,0
3006,CA-2014-148761,2014-05-17,2014-05-21,Standard Class,PA-19060,Pete Armstrong,Home Office,United States,Eau Claire,Wisconsin,54703,Central,OFF-BI-10000666,Office Supplies,Binders,Surelock Post Binders,91.67999999999999,3,0.0,45.839999999999996,0
3201,CA-2014-164224,2014-05-18,2014-05-20,Second Class,TT-21070,Ted Trevino,Consumer,United States,Akron,Ohio,44312,East,FUR-FU-10000308,Furniture,Furnishings,Deflect-o Glass Clear Studded Chair Mats,149.232,3,0.2,3.730800000000002,0
3269,CA-2014-143840,2014-05-22,2014-05-29,Standard Class,EH-14185,Evan Henry,Consumer,United States,Decatur,Alabama,35601,South,TEC-PH-10003171,Technology,Phones,Plantronics Encore H101 Dual Earpieces Headset,44.95,1,0.0,12.585999999999999,0
3538,CA-2014-158771,2014-05-09,2014-05-09,Same Day,SB-20290,Sean Braxton,Corporate,United States,Henderson,Kentucky,42420,South,OFF-ST-10000107,Office Supplies,Storage,Fellowes Super Stor/Drawer,83.25,3,0.0,14.984999999999992,0
3541,CA-2014-158771,2014-05-09,2014-05-09,Same Day,SB-20290,Sean Braxton,Corporate,United States,Henderson,Kentucky,42420,South,OFF-PA-10002689,Office Supplies,Paper,Weyerhaeuser First Choice Laser/Copy Paper (20Lb. and 88 Bright),45.36,7,0.0,21.772800000000004,0
3862,CA-2014-135755,2014-05-03,2014-05-10,Standard Class,NC-18415,Nathan Cano,Consumer,United States,Yonkers,New York,10701,East,OFF-BI-10004828,Office Supplies,Binders,GBC Poly Designer Binding Covers,40.176,3,0.2,14.563799999999997,0
4143,US-2014-107699,2014-05-19,2014-05-23,Standard Class,JH-15820,John Huston,Consumer,United States,Midland,Michigan,48640,Central,OFF-BI-10001249,Office Supplies,Binders,Avery Heavy-Duty EZD View Binder with Locking Rings,57.42,9,0.0,26.413199999999996,0
4214,CA-2014-166457,2014-05-05,2014-05-09,Second Class,PF-19120,Peter Fuller,Consumer,United States,Richmond,Kentucky,40475,South,OFF-PA-10001363,Office Supplies,Paper,Xerox 1933,24.56,2,0.0,11.543199999999999,0
4410,US-2014-154879,2014-05-06,2014-05-11,Standard Class,SN-20710,Steve Nguyen,Home Office,United States,Los Angeles,California,90004,West,OFF-LA-10004425,Office Supplies,Labels,Staple-on labels,5.78,2,0.0,2.7166,0
4411,US-2014-154879,2014-05-06,2014-05-11,Standard Class,SN-20710,Steve Nguyen,Home Office,United States,Los Angeles,California,90004,West,OFF-AR-10001897,Office Supplies,Art,Model L Table or Wall-Mount Pencil Sharpener,107.94,6,0.0,30.223200000000002,0
4560,CA-2014-110219,2014-05-05,2014-05-08,First Class,EB-13870,Emily Burns,Consumer,United States,San Antonio,Texas,78207,Central,FUR-CH-10001146,Furniture,Chairs,"Global Value Mid-Back Manager's Chair, Gray",127.869,3,0.3,-9.133500000000012,0
4647,CA-2014-146885,2014-05-30,2014-06-05,Standard Class,EB-13840,Ellis Ballard,Corporate,United States,Richmond,Virginia,23223,South,OFF-PA-10001622,Office Supplies,Paper,"Ampad Poly Cover Wirebound Steno Book, 6"" x 9"" Assorted Colors, Gregg Ruled",13.620000000000001,3,0.0,6.129,0
5197,CA-2014-159709,2014-05-10,2014-05-15,Standard Class,AI-10855,Arianne Irving,Consumer,United States,Kent,Washington,98031,West,OFF-EN-10001434,Office Supplies,Envelopes,"Strathmore #10 Envelopes, Ultimate White",158.13,3,0.0,77.4837,0
5198,CA-2014-159709,2014-05-10,2014-05-15,Standard Class,AI-10855,Arianne Irving,Consumer,United States,Kent,Washington,98031,West,TEC-PH-10003988,Technology,Phones,"LF Elite 3D Dazzle Designer Hard Case Cover, Lf Stylus Pen and Wiper For Apple Iphone 5c Mini Lite",43.6,5,0.2,4.360000000000001,0
5677,CA-2014-135993,2014-05-28,2014-06-02,Standard Class,PJ-18835,Patrick Jones,Corporate,United States,Seattle,Washington,98115,West,TEC-AC-10004877,Technology,Accessories,Imation 30456 USB Flash Drive 8GB,27.6,4,0.0,2.2079999999999984,0
5825,CA-2014-115056,2014-05-02,2014-05-02,Same Day,AR-10510,Andrew Roberts,Consumer,United States,Columbus,Ohio,43229,East,OFF-AP-10003971,Office Supplies,Appliances,Belkin 6 Outlet Metallic Surge Strip,26.136000000000003,3,0.2,1.9602000000000004,0
5877,CA-2014-152443,2014-05-21,2014-05-26,Standard Class,FG-14260,Frank Gastineau,Home Office,United States,Lawrence,Massachusetts,1841,East,OFF-BI-10001071,Office Supplies,Binders,GBC ProClick Punch Binding System,447.85999999999996,7,0.0,219.4514,0
6563,CA-2014-166086,2014-05-07,2014-05-12,Standard Class,CT-11995,Carol Triggs,Consumer,United States,Lawrence,Massachusetts,1841,East,OFF-BI-10001078,Office Supplies,Binders,"Acco PRESSTEX Data Binder with Storage Hooks, Dark Blue, 14 7/8"" X 11""",16.14,3,0.0,7.9086,0
6741,CA-2014-144029,2014-05-26,2014-05-31,Standard Class,MM-18055,Michelle Moray,Consumer,United States,Chicago,Illinois,60623,Central,FUR-CH-10003981,Furniture,Chairs,Global Commerce Series Low-Back Swivel/Tilt Chairs,359.772,2,0.3,-5.139600000000058,0
6742,CA-2014-144029,2014-05-26,2014-05-31,Standard Class,MM-18055,Michelle Moray,Consumer,United States,Chicago,Illinois,60623,Central,OFF-AR-10000716,Office Supplies,Art,DIXON Ticonderoga Erasable Checking Pencils,13.392000000000001,3,0.2,3.1806000000000005,0
7012,US-2014-135881,2014-05-23,2014-05-27,Standard Class,GT-14710,Greg Tran,Consumer,United States,New York City,New York,10035,East,OFF-SU-10003002,Office Supplies,Supplies,Letter Slitter,5.04,2,0.0,0.15120000000000022,0
7013,US-2014-135881,2014-05-23,2014-05-27,Standard Class,GT-14710,Greg Tran,Consumer,United States,New York City,New York,10035,East,OFF-AP-10002118,Office Supplies,Appliances,"1.7 Cubic Foot Compact ""Cube"" Office Refrigerators",208.16,1,0.0,56.20320000000001,0
7297,CA-2014-111899,2014-05-04,2014-05-05,First Class,NC-18340,Nat Carroll,Consumer,United States,Houston,Texas,77036,Central,OFF-FA-10000840,Office Supplies,Fasteners,OIC Thumb-Tacks,5.4719999999999995,6,0.2,1.8467999999999996,0
7555,CA-2014-114181,2014-05-10,2014-05-14,Second Class,AF-10885,Art Foster,Consumer,United States,Philadelphia,Pennsylvania,19134,East,FUR-BO-10004467,Furniture,Bookcases,Bestar Classic Bookcase,349.965,7,0.5,-216.97830000000002,0
7858,CA-2014-103429,2014-05-30,2014-06-01,First Class,LW-16825,Laurel Workman,Corporate,United States,New York City,New York,10024,East,TEC-PH-10003505,Technology,Phones,Geemarc AmpliPOWER60,464.0,5,0.0,134.55999999999995,0
7859,CA-2014-103429,2014-05-30,2014-06-01,First Class,LW-16825,Laurel Workman,Corporate,United States,New York City,New York,10024,East,OFF-AP-10001005,Office Supplies,Appliances,Honeywell Quietcare HEPA Air Cleaner,235.95000000000002,3,0.0,77.86349999999999,0
7979,CA-2014-166051,2014-05-31,2014-06-05,Standard Class,JK-15625,Jim Karlsson,Consumer,United States,Jackson,Mississippi,39212,South,TEC-PH-10002538,Technology,Phones,Grandstream GXP1160 VoIP phone,113.72999999999999,3,0.0,32.98169999999999,0
7999,US-2014-148194,2014-05-04,2014-05-07,First Class,BS-11365,Bill Shonely,Corporate,United States,Seattle,Washington,98105,West,FUR-FU-10001852,Furniture,Furnishings,"Eldon Regeneration Recycled Desk Accessories, Smoke",12.18,7,0.0,3.8975999999999997,0
8000,US-2014-148194,2014-05-04,2014-05-07,First Class,BS-11365,Bill Shonely,Corporate,United States,Seattle,Washington,98105,West,OFF-AP-10000696,Office Supplies,Appliances,Holmes Odor Grabber,57.68,4,0.0,19.034399999999998,0
8583,CA-2014-130673,2014-05-20,2014-05-22,Second Class,MC-17590,Matt Collister,Corporate,United States,San Marcos,Texas,78666,Central,TEC-AC-10004227,Technology,Accessories,SanDisk Ultra 16 GB MicroSDHC Class 10 Memory Card,20.784000000000002,2,0.2,-3.6372000000000027,0
8584,CA-2014-130673,2014-05-20,2014-05-22,Second Class,MC-17590,Matt Collister,Corporate,United States,San Marcos,Texas,78666,Central,OFF-ST-10000636,Office Supplies,Storage,Rogers Profile Extra Capacity Storage Tub,66.96,5,0.2,-13.392000000000003,0
8596,CA-2014-111934,2014-05-05,2014-05-07,First Class,GD-14590,Giulietta Dortch,Corporate,United States,Arlington,Virginia,22204,South,OFF-BI-10004364,Office Supplies,Binders,Storex Dura Pro Binders,11.88,2,0.0,5.346,0
8597,CA-2014-111934,2014-05-05,2014-05-07,First Class,GD-14590,Giulietta Dortch,Corporate,United States,Arlington,Virginia,22204,South,OFF-PA-10000474,Office Supplies,Paper,Easy-staple paper,35.44,1,0.0,16.656799999999997,0
8800,CA-2014-116666,2014-05-08,2014-05-10,First Class,KT-16480,Kean Thornton,Consumer,United States,Philadelphia,Pennsylvania,19134,East,TEC-CO-10001449,Technology,Copiers,Hewlett Packard LaserJet 3310 Copier,1799.9699999999998,5,0.4,239.9960000000001,0
9197,CA-2014-103310,2014-05-10,2014-05-15,Standard Class,GM-14680,Greg Matthias,Consumer,United States,San Jose,California,95123,West,OFF-PA-10004353,Office Supplies,Paper,Southworth 25% Cotton Premium Laser Paper and Envelopes,39.96,2,0.0,19.1808,0
9199,CA-2014-103310,2014-05-10,2014-05-15,Standard Class,GM-14680,Greg Matthias,Consumer,United States,San Jose,California,95123,West,OFF-SU-10004737,Office Supplies,Supplies,Acme Design Stainless Steel Bent Scissors,41.04,6,0.0,11.0808,0
9200,CA-2014-103310,2014-05-10,2014-05-15,Standard Class,GM-14680,Greg Matthias,Consumer,United States,San Jose,California,95123,West,FUR-CH-10002320,Furniture,Chairs,Hon Pagoda Stacking Chairs,256.78400000000005,1,0.2,32.09799999999997,0
9429,CA-2014-152100,2014-05-11,2014-05-16,Standard Class,VW-21775,Victoria Wilson,Corporate,United States,Huntsville,Texas,77340,Central,FUR-CH-10000015,Furniture,Chairs,Hon Multipurpose Stacking Arm Chairs,1212.9599999999998,8,0.3,-69.3119999999999,0
9441,CA-2014-100391,2014-05-25,2014-05-29,Standard Class,BW-11065,Barry Weirich,Consumer,United States,New York City,New York,10035,East,OFF-PA-10001471,Office Supplies,Paper,Strathmore Photo Frame Cards,14.62,2,0.0,6.725199999999999,0
9590,CA-2014-119172,2014-05-11,2014-05-15,Standard Class,HD-14785,Harold Dahlen,Home Office,United States,Chicago,Illinois,60610,Central,OFF-PA-10003036,Office Supplies,Paper,"Black Print Carbonless 8 1/2"" x 8 1/4"" Rapid Memo Book",17.472,3,0.2,5.678399999999998,0
9792,CA-2014-127166,2014-05-21,2014-05-23,Second Class,KH-16360,Katherine Hughes,Consumer,United States,Houston,Texas,77070,Central,OFF-EN-10003134,Office Supplies,Envelopes,Staple envelope,56.06399999999999,6,0.2,21.024,0
9794,CA-2014-127166,2014-05-21,2014-05-23,Second Class,KH-16360,Katherine Hughes,Consumer,United States,Houston,Texas,77070,Central,OFF-PA-10001560,Office Supplies,Paper,"Adams Telephone Message Books, 5 1/4” x 11”",4.832000000000001,1,0.2,1.6307999999999998,0
9795,CA-2014-127166,2014-05-21,2014-05-23,Second Class,KH-16360,Katherine Hughes,Consumer,United States,Houston,Texas,77070,Central,OFF-BI-10000977,Office Supplies,Binders,Ibico Plastic Spiral Binding Combs,18.239999999999995,3,0.8,-31.00800000000001,0
9833,CA-2014-133963,2014-05-18,2014-05-22,Second Class,GA-14515,George Ashbrook,Consumer,United States,Dallas,Texas,75220,Central,OFF-PA-10001526,Office Supplies,Paper,Xerox 1949,3.9840000000000004,1,0.2,1.4442000000000004,0
