Row ID,Order ID,Order Date,Ship Date,Ship Mode,Customer ID,Customer Name,Segment,Country,City,State,Postal Code,Region,Product ID,Category,Sub-Category,Product Name,Sales,Quantity,Discount,Profit,Data_origen
17,CA-2014-105893,2014-11-11,2014-11-18,Standard Class,PK-19075,Pete Kriz,Consumer,United States,Madison,Wisconsin,53711,Central,OFF-ST-10004186,Office Supplies,Storage,"Stur-D-Stor Shelving, Vertical 5-Shelf: 72""H x 36""W x 18 1/2""D",665.88,6,0.0,13.317599999999999,0
185,CA-2014-158274,2014-11-19,2014-11-24,Second Class,RM-19675,Robert Marley,Home Office,United States,Monroe,Louisiana,71203,South,TEC-AC-10002345,Technology,Accessories,HP Standard 104 key PS/2 Keyboard,29.0,2,0.0,7.25,0
318,CA-2014-164973,2014-11-04,2014-11-09,Standard Class,NM-18445,Nathan Mautz,Home Office,United States,New York City,New York,10024,East,FUR-CH-10002602,Furniture,Chairs,DMI Arturo Collection Mission-style Design Wood Chair,135.882,1,0.1,24.156800000000004,0
322,CA-2014-164973,2014-11-04,2014-11-09,Standard Class,NM-18445,Nathan Mautz,Home Office,United States,New York City,New York,10024,East,OFF-ST-10002974,Office Supplies,Storage,"Trav-L-File Heavy-Duty Shuttle II, Black",43.57,1,0.0,13.070999999999998,0
472,CA-2014-144666,2014-11-09,2014-11-11,Second Class,JP-15520,Jeremy Pistek,Consumer,United States,San Francisco,California,94110,West,OFF-ST-10002743,Office Supplies,Storage,SAFCO Boltless Steel Shelving,340.92,3,0.0,3.4091999999999842,0
477,CA-2014-144666,2014-11-09,2014-11-11,Second Class,JP-15520,Jeremy Pistek,Consumer,United States,San Francisco,California,94110,West,OFF-PA-10003465,Office Supplies,Paper,Xerox 1912,94.85,5,0.0,45.52799999999999,0
806,CA-2014-134313,2014-11-01,2014-11-07,Standard Class,RA-19915,Russell Applegate,Consumer,United States,Denver,Colorado,80219,West,OFF-AR-10001897,Office Supplies,Art,Model L Table or Wall-Mount Pencil Sharpener,43.176,3,0.2,4.3176000000000005,0
982,CA-2014-163419,2014-11-11,2014-11-14,Second Class,TZ-21580,Tracy Zic,Consumer,United States,Louisville,Colorado,80027,West,OFF-AR-10000034,Office Supplies,Art,"BIC Brite Liner Grip Highlighters, Assorted, 5/Pack",3.3920000000000003,1,0.2,0.8055999999999999,0
984,CA-2014-163419,2014-11-11,2014-11-14,Second Class,TZ-21580,Tracy Zic,Consumer,United States,Louisville,Colorado,80027,West,FUR-CH-10000665,Furniture,Chairs,"Global Airflow Leather Mesh Back Chair, Black",603.92,5,0.2,75.48999999999992,0
1011,CA-2014-158540,2014-11-24,2014-11-26,First Class,VG-21790,Vivek Gonzalez,Consumer,United States,San Diego,California,92037,West,FUR-FU-10001602,Furniture,Furnishings,"Eldon Delta Triangular Chair Mat, 52"" x 58"", Clear",151.72,4,0.0,27.30959999999999,0
1185,CA-2014-127131,2014-11-24,2014-11-30,Standard Class,HR-14830,Harold Ryan,Corporate,United States,Seattle,Washington,98103,West,OFF-BI-10004656,Office Supplies,Binders,Peel & Stick Add-On Corner Pockets,12.096000000000002,7,0.2,4.233599999999999,0
1186,CA-2014-127131,2014-11-24,2014-11-30,Standard Class,HR-14830,Harold Ryan,Corporate,United States,Seattle,Washington,98103,West,OFF-ST-10002344,Office Supplies,Storage,"Carina 42""Hx23 3/4""W Media Storage Unit",485.88,6,0.0,9.717600000000033,0
1490,CA-2014-136280,2014-11-29,2014-12-06,Standard Class,Co-12640,Corey-Lock,Consumer,United States,Philadelphia,Pennsylvania,19143,East,OFF-LA-10000452,Office Supplies,Labels,Avery 488,5.04,2,0.2,1.764,0
1573,US-2014-157385,2014-11-23,2014-11-25,First Class,SC-20095,Sanjit Chand,Consumer,United States,Los Angeles,California,90004,West,TEC-AC-10003280,Technology,Accessories,Belkin F8E887 USB Wired Ergonomic Keyboard,29.99,1,0.0,6.2978999999999985,0
1574,US-2014-157385,2014-11-23,2014-11-25,First Class,SC-20095,Sanjit Chand,Consumer,United States,Los Angeles,California,90004,West,FUR-CH-10000595,Furniture,Chairs,Safco Contoured Stacking Chairs,381.44000000000005,2,0.2,23.839999999999975,0
1636,CA-2014-168984,2014-11-26,2014-12-02,Standard Class,NW-18400,Natalie Webber,Consumer,United States,Tigard,Oregon,97224,West,OFF-PA-10001166,Office Supplies,Paper,Xerox 2,15.552000000000003,3,0.2,5.4432,0
1863,CA-2014-151078,2014-11-12,2014-11-12,Same Day,RF-19840,Roy Französisch,Consumer,United States,San Antonio,Texas,78207,Central,OFF-ST-10001328,Office Supplies,Storage,"Personal Filing Tote with Lid, Black/Gray",49.632000000000005,4,0.2,4.9632000000000005,0
2011,CA-2014-116407,2014-11-15,2014-11-21,Standard Class,JF-15190,Jamie Frazer,Consumer,United States,Johnson City,Tennessee,37604,South,OFF-PA-10002137,Office Supplies,Paper,"Southworth 100% Résumé Paper, 24lb.",24.896,4,0.2,7.779999999999998,0
2152,CA-2014-167360,2014-11-24,2014-11-29,Second Class,RB-19435,Richard Bierner,Consumer,United States,Saint Louis,Missouri,63116,Central,TEC-AC-10001772,Technology,Accessories,Memorex Mini Travel Drive 16 GB USB 2.0 Flash Drive,111.79,7,0.0,43.5981,0
2198,CA-2014-163013,2014-11-28,2014-12-04,Standard Class,BF-11080,Bart Folk,Consumer,United States,Montgomery,Alabama,36116,South,OFF-AR-10001954,Office Supplies,Art,Newell 331,14.669999999999998,3,0.0,3.9609,0
2210,CA-2014-125556,2014-11-14,2014-11-16,Second Class,ML-17410,Maris LaWare,Consumer,United States,Fairfield,Connecticut,6824,East,TEC-PH-10001079,Technology,Phones,Polycom SoundPoint Pro SE-225 Corded phone,832.93,7,0.0,233.22039999999998,0
2211,CA-2014-125556,2014-11-14,2014-11-16,Second Class,ML-17410,Maris LaWare,Consumer,United States,Fairfield,Connecticut,6824,East,OFF-BI-10003460,Office Supplies,Binders,Acco 3-Hole Punch,43.8,10,0.0,21.023999999999997,0
2301,CA-2014-162362,2014-11-14,2014-11-18,Standard Class,JL-15505,Jeremy Lonsdale,Consumer,United States,Midland,Michigan,48640,Central,OFF-BI-10000756,Office Supplies,Binders,Storex DuraTech Recycled Plastic Frosted Binders,12.72,3,0.0,6.36,0
2302,CA-2014-162362,2014-11-14,2014-11-18,Standard Class,JL-15505,Jeremy Lonsdale,Consumer,United States,Midland,Michigan,48640,Central,OFF-BI-10000546,Office Supplies,Binders,Avery Durable Binders,11.52,4,0.0,5.6448,0
2414,CA-2014-151295,2014-11-12,2014-11-16,Standard Class,JA-15970,Joseph Airdo,Consumer,United States,Los Angeles,California,90045,West,FUR-TA-10002356,Furniture,Tables,Bevis Boat-Shaped Conference Table,629.0640000000001,3,0.2,31.453199999999953,0
2438,CA-2014-164210,2014-11-18,2014-11-20,Second Class,PW-19240,Pierre Wener,Consumer,United States,Louisville,Colorado,80027,West,FUR-TA-10000849,Furniture,Tables,Bevis Rectangular Conference Tables,145.98,2,0.5,-99.26639999999998,0
2517,CA-2014-128888,2014-11-15,2014-11-22,Standard Class,PB-19105,Peter Bühler,Consumer,United States,Houston,Texas,77095,Central,OFF-EN-10003001,Office Supplies,Envelopes,Ames Color-File Green Diamond Border X-ray Mailers,604.6560000000001,9,0.2,204.07139999999995,0
2575,CA-2014-129091,2014-11-22,2014-11-27,Standard Class,RA-19885,Ruben Ausman,Corporate,United States,Columbus,Georgia,31907,South,OFF-EN-10004955,Office Supplies,Envelopes,Fashion Color Clasp Envelopes,16.23,3,0.0,7.9527,0
2577,CA-2014-129091,2014-11-22,2014-11-27,Standard Class,RA-19885,Ruben Ausman,Corporate,United States,Columbus,Georgia,31907,South,OFF-EN-10001990,Office Supplies,Envelopes,Staple envelope,11.36,2,0.0,5.339199999999999,0
2578,CA-2014-129091,2014-11-22,2014-11-27,Standard Class,RA-19885,Ruben Ausman,Corporate,United States,Columbus,Georgia,31907,South,OFF-AP-10002734,Office Supplies,Appliances,Holmes Harmony HEPA Air Purifier for 17 x 20 Room,675.12,3,0.0,290.3016,0
2608,CA-2014-127446,2014-11-25,2014-11-30,Standard Class,MC-17590,Matt Collister,Corporate,United States,Arlington,Texas,76017,Central,TEC-AC-10001635,Technology,Accessories,KeyTronic KT400U2 - Keyboard - Black,24.672,3,0.2,0.0,0
2609,CA-2014-127446,2014-11-25,2014-11-30,Standard Class,MC-17590,Matt Collister,Corporate,United States,Arlington,Texas,76017,Central,OFF-LA-10001317,Office Supplies,Labels,Avery 520,2.52,1,0.2,0.882,0
2611,CA-2014-127446,2014-11-25,2014-11-30,Standard Class,MC-17590,Matt Collister,Corporate,United States,Arlington,Texas,76017,Central,OFF-LA-10000248,Office Supplies,Labels,Avery 52,5.904,2,0.2,1.9926,0
2722,CA-2014-121286,2014-11-04,2014-11-08,Second Class,ON-18715,Odella Nelson,Corporate,United States,Cary,North Carolina,27511,South,OFF-AP-10004859,Office Supplies,Appliances,Acco 6 Outlet Guardian Premium Surge Suppressor,58.24000000000001,5,0.2,5.096,0
2743,CA-2014-149244,2014-11-04,2014-11-08,Standard Class,MS-17530,MaryBeth Skach,Consumer,United States,San Diego,California,92037,West,FUR-FU-10004671,Furniture,Furnishings,"Executive Impressions 12"" Wall Clock",35.34,2,0.0,13.429200000000002,0
2833,CA-2014-148915,2014-11-01,2014-11-05,Standard Class,ND-18370,Natalie DeCherney,Consumer,United States,Portland,Oregon,97206,West,TEC-PH-10000673,Technology,Phones,Plantronics Voyager Pro HD - Bluetooth Headset,155.976,3,0.2,54.5916,0
3073,CA-2014-119375,2014-11-17,2014-11-22,Standard Class,YC-21895,Yoseph Carroll,Corporate,United States,Newark,Delaware,19711,East,OFF-AR-10003752,Office Supplies,Art,Deluxe Chalkboard Eraser Cleaner,57.75,5,0.0,26.564999999999998,0
3186,CA-2014-123498,2014-11-07,2014-11-09,First Class,TC-20980,Tamara Chand,Corporate,United States,Houston,Texas,77041,Central,OFF-BI-10000632,Office Supplies,Binders,Satellite Sectional Post Binders,26.045999999999992,3,0.8,-44.2782,0
3187,CA-2014-123498,2014-11-07,2014-11-09,First Class,TC-20980,Tamara Chand,Corporate,United States,Houston,Texas,77041,Central,OFF-EN-10004773,Office Supplies,Envelopes,Staple envelope,74.352,3,0.2,26.952599999999997,0
3204,CA-2014-158372,2014-11-10,2014-11-16,Standard Class,RD-19900,Ruben Dartt,Consumer,United States,San Diego,California,92037,West,TEC-AC-10004209,Technology,Accessories,Memorex Froggy Flash Drive 4 GB,10.99,1,0.0,4.2861,0
3205,CA-2014-158372,2014-11-10,2014-11-16,Standard Class,RD-19900,Ruben Dartt,Consumer,United States,San Diego,California,92037,West,FUR-FU-10000397,Furniture,Furnishings,Luxo Economy Swing Arm Lamp,39.88,2,0.0,11.166400000000003,0
3206,CA-2014-158372,2014-11-10,2014-11-16,Standard Class,RD-19900,Ruben Dartt,Consumer,United States,San Diego,California,92037,West,OFF-PA-10002137,Office Supplies,Paper,"Southworth 100% Résumé Paper, 24lb.",62.24,8,0.0,28.007999999999996,0
3208,CA-2014-158372,2014-11-10,2014-11-16,Standard Class,RD-19900,Ruben Dartt,Consumer,United States,San Diego,California,92037,West,OFF-LA-10000407,Office Supplies,Labels,Avery White Multi-Purpose Labels,39.84,8,0.0,18.3264,0
3261,CA-2014-151554,2014-11-14,2014-11-15,First Class,CM-11815,Candace McMahon,Corporate,United States,Pasadena,Texas,77506,Central,OFF-PA-10004609,Office Supplies,Paper,Xerox 221,20.736000000000004,4,0.2,7.2576,0
3263,CA-2014-140662,2014-11-17,2014-11-19,First Class,TS-21205,Thomas Seio,Corporate,United States,San Francisco,California,94109,West,OFF-PA-10003395,Office Supplies,Paper,Xerox 1941,733.9499999999999,7,0.0,352.296,0
3301,US-2014-159926,2014-11-18,2014-11-22,Standard Class,CS-11950,Carlos Soltero,Consumer,United States,Philadelphia,Pennsylvania,19140,East,OFF-ST-10003656,Office Supplies,Storage,Safco Industrial Wire Shelving,76.792,1,0.2,-16.3183,0
3302,US-2014-159926,2014-11-18,2014-11-22,Standard Class,CS-11950,Carlos Soltero,Consumer,United States,Philadelphia,Pennsylvania,19140,East,TEC-PH-10001128,Technology,Phones,Motorola Droid Maxx,539.9639999999999,6,0.4,-107.99280000000002,0
3303,US-2014-159926,2014-11-18,2014-11-22,Standard Class,CS-11950,Carlos Soltero,Consumer,United States,Philadelphia,Pennsylvania,19140,East,FUR-FU-10001473,Furniture,Furnishings,"Eldon Executive Woodline II Desk Accessories, Mahogany",60.312,3,0.2,5.2773,0
3326,CA-2014-165309,2014-11-11,2014-11-15,Standard Class,KD-16270,Karen Daniels,Consumer,United States,Houston,Texas,77095,Central,OFF-BI-10001267,Office Supplies,Binders,"Universal Recycled Hanging Pressboard Report Binders, Letter Size",1.2339999999999998,1,0.8,-1.9744000000000002,0
3327,CA-2014-165309,2014-11-11,2014-11-15,Standard Class,KD-16270,Karen Daniels,Consumer,United States,Houston,Texas,77095,Central,OFF-AR-10003582,Office Supplies,Art,"Boston Electric Pencil Sharpener, Model 1818, Charcoal Black",67.56,3,0.2,6.756000000000004,0
3328,CA-2014-165309,2014-11-11,2014-11-15,Standard Class,KD-16270,Karen Daniels,Consumer,United States,Houston,Texas,77095,Central,OFF-PA-10003724,Office Supplies,Paper,"Wirebound Message Book, 4 per Page",21.720000000000002,5,0.2,7.873499999999999,0
3330,CA-2014-165309,2014-11-11,2014-11-15,Standard Class,KD-16270,Karen Daniels,Consumer,United States,Houston,Texas,77095,Central,TEC-PH-10003505,Technology,Phones,Geemarc AmpliPOWER60,148.48,2,0.2,16.703999999999986,0
3394,CA-2014-105340,2014-11-22,2014-11-25,First Class,EH-14185,Evan Henry,Consumer,United States,Pasadena,Texas,77506,Central,OFF-BI-10001765,Office Supplies,Binders,Wilson Jones Heavy-Duty Casebound Ring Binders with Metal Hinges,6.927999999999998,1,0.8,-11.084800000000005,0
3400,CA-2014-102274,2014-11-21,2014-11-26,Standard Class,DH-13075,Dave Hallsten,Corporate,United States,Richmond,Kentucky,40475,South,OFF-PA-10004359,Office Supplies,Paper,Multicolor Computer Printout Paper,629.0999999999999,6,0.0,301.96799999999996,0
3602,CA-2014-159835,2014-11-17,2014-11-24,Standard Class,RB-19330,Randy Bradley,Consumer,United States,Philadelphia,Pennsylvania,19143,East,OFF-PA-10002137,Office Supplies,Paper,"Southworth 100% Résumé Paper, 24lb.",12.448,2,0.2,3.889999999999999,0
3603,CA-2014-159835,2014-11-17,2014-11-24,Standard Class,RB-19330,Randy Bradley,Consumer,United States,Philadelphia,Pennsylvania,19143,East,FUR-CH-10004997,Furniture,Chairs,Hon Every-Day Series Multi-Task Chairs,657.93,5,0.3,-93.98999999999995,0
3708,CA-2014-120544,2014-11-23,2014-11-27,Standard Class,SS-20140,Saphhira Shifley,Corporate,United States,Mesquite,Texas,75150,Central,FUR-FU-10001940,Furniture,Furnishings,Staple-based wall hangings,6.368,2,0.6,-2.5471999999999984,0
3709,CA-2014-120544,2014-11-23,2014-11-27,Standard Class,SS-20140,Saphhira Shifley,Corporate,United States,Mesquite,Texas,75150,Central,OFF-AP-10004336,Office Supplies,Appliances,"Conquest 14 Commercial Heavy-Duty Upright Vacuum, Collection System, Accessory Kit",34.175999999999995,3,0.8,-87.14880000000002,0
3834,CA-2014-105984,2014-11-24,2014-11-24,Same Day,MY-18295,Muhammed Yedwab,Corporate,United States,Columbus,Ohio,43229,East,TEC-PH-10000560,Technology,Phones,Samsung Galaxy S III - 16GB - pebble blue (T-Mobile),1049.97,5,0.4,-209.99399999999991,0
3835,CA-2014-105984,2014-11-24,2014-11-24,Same Day,MY-18295,Muhammed Yedwab,Corporate,United States,Columbus,Ohio,43229,East,FUR-CH-10000847,Furniture,Chairs,Global Executive Mid-Back Manager's Chair,611.058,3,0.3,-34.91760000000002,0
3952,CA-2014-121167,2014-11-28,2014-11-30,Second Class,MO-17500,Mary O'Rourke,Consumer,United States,Freeport,New York,11520,East,OFF-BI-10003676,Office Supplies,Binders,"GBC Standard Recycled Report Covers, Clear Plastic Sheets",17.248,2,0.2,6.036799999999999,0
3966,CA-2014-164910,2014-11-12,2014-11-17,Second Class,DM-13345,Denise Monton,Corporate,United States,Asheville,North Carolina,28806,South,OFF-AR-10003651,Office Supplies,Art,Newell 350,7.872,3,0.2,0.8855999999999988,0
3971,CA-2014-135090,2014-11-22,2014-11-26,Standard Class,SP-20920,Susan Pistek,Consumer,United States,Los Angeles,California,90036,West,OFF-PA-10002245,Office Supplies,Paper,Xerox 1895,53.82000000000001,9,0.0,24.218999999999998,0
3990,CA-2014-122588,2014-11-25,2014-11-27,Second Class,AR-10540,Andy Reiter,Consumer,United States,Woonsocket,Rhode Island,2895,East,FUR-FU-10001095,Furniture,Furnishings,DAX Black Cherry Wood-Tone Poster Frame,52.96,2,0.0,20.1248,0
4058,CA-2014-163034,2014-11-24,2014-11-28,Standard Class,DK-12985,Darren Koutras,Consumer,United States,Chicago,Illinois,60610,Central,OFF-ST-10000046,Office Supplies,Storage,Fellowes Super Stor/Drawer Files,646.2,5,0.2,-8.077499999999986,0
4068,CA-2014-102673,2014-11-01,2014-11-05,Standard Class,KH-16630,Ken Heidel,Corporate,United States,Charlotte,North Carolina,28205,South,OFF-LA-10001771,Office Supplies,Labels,Avery 513,47.80800000000001,12,0.2,15.537599999999998,0
4069,CA-2014-102673,2014-11-01,2014-11-05,Standard Class,KH-16630,Ken Heidel,Corporate,United States,Charlotte,North Carolina,28205,South,TEC-PH-10004434,Technology,Phones,Cisco IP Phone 7961G VoIP phone - Dark gray,978.8399999999999,9,0.2,110.1194999999999,0
4159,CA-2014-126907,2014-11-01,2014-11-08,Standard Class,SM-20950,Suzanne McNair,Corporate,United States,Chicago,Illinois,60610,Central,OFF-PA-10000533,Office Supplies,Paper,Southworth Parchment Paper & Envelopes,15.696000000000002,3,0.2,5.1011999999999995,0
4281,CA-2014-166989,2014-11-14,2014-11-18,Standard Class,RM-19675,Robert Marley,Home Office,United States,New York City,New York,10011,East,OFF-PA-10004470,Office Supplies,Paper,"Adams Write n' Stick Phone Message Book, 11"" X 5 1/4"", 200 Messages",11.36,2,0.0,5.225599999999999,0
4310,CA-2014-125829,2014-11-04,2014-11-11,Standard Class,WB-21850,William Brown,Consumer,United States,Los Angeles,California,90045,West,FUR-TA-10002041,Furniture,Tables,"Bevis Round Conference Table Top, X-Base",573.728,4,0.2,-64.54439999999997,0
4311,CA-2014-125829,2014-11-04,2014-11-11,Standard Class,WB-21850,William Brown,Consumer,United States,Los Angeles,California,90045,West,OFF-BI-10001036,Office Supplies,Binders,Cardinal EasyOpen D-Ring Binders,21.936000000000003,3,0.2,8.225999999999999,0
4417,CA-2014-153983,2014-11-29,2014-12-06,Standard Class,AH-10210,Alan Hwang,Consumer,United States,San Francisco,California,94122,West,OFF-FA-10003495,Office Supplies,Fasteners,Staples,30.4,5,0.0,15.2,0
4445,US-2014-147704,2014-11-16,2014-11-21,Standard Class,SR-20740,Steven Roelle,Home Office,United States,Bloomington,Indiana,47401,Central,OFF-EN-10004483,Office Supplies,Envelopes,"#10 White Business Envelopes,4 1/8 x 9 1/2",78.35,5,0.0,36.82449999999999,0
4447,US-2014-147704,2014-11-16,2014-11-21,Standard Class,SR-20740,Steven Roelle,Home Office,United States,Bloomington,Indiana,47401,Central,OFF-BI-10001634,Office Supplies,Binders,Wilson Jones Active Use Binders,29.12,4,0.0,14.2688,0
4499,CA-2014-103401,2014-11-21,2014-11-26,Standard Class,GR-14560,Georgia Rosenberg,Corporate,United States,San Francisco,California,94110,West,OFF-PA-10003309,Office Supplies,Paper,Xerox 211,12.96,2,0.0,6.2208000000000006,0
4525,CA-2014-107454,2014-11-02,2014-11-06,Standard Class,RD-19720,Roger Demir,Consumer,United States,New York City,New York,10024,East,FUR-FU-10004018,Furniture,Furnishings,Tensor Computer Mounted Lamp,89.34,6,0.0,24.121800000000004,0
4728,CA-2014-119151,2014-11-25,2014-11-29,Second Class,MP-18175,Mike Pelletier,Home Office,United States,New York City,New York,10009,East,FUR-BO-10003159,Furniture,Bookcases,"Sauder Camden County Collection Libraries, Planked Cherry Finish",275.952,3,0.2,-37.943400000000025,0
4729,CA-2014-123323,2014-11-07,2014-11-12,Standard Class,LH-16900,Lena Hernandez,Consumer,United States,San Francisco,California,94110,West,OFF-BI-10003684,Office Supplies,Binders,Wilson Jones Legal Size Ring Binders,123.14399999999999,7,0.2,46.17899999999999,0
4759,CA-2014-121573,2014-11-03,2014-11-07,Standard Class,SG-20605,Speros Goranitis,Consumer,United States,New York City,New York,10009,East,TEC-PH-10000984,Technology,Phones,Panasonic KX-TG9471B,783.96,4,0.0,219.50880000000006,0
4760,CA-2014-121573,2014-11-03,2014-11-07,Standard Class,SG-20605,Speros Goranitis,Consumer,United States,New York City,New York,10009,East,OFF-BI-10000666,Office Supplies,Binders,Surelock Post Binders,48.896,2,0.2,18.336,0
4783,CA-2014-159310,2014-11-07,2014-11-12,Standard Class,SC-20725,Steven Cartwright,Consumer,United States,Houston,Texas,77070,Central,OFF-SU-10004115,Office Supplies,Supplies,Acme Stainless Steel Office Snips,40.711999999999996,7,0.2,3.5623000000000022,0
4829,CA-2014-152562,2014-11-01,2014-11-08,Standard Class,JO-15145,Jack O'Briant,Corporate,United States,Richmond,Kentucky,40475,South,OFF-AR-10001919,Office Supplies,Art,"OIC #2 Pencils, Medium Soft",5.64,3,0.0,1.6355999999999997,0
4831,CA-2014-120278,2014-11-07,2014-11-12,Standard Class,MS-17365,Maribeth Schnelling,Consumer,United States,Wausau,Wisconsin,54401,Central,OFF-AP-10001293,Office Supplies,Appliances,Belkin 8 Outlet Surge Protector,245.88,6,0.0,68.84639999999999,0
4908,CA-2014-133809,2014-11-18,2014-11-23,Second Class,MS-17530,MaryBeth Skach,Consumer,United States,Fairfield,Ohio,45014,East,OFF-BI-10001757,Office Supplies,Binders,Pressboard Hanging Data Binders for Unburst Sheets,11.808000000000002,8,0.7,-8.659200000000002,0
4909,CA-2014-133809,2014-11-18,2014-11-23,Second Class,MS-17530,MaryBeth Skach,Consumer,United States,Fairfield,Ohio,45014,East,TEC-PH-10004875,Technology,Phones,PNY Rapid USB Car Charger - Black,9.588,2,0.4,-2.0774,0
4983,CA-2014-160066,2014-11-16,2014-11-22,Standard Class,AH-10075,Adam Hart,Corporate,United States,Huntington Beach,California,92646,West,OFF-LA-10001045,Office Supplies,Labels,Permanent Self-Adhesive File Folder Labels for Typewriters by Universal,5.22,2,0.0,2.4012,0
5019,CA-2014-127558,2014-11-15,2014-11-18,First Class,SS-20410,Shahid Shariari,Consumer,United States,Los Angeles,California,90008,West,TEC-AC-10003832,Technology,Accessories,Logitech P710e Mobile Speakerphone,772.47,3,0.0,146.76929999999993,0
5020,CA-2014-127558,2014-11-15,2014-11-18,First Class,SS-20410,Shahid Shariari,Consumer,United States,Los Angeles,California,90008,West,OFF-SU-10002537,Office Supplies,Supplies,Acme Box Cutter Scissors,20.46,2,0.0,5.319600000000001,0
5170,CA-2014-121006,2014-11-10,2014-11-16,Standard Class,SC-20020,Sam Craven,Consumer,United States,Midland,Michigan,48640,Central,OFF-ST-10001490,Office Supplies,Storage,"Hot File 7-Pocket, Floor Stand",535.41,3,0.0,160.62299999999993,0
5194,CA-2014-101560,2014-11-28,2014-12-01,Second Class,CS-12250,Chris Selesnick,Corporate,United States,Columbia,South Carolina,29203,South,OFF-PA-10001363,Office Supplies,Paper,Xerox 1933,85.96,7,0.0,40.401199999999996,0
5196,CA-2014-101560,2014-11-28,2014-12-01,Second Class,CS-12250,Chris Selesnick,Corporate,United States,Columbia,South Carolina,29203,South,OFF-BI-10000309,Office Supplies,Binders,"GBC Twin Loop Wire Binding Elements, 9/16"" Spine, Black",45.660000000000004,3,0.0,22.3734,0
5304,US-2014-139500,2014-11-16,2014-11-20,Standard Class,AB-10165,Alan Barnes,Consumer,United States,Decatur,Illinois,62521,Central,FUR-CH-10002017,Furniture,Chairs,SAFCO Optional Arm Kit for Workspace Cribbage Stacking Chair,37.296,2,0.3,-1.0656000000000017,0
5344,US-2014-168501,2014-11-21,2014-11-27,Standard Class,JK-15325,Jason Klamczynski,Corporate,United States,Dallas,Texas,75220,Central,TEC-PH-10004922,Technology,Phones,RCA Visys Integrated PBX 8-Line Router,267.96,5,0.2,16.747500000000016,0
5392,US-2014-123183,2014-11-19,2014-11-25,Standard Class,GR-14560,Georgia Rosenberg,Corporate,United States,Wilmington,Delaware,19805,East,OFF-LA-10002787,Office Supplies,Labels,Avery 480,22.5,6,0.0,10.799999999999999,0
5395,US-2014-123183,2014-11-19,2014-11-25,Standard Class,GR-14560,Georgia Rosenberg,Corporate,United States,Wilmington,Delaware,19805,East,FUR-BO-10000362,Furniture,Bookcases,Sauder Inglewood Library Bookcases,1025.8799999999999,6,0.0,235.9524,0
5494,CA-2014-105249,2014-11-28,2014-11-28,Same Day,DH-13675,Duane Huffman,Home Office,United States,San Francisco,California,94122,West,OFF-LA-10002043,Office Supplies,Labels,Avery 489,41.4,4,0.0,19.872,0
5495,CA-2014-105249,2014-11-28,2014-11-28,Same Day,DH-13675,Duane Huffman,Home Office,United States,San Francisco,California,94122,West,FUR-BO-10000330,Furniture,Bookcases,"Sauder Camden County Barrister Bookcase, Planked Cherry Finish",411.332,4,0.15,-4.839199999999977,0
5549,CA-2014-159800,2014-11-28,2014-12-01,First Class,SG-20470,Sheri Gordon,Consumer,United States,San Francisco,California,94109,West,OFF-AP-10004859,Office Supplies,Appliances,Acco 6 Outlet Guardian Premium Surge Suppressor,43.68,3,0.0,11.793600000000001,0
5552,US-2014-159618,2014-11-12,2014-11-16,Standard Class,DB-12970,Darren Budd,Corporate,United States,Houston,Texas,77036,Central,OFF-SU-10000432,Office Supplies,Supplies,Acco Side-Punched Conventional Columnar Pads,16.656000000000002,6,0.2,-3.123000000000002,0
5553,US-2014-159618,2014-11-12,2014-11-16,Standard Class,DB-12970,Darren Budd,Corporate,United States,Houston,Texas,77036,Central,TEC-AC-10003832,Technology,Accessories,Imation 16GB Mini TravelDrive USB 2.0 Flash Drive,79.51200000000001,3,0.2,20.8719,0
5555,US-2014-159618,2014-11-12,2014-11-16,Standard Class,DB-12970,Darren Budd,Corporate,United States,Houston,Texas,77036,Central,FUR-BO-10004467,Furniture,Bookcases,Bestar Classic Bookcase,67.99319999999999,1,0.32,-12.998700000000007,0
5654,US-2014-134187,2014-11-04,2014-11-11,Standard Class,TH-21235,Tiffany House,Corporate,United States,Long Beach,California,90805,West,OFF-AR-10000940,Office Supplies,Art,Newell 343,2.94,1,0.0,0.7938000000000001,0
5766,US-2014-126340,2014-11-08,2014-11-14,Standard Class,EB-13870,Emily Burns,Consumer,United States,Redding,California,96003,West,TEC-PH-10004447,Technology,Phones,Toshiba IPT2010-SD IP Telephone,333.576,3,0.2,25.018199999999993,0
5780,CA-2014-105270,2014-11-11,2014-11-18,Standard Class,AP-10915,Arthur Prichep,Consumer,United States,Los Angeles,California,90008,West,FUR-CH-10000988,Furniture,Chairs,Hon Olson Stacker Stools,112.64800000000001,1,0.2,11.264799999999997,0
5816,CA-2014-124730,2014-11-26,2014-11-26,Same Day,LS-17245,Lynn Smith,Consumer,United States,Utica,New York,13501,East,TEC-PH-10002170,Technology,Phones,ClearSounds CSC500 Amplified Spirit Phone Corded phone,279.96,4,0.0,78.3888,0
5818,CA-2014-124730,2014-11-26,2014-11-26,Same Day,LS-17245,Lynn Smith,Consumer,United States,Utica,New York,13501,East,OFF-BI-10001031,Office Supplies,Binders,Pressboard Data Binders by Wilson Jones,17.088,4,0.2,5.767199999999999,0
5819,CA-2014-124730,2014-11-26,2014-11-26,Same Day,LS-17245,Lynn Smith,Consumer,United States,Utica,New York,13501,East,OFF-LA-10001158,Office Supplies,Labels,"Avery Address/Shipping Labels for Typewriters, 4"" x 2""",93.14999999999999,9,0.0,44.712,0
5820,CA-2014-124730,2014-11-26,2014-11-26,Same Day,LS-17245,Lynn Smith,Consumer,United States,Utica,New York,13501,East,OFF-LA-10001613,Office Supplies,Labels,Avery File Folder Labels,11.52,4,0.0,5.6448,0
5955,CA-2014-155796,2014-11-11,2014-11-15,Second Class,TS-21430,Tom Stivers,Corporate,United States,Reading,Pennsylvania,19601,East,FUR-FU-10000409,Furniture,Furnishings,"GE 4 Foot Flourescent Tube, 40 Watt",23.968000000000004,2,0.2,7.7896,0
5962,CA-2014-140732,2014-11-11,2014-11-13,Second Class,MA-17560,Matt Abelman,Home Office,United States,Los Angeles,California,90004,West,TEC-PH-10001425,Technology,Phones,Mophie Juice Pack Helium for iPhone,575.928,9,0.2,57.59279999999998,0
5964,CA-2014-140732,2014-11-11,2014-11-13,Second Class,MA-17560,Matt Abelman,Home Office,United States,Los Angeles,California,90004,West,OFF-PA-10003625,Office Supplies,Paper,Xerox 1979,123.92,4,0.0,55.763999999999996,0
6266,CA-2014-146731,2014-11-03,2014-11-08,Standard Class,AT-10735,Annie Thurman,Consumer,United States,Nashville,Tennessee,37211,South,OFF-PA-10000141,Office Supplies,Paper,"Ampad Evidence Wirebond Steno Books, 6"" x 9""",3.4880000000000004,2,0.2,1.1771999999999998,0
6267,CA-2014-146731,2014-11-03,2014-11-08,Standard Class,AT-10735,Annie Thurman,Consumer,United States,Nashville,Tennessee,37211,South,OFF-PA-10001019,Office Supplies,Paper,Xerox 1884,143.85600000000002,9,0.2,48.551399999999994,0
6316,CA-2014-100762,2014-11-24,2014-11-29,Standard Class,NG-18355,Nat Gilpin,Corporate,United States,Jackson,Michigan,49201,Central,OFF-LA-10003930,Office Supplies,Labels,"Dot Matrix Printer Tape Reel Labels, White, 5000/Box",196.62,2,0.0,96.3438,0
6430,CA-2014-165764,2014-11-03,2014-11-07,Standard Class,SH-20395,Shahid Hopkins,Consumer,United States,Jacksonville,North Carolina,28540,South,OFF-ST-10001558,Office Supplies,Storage,Acco Perma 4000 Stacking Storage Drawers,25.983999999999998,2,0.2,-1.6239999999999997,0
6431,CA-2014-165764,2014-11-03,2014-11-07,Standard Class,SH-20395,Shahid Hopkins,Consumer,United States,Jacksonville,North Carolina,28540,South,FUR-TA-10001768,Furniture,Tables,Hon Racetrack Conference Tables,945.0360000000001,6,0.4,-299.2614000000001,0
6502,CA-2014-129147,2014-11-02,2014-11-06,Standard Class,LC-17050,Liz Carlisle,Consumer,United States,Medina,Ohio,44256,East,TEC-PH-10001299,Technology,Phones,Polycom CX300 Desktop Phone USB VoIP phone,539.9639999999999,6,0.4,-107.99280000000002,0
6503,CA-2014-129147,2014-11-02,2014-11-06,Standard Class,LC-17050,Liz Carlisle,Consumer,United States,Medina,Ohio,44256,East,TEC-PH-10001552,Technology,Phones,I Need's 3d Hello Kitty Hybrid Silicone Case Cover for HTC One X 4g with 3d Hello Kitty Stylus Pen Green/pink,50.232,7,0.4,-10.046400000000002,0
6536,CA-2014-128209,2014-11-17,2014-11-22,Standard Class,GT-14710,Greg Tran,Consumer,United States,Buffalo,New York,14215,East,FUR-BO-10002213,Furniture,Bookcases,DMI Eclipse Executive Suite Bookcases,4007.8400000000006,10,0.2,-50.0980000000003,0
6684,CA-2014-109134,2014-11-05,2014-11-10,Standard Class,DE-13255,Deanra Eno,Home Office,United States,Los Angeles,California,90008,West,FUR-FU-10000320,Furniture,Furnishings,OIC Stacking Trays,20.04,6,0.0,8.817600000000002,0
6806,CA-2014-125682,2014-11-22,2014-11-25,First Class,RB-19645,Robert Barroso,Corporate,United States,Atlanta,Georgia,30318,South,OFF-PA-10001752,Office Supplies,Paper,Hammermill CopyPlus Copy Paper (20Lb. and 84 Bright),9.96,2,0.0,4.880400000000001,0
6981,CA-2014-146990,2014-11-07,2014-11-08,First Class,BP-11095,Bart Pistole,Corporate,United States,New York City,New York,10024,East,OFF-FA-10000611,Office Supplies,Fasteners,Binder Clips by OIC,5.92,4,0.0,2.8415999999999997,0
7101,CA-2014-159625,2014-11-23,2014-11-28,Standard Class,SM-20005,Sally Matthias,Consumer,United States,Scottsdale,Arizona,85254,West,OFF-EN-10002621,Office Supplies,Envelopes,Staple envelope,23.472,3,0.2,8.801999999999998,0
7143,CA-2014-122217,2014-11-24,2014-11-29,Standard Class,HP-14815,Harold Pawlan,Home Office,United States,Virginia Beach,Virginia,23464,South,FUR-FU-10002045,Furniture,Furnishings,"Executive Impressions 14""",111.15,5,0.0,48.906000000000006,0
7266,US-2014-143721,2014-11-23,2014-11-26,Second Class,DK-12835,Damala Kotsonis,Corporate,United States,Houston,Texas,77095,Central,FUR-CH-10001973,Furniture,Chairs,Office Star Flex Back Scooter Chair with White Frame,155.37199999999999,2,0.3,-35.5136,0
7277,CA-2014-120670,2014-11-02,2014-11-06,Standard Class,JK-16120,Julie Kriz,Home Office,United States,Fort Lauderdale,Florida,33311,South,TEC-AC-10004171,Technology,Accessories,Razer Kraken 7.1 Surround Sound Over Ear USB Gaming Headset,799.9200000000001,10,0.2,239.976,0
7301,CA-2014-163468,2014-11-18,2014-11-21,First Class,JK-15730,Joe Kamberova,Consumer,United States,Des Plaines,Illinois,60016,Central,FUR-BO-10003546,Furniture,Bookcases,Hon 4-Shelf Metal Bookcases,424.116,6,0.3,-30.293999999999983,0
7302,CA-2014-163468,2014-11-18,2014-11-21,First Class,JK-15730,Joe Kamberova,Consumer,United States,Des Plaines,Illinois,60016,Central,OFF-BI-10004728,Office Supplies,Binders,Wilson Jones Turn Tabs Binder Tool for Ring Binders,2.8919999999999995,3,0.8,-4.916400000000001,0
7507,CA-2014-115889,2014-11-02,2014-11-06,Standard Class,SH-20395,Shahid Hopkins,Consumer,United States,San Francisco,California,94122,West,TEC-PH-10001615,Technology,Phones,AT&T CL82213,46.384,2,0.2,5.218199999999992,0
7551,CA-2014-140396,2014-11-20,2014-11-25,Standard Class,KH-16330,Katharine Harms,Corporate,United States,New York City,New York,10024,East,OFF-EN-10002592,Office Supplies,Envelopes,"Peel & Seel Recycled Catalog Envelopes, Brown",34.74,3,0.0,17.37,0
7552,CA-2014-140396,2014-11-20,2014-11-25,Standard Class,KH-16330,Katharine Harms,Corporate,United States,New York City,New York,10024,East,TEC-PH-10004447,Technology,Phones,Toshiba IPT2010-SD IP Telephone,833.94,6,0.0,216.8244,0
7553,CA-2014-140396,2014-11-20,2014-11-25,Standard Class,KH-16330,Katharine Harms,Corporate,United States,New York City,New York,10024,East,OFF-BI-10003669,Office Supplies,Binders,3M Organizer Strips,12.96,3,0.2,4.536,0
7554,CA-2014-140396,2014-11-20,2014-11-25,Standard Class,KH-16330,Katharine Harms,Corporate,United States,New York City,New York,10024,East,OFF-PA-10000223,Office Supplies,Paper,Xerox 2000,25.92,4,0.0,12.441600000000001,0
7559,US-2014-137155,2014-11-01,2014-11-05,Standard Class,DL-12925,Daniel Lacy,Consumer,United States,Long Beach,New York,11561,East,OFF-AP-10002518,Office Supplies,Appliances,Kensington 7 Outlet MasterPiece Power Center,533.9399999999999,3,0.0,154.84259999999995,0
7561,US-2014-137155,2014-11-01,2014-11-05,Standard Class,DL-12925,Daniel Lacy,Consumer,United States,Long Beach,New York,11561,East,FUR-FU-10003142,Furniture,Furnishings,"Master Big Foot Doorstop, Beige",31.68,6,0.0,9.820799999999998,0
7616,CA-2014-148425,2014-11-30,2014-12-04,Standard Class,RF-19345,Randy Ferguson,Corporate,United States,Orlando,Florida,32839,South,OFF-BI-10000201,Office Supplies,Binders,"Avery Triangle Shaped Sheet Lifters, Black, 2/Pack",6.642000000000001,9,0.7,-4.427999999999999,0
7621,US-2014-144078,2014-11-25,2014-11-29,Standard Class,RB-19435,Richard Bierner,Consumer,United States,Los Angeles,California,90004,West,TEC-PH-10001580,Technology,Phones,Logitech Mobile Speakerphone P710e - speaker phone,539.92,5,0.2,47.24299999999997,0
7622,US-2014-144078,2014-11-25,2014-11-29,Standard Class,RB-19435,Richard Bierner,Consumer,United States,Los Angeles,California,90004,West,FUR-CH-10002335,Furniture,Chairs,Hon GuestStacker Chair,725.344,4,0.2,54.400800000000004,0
7740,CA-2014-154781,2014-11-21,2014-11-26,Standard Class,SC-20680,Steve Carroll,Home Office,United States,San Francisco,California,94110,West,OFF-PA-10001609,Office Supplies,Paper,Tops Wirebound Message Log Books,6.58,2,0.0,3.0267999999999997,0
8138,CA-2014-103219,2014-11-09,2014-11-13,Standard Class,BF-11215,Benjamin Farhat,Home Office,United States,New York City,New York,10035,East,FUR-FU-10004091,Furniture,Furnishings,"Eldon 200 Class Desk Accessories, Black",56.52,9,0.0,21.477600000000002,0
8389,CA-2014-139423,2014-11-01,2014-11-05,Standard Class,DG-13300,Deirdre Greer,Corporate,United States,Orange,New Jersey,7050,East,OFF-AP-10004708,Office Supplies,Appliances,Fellowes Superior 10 Outlet Split Surge Protector,76.12,2,0.0,22.074799999999996,0
8602,CA-2014-141110,2014-11-26,2014-12-01,Standard Class,LS-17200,Luke Schmidt,Corporate,United States,Fresno,California,93727,West,OFF-BI-10001553,Office Supplies,Binders,SpineVue Locking Slant-D Ring Binders by Cardinal,7.312000000000001,1,0.2,2.5591999999999997,0
8710,CA-2014-119144,2014-11-16,2014-11-18,First Class,JD-16150,Justin Deggeller,Corporate,United States,Los Angeles,California,90008,West,FUR-BO-10004015,Furniture,Bookcases,"Bush Andora Bookcase, Maple/Graphite Gray Finish",305.9745,3,0.15,25.19789999999997,0
8711,CA-2014-119144,2014-11-16,2014-11-18,First Class,JD-16150,Justin Deggeller,Corporate,United States,Los Angeles,California,90008,West,OFF-ST-10000991,Office Supplies,Storage,Space Solutions HD Industrial Steel Shelving.,344.90999999999997,3,0.0,10.347300000000004,0
8844,CA-2014-141173,2014-11-18,2014-11-20,Second Class,JC-16105,Julie Creighton,Corporate,United States,Minneapolis,Minnesota,55407,Central,OFF-ST-10000885,Office Supplies,Storage,Fellowes Desktop Hanging File Manager,67.15,5,0.0,16.7875,0
8973,US-2014-149034,2014-11-19,2014-11-21,First Class,RD-19900,Ruben Dartt,Consumer,United States,Philadelphia,Pennsylvania,19120,East,TEC-AC-10003023,Technology,Accessories,Logitech G105 Gaming Keyboard,47.496,1,0.2,-1.187400000000002,0
9078,US-2014-124625,2014-11-03,2014-11-07,Standard Class,SP-20650,Stephanie Phelps,Corporate,United States,Omaha,Nebraska,68104,Central,TEC-AC-10003280,Technology,Accessories,Belkin F8E887 USB Wired Ergonomic Keyboard,89.97,3,0.0,18.893699999999995,0
9285,CA-2014-161032,2014-11-18,2014-11-23,Standard Class,MK-17905,Michael Kennedy,Corporate,United States,Franklin,Wisconsin,53132,Central,FUR-CH-10001482,Furniture,Chairs,Office Star - Mesh Screen back chair with Vinyl seat,392.93999999999994,3,0.0,43.223399999999984,0
9614,CA-2014-128524,2014-11-11,2014-11-13,First Class,MZ-17515,Mary Zewe,Corporate,United States,Seattle,Washington,98115,West,OFF-AP-10002892,Office Supplies,Appliances,Belkin F5C206VTEL 6 Outlet Surge,22.98,1,0.0,6.893999999999998,0
9628,CA-2014-139283,2014-11-23,2014-11-27,Standard Class,BT-11440,Bobby Trafton,Consumer,United States,Detroit,Michigan,48227,Central,OFF-BI-10002049,Office Supplies,Binders,UniKeep View Case Binders,14.669999999999998,3,0.0,6.748199999999999,0
9638,CA-2014-124702,2014-11-18,2014-11-25,Standard Class,MH-17785,Maya Herman,Corporate,United States,Seattle,Washington,98105,West,FUR-TA-10003008,Furniture,Tables,"Lesro Round Back Collection Coffee Table, End Table",730.2,4,0.0,94.92600000000004,0
9648,CA-2014-150518,2014-11-19,2014-11-24,Standard Class,MW-18220,Mitch Webber,Consumer,United States,Coon Rapids,Minnesota,55433,Central,OFF-ST-10000877,Office Supplies,Storage,Recycled Steel Personal File for Standard File Folders,221.16,4,0.0,57.501599999999996,0
9677,US-2014-120175,2014-11-28,2014-12-03,Standard Class,MC-17635,Matthew Clasen,Corporate,United States,Richmond,Indiana,47374,Central,OFF-EN-10003862,Office Supplies,Envelopes,Laser & Ink Jet Business Envelopes,64.02,6,0.0,29.449199999999998,0
9713,CA-2014-114251,2014-11-05,2014-11-10,Standard Class,MD-17350,Maribeth Dona,Consumer,United States,Philadelphia,Pennsylvania,19143,East,OFF-ST-10003716,Office Supplies,Storage,Tennsco Double-Tier Lockers,1080.096,6,0.2,-94.5084,0
9714,CA-2014-114251,2014-11-05,2014-11-10,Standard Class,MD-17350,Maribeth Dona,Consumer,United States,Philadelphia,Pennsylvania,19143,East,TEC-AC-10001101,Technology,Accessories,Sony 16GB Class 10 Micro SDHC R40 Memory Card,51.56,5,0.2,-6.445000000000002,0
9715,CA-2014-114251,2014-11-05,2014-11-10,Standard Class,MD-17350,Maribeth Dona,Consumer,United States,Philadelphia,Pennsylvania,19143,East,TEC-AC-10004864,Technology,Accessories,Memorex Micro Travel Drive 32 GB,58.416,2,0.2,16.794600000000003,0
9748,US-2014-140914,2014-11-11,2014-11-15,Standard Class,BH-11710,Brosina Hoffman,Consumer,United States,Chicago,Illinois,60653,Central,FUR-FU-10000175,Furniture,Furnishings,DAX Wood Document Frame.,10.984000000000002,2,0.6,-7.9634,0
9749,US-2014-140914,2014-11-11,2014-11-15,Standard Class,BH-11710,Brosina Hoffman,Consumer,United States,Chicago,Illinois,60653,Central,FUR-CH-10003379,Furniture,Chairs,Global Commerce Series High-Back Swivel/Tilt Chairs,797.944,4,0.3,-56.99599999999998,0
9787,US-2014-114377,2014-11-05,2014-11-05,Same Day,BG-11035,Barry Gonzalez,Consumer,United States,Hampton,Virginia,23666,South,FUR-CH-10004754,Furniture,Chairs,"Global Stack Chair with Arms, Black",149.9,5,0.0,40.473,0
9869,CA-2014-114195,2014-11-01,2014-11-03,First Class,EA-14035,Erin Ashbrook,Corporate,United States,Mason,Ohio,45040,East,FUR-FU-10002253,Furniture,Furnishings,"Howard Miller 13"" Diameter Pewter Finish Round Wall Clock",68.704,2,0.2,16.317200000000003,0
9870,CA-2014-114195,2014-11-01,2014-11-03,First Class,EA-14035,Erin Ashbrook,Corporate,United States,Mason,Ohio,45040,East,OFF-BI-10000494,Office Supplies,Binders,Acco Economy Flexible Poly Round Ring Binder,3.132,2,0.7,-2.6099999999999994,0
9957,US-2014-143287,2014-11-11,2014-11-17,Standard Class,KN-16705,Kristina Nunn,Home Office,United States,New Rochelle,New York,10801,East,OFF-PA-10001776,Office Supplies,Paper,"Wirebound Message Books, Four 2 3/4"" x 5"" Forms per Page, 600 Sets per Book",46.349999999999994,5,0.0,21.784499999999998,0
