Row ID,Order ID,Order Date,Ship Date,Ship Mode,Customer ID,Customer Name,Segment,Country,City,State,Postal Code,Region,Product ID,Category,Sub-Category,Product Name,Sales,Quantity,Discount,Profit,Data_origen
47,CA-2014-146703,2014-10-20,2014-10-25,Second Class,PO-18865,Patrick O'Donnell,Consumer,United States,Westland,Michigan,48185,Central,OFF-ST-10001713,Office Supplies,Storage,"Gould Plastics 9-Pocket Panel Bin, 18-3/8w x 5-1/4d x 20-1/2h, Black",211.96,4,0.0,8.478399999999993,0
82,CA-2014-139451,2014-10-12,2014-10-16,Standard Class,DN-13690,Duane Noonan,Consumer,United States,San Francisco,California,94122,West,OFF-AR-10002053,Office Supplies,Art,"Premium Writing Pencils, Soft, #2 by Central Association for the Blind",14.9,5,0.0,4.172000000000001,0
83,CA-2014-139451,2014-10-12,2014-10-16,Standard Class,DN-13690,Duane Noonan,Consumer,United States,San Francisco,California,94122,West,OFF-ST-10002370,Office Supplies,Storage,"Sortfiler Multipurpose Personal File Organizer, Black",21.39,1,0.0,6.203099999999999,0
488,CA-2014-154627,2014-10-29,2014-10-31,First Class,SA-20830,Sue Ann Reed,Consumer,United States,Chicago,Illinois,60610,Central,TEC-PH-10001363,Technology,Phones,Apple iPhone 5S,2735.952,6,0.2,341.9939999999997,0
724,CA-2014-117429,2014-10-07,2014-10-13,Standard Class,MR-17545,Mathew Reese,Home Office,United States,Philadelphia,Pennsylvania,19140,East,FUR-FU-10000222,Furniture,Furnishings,"Seth Thomas 16"" Steel Case Clock",129.92,5,0.2,21.112000000000002,0
810,CA-2014-151995,2014-10-13,2014-10-15,First Class,ZC-21910,Zuschuss Carroll,Consumer,United States,Edmonds,Washington,98026,West,OFF-AR-10003190,Office Supplies,Art,Newell 32,11.52,4,0.0,3.2256,0
811,CA-2014-151995,2014-10-13,2014-10-15,First Class,ZC-21910,Zuschuss Carroll,Consumer,United States,Edmonds,Washington,98026,West,FUR-TA-10002903,Furniture,Tables,"Bevis Round Bullnose 29"" High Table Top",1298.55,5,0.0,311.652,0
813,CA-2014-151995,2014-10-13,2014-10-15,First Class,ZC-21910,Zuschuss Carroll,Consumer,United States,Edmonds,Washington,98026,West,TEC-AC-10001101,Technology,Accessories,Sony 16GB Class 10 Micro SDHC R40 Memory Card,25.78,2,0.0,2.5779999999999994,0
1594,CA-2014-117317,2014-10-19,2014-10-19,Same Day,JF-15490,Jeremy Farry,Consumer,United States,Los Angeles,California,90032,West,OFF-PA-10004519,Office Supplies,Paper,Spiral Phone Message Books with Labels by Adams,13.440000000000001,3,0.0,6.585600000000001,0
1976,CA-2014-110408,2014-10-18,2014-10-20,Second Class,AS-10225,Alan Schoenberger,Corporate,United States,Montgomery,Alabama,36116,South,OFF-ST-10001522,Office Supplies,Storage,"Gould Plastics 18-Pocket Panel Bin, 34w x 5-1/4d x 20-1/2h",275.96999999999997,3,0.0,11.03879999999998,0
2060,CA-2014-106439,2014-10-31,2014-11-04,Standard Class,GG-14650,Greg Guthrie,Corporate,United States,Los Angeles,California,90049,West,OFF-FA-10002975,Office Supplies,Fasteners,Staples,11.34,3,0.0,5.2164,0
2062,CA-2014-106439,2014-10-31,2014-11-04,Standard Class,GG-14650,Greg Guthrie,Corporate,United States,Los Angeles,California,90049,West,OFF-BI-10002571,Office Supplies,Binders,"Avery Framed View Binder, EZD Ring (Locking), Navy, 1 1/2""",15.968000000000002,2,0.2,5.389199999999999,0
2063,CA-2014-106439,2014-10-31,2014-11-04,Standard Class,GG-14650,Greg Guthrie,Corporate,United States,Los Angeles,California,90049,West,OFF-PA-10000477,Office Supplies,Paper,Xerox 1952,64.74000000000001,13,0.0,30.427800000000005,0
2065,CA-2014-106439,2014-10-31,2014-11-04,Standard Class,GG-14650,Greg Guthrie,Corporate,United States,Los Angeles,California,90049,West,OFF-ST-10001963,Office Supplies,Storage,Tennsco Regal Shelving Units,405.64,4,0.0,12.16919999999999,0
2066,CA-2014-106439,2014-10-31,2014-11-04,Standard Class,GG-14650,Greg Guthrie,Corporate,United States,Los Angeles,California,90049,West,FUR-CH-10003833,Furniture,Chairs,Novimex Fabric Task Chair,146.352,3,0.2,-9.147000000000006,0
2067,CA-2014-106439,2014-10-31,2014-11-04,Standard Class,GG-14650,Greg Guthrie,Corporate,United States,Los Angeles,California,90049,West,TEC-AC-10004568,Technology,Accessories,Maxell LTO Ultrium - 800 GB,251.91,9,0.0,47.86289999999998,0
2276,CA-2014-157882,2014-10-03,2014-10-08,Second Class,AR-10405,Allen Rosenblatt,Corporate,United States,Los Angeles,California,90036,West,FUR-CH-10002774,Furniture,Chairs,"Global Deluxe Stacking Chair, Gray",122.352,3,0.2,13.764599999999994,0
2725,CA-2014-153479,2014-10-04,2014-10-08,Standard Class,DF-13135,David Flashing,Consumer,United States,Vallejo,California,94591,West,OFF-BI-10002867,Office Supplies,Binders,GBC Recycled Regency Composition Covers,95.64800000000001,2,0.2,31.08559999999999,0
3008,CA-2014-130729,2014-10-24,2014-10-29,Standard Class,AA-10375,Allen Armold,Consumer,United States,Rancho Cucamonga,California,91730,West,OFF-BI-10002706,Office Supplies,Binders,Avery Premier Heavy-Duty Binder with Round Locking Rings,34.272,3,0.2,11.138399999999999,0
3223,CA-2014-108189,2014-10-02,2014-10-05,First Class,ES-14080,Erin Smith,Corporate,United States,Tempe,Arizona,85281,West,OFF-PA-10001838,Office Supplies,Paper,"Adams Telephone Message Book W/Dividers/Space For Phone Numbers, 5 1/4""X8 1/2"", 300/Messages",9.408,2,0.2,3.4103999999999997,0
3224,CA-2014-108189,2014-10-02,2014-10-05,First Class,ES-14080,Erin Smith,Corporate,United States,Tempe,Arizona,85281,West,OFF-FA-10000735,Office Supplies,Fasteners,Staples,4.672,2,0.2,1.4599999999999997,0
3228,CA-2014-108189,2014-10-02,2014-10-05,First Class,ES-14080,Erin Smith,Corporate,United States,Tempe,Arizona,85281,West,TEC-PH-10001557,Technology,Phones,Pyle PMP37LED,230.376,3,0.2,20.15789999999999,0
3266,US-2014-126571,2014-10-11,2014-10-15,Standard Class,JF-15565,Jill Fjeld,Consumer,United States,Philadelphia,Pennsylvania,19120,East,OFF-ST-10003816,Office Supplies,Storage,Fellowes High-Stak Drawer Files,281.904,2,0.2,10.571399999999983,0
3267,US-2014-126571,2014-10-11,2014-10-15,Standard Class,JF-15565,Jill Fjeld,Consumer,United States,Philadelphia,Pennsylvania,19120,East,OFF-EN-10002230,Office Supplies,Envelopes,Airmail Envelopes,201.43200000000002,3,0.2,67.98329999999999,0
3745,CA-2014-113047,2014-10-24,2014-10-24,Same Day,AP-10915,Arthur Prichep,Consumer,United States,Rock Hill,South Carolina,29730,South,OFF-FA-10002763,Office Supplies,Fasteners,Advantus Map Pennant Flags and Round Head Tacks,11.850000000000001,3,0.0,3.7919999999999994,0
3843,CA-2014-101931,2014-10-28,2014-10-31,First Class,TS-21370,Todd Sumrall,Corporate,United States,Los Angeles,California,90049,West,OFF-BI-10004140,Office Supplies,Binders,Avery Non-Stick Binders,7.184000000000001,2,0.2,2.244999999999999,0
3844,CA-2014-101931,2014-10-28,2014-10-31,First Class,TS-21370,Todd Sumrall,Corporate,United States,Los Angeles,California,90049,West,OFF-SU-10002301,Office Supplies,Supplies,Serrated Blade or Curved Handle Hand Letter Openers,6.28,2,0.0,0.06280000000000019,0
3845,CA-2014-101931,2014-10-28,2014-10-31,First Class,TS-21370,Todd Sumrall,Corporate,United States,Los Angeles,California,90049,West,OFF-SU-10000646,Office Supplies,Supplies,Premier Automatic Letter Opener,480.74,2,0.0,14.422200000000032,0
3847,CA-2014-101931,2014-10-28,2014-10-31,First Class,TS-21370,Todd Sumrall,Corporate,United States,Los Angeles,California,90049,West,OFF-ST-10003442,Office Supplies,Storage,Eldon Portable Mobile Manager,141.4,5,0.0,38.178,0
4169,CA-2014-157924,2014-10-11,2014-10-13,First Class,HA-14920,Helen Andreada,Consumer,United States,Pasadena,California,91104,West,FUR-CH-10000229,Furniture,Chairs,Global Enterprise Series Seating High-Back Swivel/Tilt Chairs,433.56800000000004,2,0.2,-65.03520000000005,0
4204,CA-2014-145387,2014-10-31,2014-11-02,Second Class,AM-10705,Anne McFarland,Consumer,United States,Cranston,Rhode Island,2920,East,OFF-AR-10001683,Office Supplies,Art,Lumber Crayons,49.25,5,0.0,18.715000000000003,0
4205,CA-2014-145387,2014-10-31,2014-11-02,Second Class,AM-10705,Anne McFarland,Consumer,United States,Cranston,Rhode Island,2920,East,OFF-PA-10002195,Office Supplies,Paper,"RSVP Cards & Envelopes, Blank White, 8-1/2"" X 11"", 24 Cards/25 Envelopes/Set",10.16,2,0.0,4.7752,0
4207,CA-2014-145387,2014-10-31,2014-11-02,Second Class,AM-10705,Anne McFarland,Consumer,United States,Cranston,Rhode Island,2920,East,OFF-BI-10004001,Office Supplies,Binders,GBC Recycled VeloBinder Covers,34.08,2,0.0,15.676799999999997,0
4305,CA-2014-162278,2014-10-26,2014-10-30,Second Class,AH-10585,Angele Hood,Consumer,United States,Seattle,Washington,98105,West,FUR-FU-10000448,Furniture,Furnishings,Tenex Chairmats For Use With Carpeted Floors,63.92,4,0.0,3.195999999999998,0
4772,US-2014-167262,2014-10-31,2014-11-03,Second Class,AC-10450,Amy Cox,Consumer,United States,Avondale,Arizona,85323,West,TEC-PH-10000486,Technology,Phones,Plantronics HL10 Handset Lifter,742.336,8,0.2,83.51279999999991,0
4877,US-2014-155817,2014-10-03,2014-10-09,Standard Class,SL-20155,Sara Luxemburg,Home Office,United States,Durham,North Carolina,27707,South,OFF-ST-10000532,Office Supplies,Storage,Advantus Rolling Drawer Organizers,61.568,2,0.2,4.6175999999999995,0
4878,US-2014-155817,2014-10-03,2014-10-09,Standard Class,SL-20155,Sara Luxemburg,Home Office,United States,Durham,North Carolina,27707,South,OFF-AR-10002335,Office Supplies,Art,DIXON Oriole Pencils,6.192,3,0.2,0.46440000000000037,0
4948,CA-2014-102085,2014-10-04,2014-10-09,Standard Class,JD-16015,Joy Daniels,Consumer,United States,Seattle,Washington,98115,West,OFF-LA-10002475,Office Supplies,Labels,Avery 519,29.24,4,0.0,13.742799999999999,0
5110,CA-2014-138450,2014-10-18,2014-10-22,Standard Class,EH-13765,Edward Hooks,Corporate,United States,Philadelphia,Pennsylvania,19134,East,OFF-EN-10001335,Office Supplies,Envelopes,"White Business Envelopes with Contemporary Seam, Recycled White Business Envelopes",52.512,6,0.2,19.692,0
5111,CA-2014-138450,2014-10-18,2014-10-22,Standard Class,EH-13765,Edward Hooks,Corporate,United States,Philadelphia,Pennsylvania,19134,East,OFF-ST-10003479,Office Supplies,Storage,"Eldon Base for stackable storage shelf, platinum",186.912,6,0.2,-35.04600000000003,0
5600,CA-2014-108903,2014-10-03,2014-10-03,Same Day,DO-13435,Denny Ordway,Consumer,United States,Columbus,Ohio,43229,East,OFF-AR-10004010,Office Supplies,Art,Hunt Boston Vacuum Mount KS Pencil Sharpener,55.98400000000001,2,0.2,4.1987999999999985,0
5601,CA-2014-108903,2014-10-03,2014-10-03,Same Day,DO-13435,Denny Ordway,Consumer,United States,Columbus,Ohio,43229,East,OFF-EN-10004030,Office Supplies,Envelopes,Convenience Packs of Business Envelopes,14.480000000000002,5,0.2,4.886999999999999,0
5756,CA-2014-163748,2014-10-14,2014-10-18,Standard Class,HG-15025,Hunter Glantz,Consumer,United States,Fort Worth,Texas,76106,Central,OFF-AP-10004052,Office Supplies,Appliances,"Hoover Replacement Belts For Soft Guard & Commercial Ltweight Upright Vacs, 2/Pk",3.1599999999999993,4,0.8,-8.532,0
5757,CA-2014-163748,2014-10-14,2014-10-18,Standard Class,HG-15025,Hunter Glantz,Consumer,United States,Fort Worth,Texas,76106,Central,TEC-CO-10002095,Technology,Copiers,Hewlett Packard 610 Color Digital Copier / Printer,1999.96,5,0.2,624.9875,0
5887,US-2014-109456,2014-10-16,2014-10-17,Same Day,LS-17245,Lynn Smith,Consumer,United States,San Francisco,California,94110,West,TEC-AC-10003610,Technology,Accessories,Logitech Illuminated - Keyboard,179.97,3,0.0,86.38560000000001,0
5928,CA-2014-114314,2014-10-11,2014-10-15,Standard Class,DB-13555,Dorothy Badders,Corporate,United States,Fayetteville,Arkansas,72701,South,OFF-LA-10000240,Office Supplies,Labels,Self-Adhesive Address Labels for Typewriters by Universal,7.31,1,0.0,3.4356999999999998,0
6020,CA-2014-152422,2014-10-05,2014-10-10,Second Class,BD-11635,Brian Derr,Consumer,United States,Columbus,Ohio,43229,East,OFF-AP-10002892,Office Supplies,Appliances,Belkin F5C206VTEL 6 Outlet Surge,91.92,5,0.2,11.489999999999991,0
6215,CA-2014-128538,2014-10-11,2014-10-15,Standard Class,AS-10240,Alan Shonely,Consumer,United States,Redondo Beach,California,90278,West,OFF-EN-10001219,Office Supplies,Envelopes,"#10- 4 1/8"" x 9 1/2"" Security-Tint Envelopes",7.64,1,0.0,3.7436,0
6356,CA-2014-110611,2014-10-06,2014-10-13,Standard Class,JD-16015,Joy Daniels,Consumer,United States,Philadelphia,Pennsylvania,19120,East,OFF-ST-10000642,Office Supplies,Storage,"Tennsco Lockers, Gray",83.92000000000002,5,0.2,-13.637000000000011,0
6555,CA-2014-137092,2014-10-20,2014-10-22,Second Class,LS-16975,Lindsay Shagiari,Home Office,United States,Chicago,Illinois,60653,Central,OFF-ST-10003805,Office Supplies,Storage,"24 Capacity Maxi Data Binder Racks, Pearl",505.32000000000005,3,0.2,31.582499999999953,0
6640,CA-2014-108609,2014-10-31,2014-11-02,Second Class,AJ-10780,Anthony Jacobs,Corporate,United States,Lorain,Ohio,44052,East,FUR-TA-10003954,Furniture,Tables,Hon 94000 Series Round Tables,1421.664,8,0.4,-734.5264,0
6679,CA-2014-150329,2014-10-10,2014-10-14,Standard Class,SD-20485,Shirley Daniels,Home Office,United States,Phoenix,Arizona,85023,West,FUR-FU-10003724,Furniture,Furnishings,Westinghouse Clip-On Gooseneck Lamps,46.872,7,0.2,3.515399999999998,0
6875,CA-2014-124394,2014-10-17,2014-10-22,Second Class,TB-21520,Tracy Blumstein,Consumer,United States,Beaumont,Texas,77705,Central,TEC-AC-10001314,Technology,Accessories,Case Logic 2.4GHz Wireless Keyboard,119.97600000000001,3,0.2,-17.99640000000002,0
7118,CA-2014-143168,2014-10-18,2014-10-23,Second Class,IG-15085,Ivan Gibson,Consumer,United States,Seattle,Washington,98103,West,OFF-BI-10003784,Office Supplies,Binders,Computer Printout Index Tabs,1.344,1,0.2,0.4703999999999999,0
7547,CA-2014-103492,2014-10-10,2014-10-15,Standard Class,CM-12715,Craig Molinari,Corporate,United States,Huntsville,Texas,77340,Central,TEC-PH-10004667,Technology,Phones,Cisco 8x8 Inc. 6753i IP Business Phone System,755.9440000000002,7,0.2,66.14509999999996,0
7548,CA-2014-103492,2014-10-10,2014-10-15,Standard Class,CM-12715,Craig Molinari,Corporate,United States,Huntsville,Texas,77340,Central,OFF-BI-10004817,Office Supplies,Binders,GBC Personal VeloBind Strips,11.979999999999997,5,0.8,-19.16800000000001,0
7573,CA-2014-100916,2014-10-21,2014-10-26,Standard Class,FH-14275,Frank Hawley,Corporate,United States,Newport News,Virginia,23602,South,FUR-TA-10004607,Furniture,Tables,Hon 2111 Invitation Series Straight Table,591.32,4,0.0,112.35079999999999,0
7665,CA-2014-151967,2014-10-22,2014-10-26,Standard Class,NB-18580,Nicole Brennan,Corporate,United States,Bossier City,Louisiana,71111,South,FUR-FU-10000193,Furniture,Furnishings,Tenex Chairmats For Use with Hard Floors,129.92,4,0.0,10.393599999999992,0
7710,CA-2014-139542,2014-10-25,2014-10-29,Standard Class,EH-14185,Evan Henry,Consumer,United States,Philadelphia,Pennsylvania,19120,East,OFF-BI-10000309,Office Supplies,Binders,"GBC Twin Loop Wire Binding Elements, 9/16"" Spine, Black",13.698000000000002,3,0.7,-9.5886,0
8706,US-2014-132745,2014-10-01,2014-10-05,Standard Class,NF-18475,Neil Französisch,Home Office,United States,Reno,Nevada,89502,West,OFF-FA-10000254,Office Supplies,Fasteners,Sterling Rubber Bands by Alliance,4.71,1,0.0,0.0,0
8853,CA-2014-119977,2014-10-08,2014-10-13,Second Class,DN-13690,Duane Noonan,Consumer,United States,New York City,New York,10011,East,OFF-PA-10003823,Office Supplies,Paper,Xerox 197,123.92,4,0.0,55.763999999999996,0
8873,US-2014-105137,2014-10-10,2014-10-10,Same Day,RB-19435,Richard Bierner,Consumer,United States,Columbus,Ohio,43229,East,TEC-MA-10002694,Technology,Machines,Hewlett-Packard Deskjet F4180 All-in-One Color Ink-jet - Printer / copier / scanner,101.99400000000001,2,0.7,-71.39579999999998,0
9065,US-2014-151015,2014-10-14,2014-10-20,Standard Class,BD-11500,Bradley Drucker,Consumer,United States,Chicago,Illinois,60653,Central,OFF-BI-10000343,Office Supplies,Binders,"Pressboard Covers with Storage Hooks, 9 1/2"" x 11"", Light Blue",2.9459999999999993,3,0.8,-4.860900000000001,0
9111,CA-2014-132010,2014-10-13,2014-10-15,First Class,MA-17995,Michelle Arnett,Home Office,United States,Richmond,Virginia,23223,South,OFF-EN-10003160,Office Supplies,Envelopes,Pastel Pink Envelopes,36.4,5,0.0,17.472,0
9114,CA-2014-132010,2014-10-13,2014-10-15,First Class,MA-17995,Michelle Arnett,Home Office,United States,Richmond,Virginia,23223,South,OFF-BI-10002432,Office Supplies,Binders,Wilson Jones Standard D-Ring Binders,15.18,3,0.0,7.134599999999999,0
9275,US-2014-134054,2014-10-10,2014-10-10,Same Day,FC-14335,Fred Chung,Corporate,United States,Albuquerque,New Mexico,87105,West,OFF-AR-10000937,Office Supplies,Art,"Dixon Ticonderoga Core-Lock Colored Pencils, 48-Color Set",255.84999999999997,7,0.0,112.57400000000001,0
9339,CA-2014-155264,2014-10-19,2014-10-22,Second Class,RP-19270,Rachel Payne,Corporate,United States,San Francisco,California,94110,West,OFF-BI-10003727,Office Supplies,Binders,Avery Durable Slant Ring Binders With Label Holder,20.064,6,0.2,7.022399999999999,0
9340,CA-2014-155264,2014-10-19,2014-10-22,Second Class,RP-19270,Rachel Payne,Corporate,United States,San Francisco,California,94110,West,OFF-PA-10003228,Office Supplies,Paper,Xerox 1917,146.73,3,0.0,68.9631,0
9342,CA-2014-155264,2014-10-19,2014-10-22,Second Class,RP-19270,Rachel Payne,Corporate,United States,San Francisco,California,94110,West,TEC-PH-10001305,Technology,Phones,Panasonic KX TS208W Corded phone,117.57600000000002,3,0.2,11.75760000000001,0
9459,CA-2014-138240,2014-10-09,2014-10-14,Standard Class,SJ-20500,Shirley Jackson,Consumer,United States,San Francisco,California,94122,West,OFF-AR-10002135,Office Supplies,Art,Boston Heavy-Duty Trimline Electric Pencil Sharpeners,144.60000000000002,3,0.0,41.93399999999998,0
9546,CA-2014-166590,2014-10-29,2014-11-02,Standard Class,NC-18625,Noah Childs,Corporate,United States,Columbus,Indiana,47201,Central,TEC-AC-10003433,Technology,Accessories,Maxell 4.7GB DVD+R 5/Pack,1.98,2,0.0,0.891,0
9635,CA-2014-151330,2014-10-14,2014-10-17,First Class,TC-21295,Toby Carlisle,Consumer,United States,Everett,Massachusetts,2149,East,OFF-ST-10000615,Office Supplies,Storage,"SimpliFile Personal File, Black Granite, 15w x 6-15/16d x 11-1/4h",79.45,7,0.0,22.246000000000006,0
