Row ID,Order ID,Order Date,Ship Date,Ship Mode,Customer ID,Customer Name,Segment,Country,City,State,Postal Code,Region,Product ID,Category,Sub-Category,Product Name,Sales,Quantity,Discount,Profit,Data_origen
50,CA-2015-115742,2015-04-18,2015-04-22,Standard Class,DP-13000,Darren Powers,Consumer,United States,New Albany,Indiana,47150,Central,OFF-BI-10004410,Office Supplies,Binders,"C-Line Peel & Stick Add-On Filing Pockets, 8-3/4 x 5-1/8, 10/Pack",38.22,6,0.0,17.9634,0
53,CA-2015-115742,2015-04-18,2015-04-22,Standard Class,DP-13000,Darren Powers,Consumer,United States,New Albany,Indiana,47150,Central,FUR-CH-10003061,Furniture,Chairs,"Global Leather Task Chair, Black",89.99,1,0.0,17.098099999999988,0
73,US-2015-134026,2015-04-26,2015-05-02,Standard Class,JE-15745,Joel Eaton,Consumer,United States,Memphis,Tennessee,38109,South,FUR-CH-10000513,Furniture,Chairs,High-Back Leather Manager's Chair,831.9360000000001,8,0.2,-114.39120000000003,0
381,CA-2015-130792,2015-04-28,2015-05-05,Standard Class,RA-19915,Russell Applegate,Consumer,United States,Houston,Texas,77095,Central,OFF-BI-10000309,Office Supplies,Binders,"GBC Twin Loop Wire Binding Elements, 9/16"" Spine, Black",12.175999999999998,4,0.8,-18.87280000000001,0
704,CA-2015-142027,2015-04-09,2015-04-14,Standard Class,JK-15370,Jay Kimmel,Consumer,United States,Long Beach,California,90805,West,FUR-TA-10002774,Furniture,Tables,Laminate Occasional Tables,369.91200000000003,3,0.2,-13.871700000000047,0
886,CA-2015-143602,2015-04-25,2015-04-28,Second Class,JS-15595,Jill Stevenson,Corporate,United States,Los Angeles,California,90045,West,OFF-BI-10002071,Office Supplies,Binders,Fellowes Black Plastic Comb Bindings,13.943999999999999,3,0.2,4.5318,0
924,CA-2015-111164,2015-04-11,2015-04-15,Standard Class,SE-20110,Sanjit Engle,Consumer,United States,New York City,New York,10009,East,OFF-AP-10004487,Office Supplies,Appliances,Kensington 4 Outlet MasterPiece Compact Power Control Center,406.59999999999997,5,0.0,113.84799999999998,0
1021,CA-2015-124450,2015-04-27,2015-05-03,Standard Class,GT-14710,Greg Tran,Consumer,United States,Washington,District of Columbia,20016,East,OFF-AR-10001166,Office Supplies,Art,Staples in misc. colors,22.740000000000002,3,0.0,8.8686,0
1054,CA-2015-110667,2015-04-04,2015-04-08,Standard Class,NF-18595,Nicole Fjeld,Home Office,United States,New York City,New York,10009,East,OFF-AR-10000716,Office Supplies,Art,DIXON Ticonderoga Erasable Checking Pencils,11.16,2,0.0,4.3524,0
1057,CA-2015-110667,2015-04-04,2015-04-08,Standard Class,NF-18595,Nicole Fjeld,Home Office,United States,New York City,New York,10009,East,OFF-BI-10003529,Office Supplies,Binders,Avery Round Ring Poly Binders,9.088,4,0.2,3.2944,0
1063,CA-2015-161263,2015-04-16,2015-04-21,Standard Class,TS-21160,Theresa Swint,Corporate,United States,Toledo,Ohio,43615,East,OFF-FA-10004838,Office Supplies,Fasteners,"Super Bands, 12/Pack",10.416000000000002,7,0.2,-2.2134,0
1066,CA-2015-161263,2015-04-16,2015-04-21,Standard Class,TS-21160,Theresa Swint,Corporate,United States,Toledo,Ohio,43615,East,OFF-FA-10003059,Office Supplies,Fasteners,Assorted Color Push Pins,1.4480000000000002,1,0.2,0.2352999999999999,0
1067,CA-2015-161263,2015-04-16,2015-04-21,Standard Class,TS-21160,Theresa Swint,Corporate,United States,Toledo,Ohio,43615,East,OFF-BI-10004330,Office Supplies,Binders,"GBC Velobind Prepunched Cover Sets, Regency Series",55.470000000000006,5,0.7,-46.224999999999994,0
1149,CA-2015-112452,2015-04-04,2015-04-04,Same Day,NC-18340,Nat Carroll,Consumer,United States,Lansing,Michigan,48911,Central,OFF-BI-10003350,Office Supplies,Binders,Acco Expandable Hanging Binders,12.76,2,0.0,5.869599999999999,0
1150,CA-2015-112452,2015-04-04,2015-04-04,Same Day,NC-18340,Nat Carroll,Consumer,United States,Lansing,Michigan,48911,Central,TEC-PH-10000307,Technology,Phones,Shocksock Galaxy S4 Armband,10.95,1,0.0,0.43799999999999883,0
2512,CA-2015-102722,2015-04-18,2015-04-19,First Class,KW-16570,Kelly Williams,Consumer,United States,Monroe,Louisiana,71203,South,TEC-AC-10003116,Technology,Accessories,Memorex Froggy Flash Drive 8 GB,106.5,6,0.0,41.535,0
2525,CA-2015-124541,2015-04-06,2015-04-10,Standard Class,TT-21220,Thomas Thornton,Consumer,United States,Houston,Texas,77041,Central,OFF-AR-10004078,Office Supplies,Art,Newell 312,42.047999999999995,9,0.2,5.2559999999999985,0
2526,CA-2015-124541,2015-04-06,2015-04-10,Standard Class,TT-21220,Thomas Thornton,Consumer,United States,Houston,Texas,77041,Central,TEC-AC-10002550,Technology,Accessories,Maxell 4.7GB DVD-RW 3/Pack,25.488,2,0.2,4.4604,0
2528,CA-2015-124541,2015-04-06,2015-04-10,Standard Class,TT-21220,Thomas Thornton,Consumer,United States,Houston,Texas,77041,Central,OFF-BI-10004209,Office Supplies,Binders,"Fellowes Twister Kit, Gray/Clear, 3/pkg",9.647999999999996,6,0.8,-16.884,0
2529,CA-2015-124541,2015-04-06,2015-04-10,Standard Class,TT-21220,Thomas Thornton,Consumer,United States,Houston,Texas,77041,Central,OFF-PA-10001526,Office Supplies,Paper,Xerox 1949,7.968000000000001,2,0.2,2.8884000000000007,0
2753,CA-2015-155306,2015-04-17,2015-04-21,Standard Class,GA-14515,George Ashbrook,Consumer,United States,San Francisco,California,94122,West,OFF-AR-10003251,Office Supplies,Art,Prang Drawing Pencil Set,5.56,2,0.0,2.2239999999999998,0
2756,CA-2015-155306,2015-04-17,2015-04-21,Standard Class,GA-14515,George Ashbrook,Consumer,United States,San Francisco,California,94122,West,OFF-AP-10002651,Office Supplies,Appliances,Hoover Upright Vacuum With Dirt Cup,1447.6499999999999,5,0.0,419.8184999999998,0
2769,US-2015-122140,2015-04-02,2015-04-07,Standard Class,MO-17950,Michael Oakman,Consumer,United States,Dallas,Texas,75220,Central,OFF-AP-10001242,Office Supplies,Appliances,APC 7 Outlet Network SurgeArrest Surge Protector,32.19199999999999,2,0.8,-80.48,0
2770,US-2015-122140,2015-04-02,2015-04-07,Standard Class,MO-17950,Michael Oakman,Consumer,United States,Dallas,Texas,75220,Central,TEC-AC-10003038,Technology,Accessories,Kingston Digital DataTraveler 16GB USB 2.0,50.120000000000005,7,0.2,-0.6265000000000072,0
2771,US-2015-122140,2015-04-02,2015-04-07,Standard Class,MO-17950,Michael Oakman,Consumer,United States,Dallas,Texas,75220,Central,TEC-AC-10003289,Technology,Accessories,Anker Ultra-Slim Mini Bluetooth 3.0 Wireless Keyboard,47.976,3,0.2,1.7990999999999993,0
3045,CA-2015-135174,2015-04-30,2015-05-02,Second Class,BP-11230,Benjamin Patterson,Consumer,United States,Troy,Ohio,45373,East,TEC-PH-10001530,Technology,Phones,Cisco Unified IP Phone 7945G VoIP phone,1022.97,5,0.4,-255.7425,0
3141,CA-2015-112557,2015-04-25,2015-04-28,First Class,JL-15850,John Lucas,Consumer,United States,New York City,New York,10035,East,OFF-AP-10002311,Office Supplies,Appliances,"Holmes Replacement Filter for HEPA Air Cleaner, Very Large Room, HEPA Filter",206.43,3,0.0,90.82920000000001,0
3419,CA-2015-151841,2015-04-27,2015-05-02,Standard Class,TC-21475,Tony Chapman,Home Office,United States,Aurora,Colorado,80013,West,OFF-SU-10001574,Office Supplies,Supplies,Acme Value Line Scissors,5.84,2,0.2,0.7299999999999995,0
3521,CA-2015-168767,2015-04-10,2015-04-15,Standard Class,DM-12955,Dario Medina,Corporate,United States,Sacramento,California,95823,West,OFF-BI-10000773,Office Supplies,Binders,Insertable Tab Post Binder Dividers,12.832,2,0.2,4.330799999999998,0
3904,CA-2015-167010,2015-04-05,2015-04-10,Standard Class,VT-21700,Valerie Takahito,Home Office,United States,Philadelphia,Pennsylvania,19143,East,OFF-AP-10004036,Office Supplies,Appliances,Bionaire 99.97% HEPA Air Cleaner,98.112,7,0.2,18.396,0
3905,CA-2015-167010,2015-04-05,2015-04-10,Standard Class,VT-21700,Valerie Takahito,Home Office,United States,Philadelphia,Pennsylvania,19143,East,OFF-ST-10003816,Office Supplies,Storage,Fellowes High-Stak Drawer Files,563.808,4,0.2,21.142799999999966,0
3906,CA-2015-167010,2015-04-05,2015-04-10,Standard Class,VT-21700,Valerie Takahito,Home Office,United States,Philadelphia,Pennsylvania,19143,East,OFF-BI-10002072,Office Supplies,Binders,Cardinal Slant-D Ring Binders,10.428,4,0.7,-6.951999999999998,0
3910,CA-2015-167010,2015-04-05,2015-04-10,Standard Class,VT-21700,Valerie Takahito,Home Office,United States,Philadelphia,Pennsylvania,19143,East,FUR-FU-10001037,Furniture,Furnishings,"DAX Charcoal/Nickel-Tone Document Frame, 5 x 7",7.5840000000000005,1,0.2,2.37,0
3911,CA-2015-167010,2015-04-05,2015-04-10,Standard Class,VT-21700,Valerie Takahito,Home Office,United States,Philadelphia,Pennsylvania,19143,East,FUR-BO-10004218,Furniture,Bookcases,"Bush Heritage Pine Collection 5-Shelf Bookcase, Albany Pine Finish, *Special Order",352.45,5,0.5,-211.47,0
4197,US-2015-134271,2015-04-18,2015-04-23,Second Class,RF-19735,Roland Fjeld,Consumer,United States,New York City,New York,10024,East,OFF-LA-10004093,Office Supplies,Labels,Avery 486,21.93,3,0.0,10.307099999999998,0
4720,CA-2015-142601,2015-04-18,2015-04-20,Second Class,DE-13255,Deanra Eno,Home Office,United States,Los Angeles,California,90004,West,OFF-ST-10002756,Office Supplies,Storage,"Tennsco Stur-D-Stor Boltless Shelving, 5 Shelves, 24"" Deep, Sand",947.1700000000001,7,0.0,9.471700000000084,0
4766,CA-2015-118227,2015-04-24,2015-04-28,Standard Class,DB-13270,Deborah Brumfield,Home Office,United States,New York City,New York,10009,East,OFF-AR-10001044,Office Supplies,Art,"BOSTON Ranger #55 Pencil Sharpener, Black",25.99,1,0.0,7.537099999999999,0
5179,US-2015-120502,2015-04-13,2015-04-19,Standard Class,BT-11395,Bill Tyler,Corporate,United States,Los Angeles,California,90036,West,FUR-FU-10004973,Furniture,Furnishings,Flat Face Poster Frame,37.68,2,0.0,15.825600000000001,0
5181,US-2015-120502,2015-04-13,2015-04-19,Standard Class,BT-11395,Bill Tyler,Corporate,United States,Los Angeles,California,90036,West,OFF-AP-10004980,Office Supplies,Appliances,3M Replacement Filter for Office Air Cleaner for 20' x 33' Room,75.84,2,0.0,29.577600000000004,0
5250,CA-2015-106215,2015-04-16,2015-04-21,Standard Class,BN-11470,Brad Norvell,Corporate,United States,Philadelphia,Pennsylvania,19143,East,OFF-FA-10001229,Office Supplies,Fasteners,Staples,12.576,4,0.2,4.087199999999999,0
5539,CA-2015-120551,2015-04-13,2015-04-20,Standard Class,SS-20590,Sonia Sunley,Consumer,United States,Norfolk,Nebraska,68701,Central,OFF-BI-10002071,Office Supplies,Binders,Fellowes Black Plastic Comb Bindings,17.43,3,0.0,8.0178,0
5781,US-2015-159513,2015-04-02,2015-04-09,Standard Class,JD-15790,John Dryer,Consumer,United States,Los Angeles,California,90049,West,TEC-MA-10003329,Technology,Machines,"Vtech AT&T CL2940 Corded Speakerphone, Black",71.976,3,0.2,24.2919,0
5861,CA-2015-157434,2015-04-29,2015-05-04,Second Class,JK-15640,Jim Kriz,Home Office,United States,Philadelphia,Pennsylvania,19120,East,OFF-PA-10001526,Office Supplies,Paper,Xerox 1949,7.968000000000001,2,0.2,2.8884000000000007,0
6035,US-2015-155369,2015-04-19,2015-04-25,Standard Class,PG-18820,Patrick Gardner,Consumer,United States,Carrollton,Texas,75007,Central,OFF-AP-10002578,Office Supplies,Appliances,"Fellowes Premier Superior Surge Suppressor, 10-Outlet, With Phone and Remote",19.567999999999998,2,0.8,-52.833600000000004,0
6036,US-2015-155369,2015-04-19,2015-04-25,Standard Class,PG-18820,Patrick Gardner,Consumer,United States,Carrollton,Texas,75007,Central,OFF-BI-10003925,Office Supplies,Binders,Fellowes PB300 Plastic Comb Binding Machine,310.39199999999994,4,0.8,-512.1468000000002,0
6051,CA-2015-153878,2015-04-25,2015-04-30,Standard Class,TS-21655,Trudy Schmidt,Consumer,United States,Milwaukee,Wisconsin,53209,Central,OFF-AR-10000658,Office Supplies,Art,Newell 324,57.75,5,0.0,16.17,0
6061,CA-2015-134201,2015-04-10,2015-04-16,Standard Class,EH-14125,Eugene Hildebrand,Home Office,United States,Rochester,New York,14609,East,OFF-ST-10001476,Office Supplies,Storage,Steel Personal Filing/Posting Tote,142.04,4,0.0,38.35080000000001,0
6066,CA-2015-119942,2015-04-05,2015-04-07,First Class,TT-21070,Ted Trevino,Consumer,United States,Philadelphia,Pennsylvania,19120,East,OFF-LA-10001569,Office Supplies,Labels,Avery 499,23.904000000000003,6,0.2,7.768799999999999,0
6202,CA-2015-146675,2015-04-16,2015-04-20,Standard Class,SB-20185,Sarah Brown,Consumer,United States,Evanston,Illinois,60201,Central,TEC-AC-10004396,Technology,Accessories,Logitech Keyboard K120,43.56,3,0.2,-4.900499999999997,0
6592,CA-2015-103716,2015-04-30,2015-05-06,Standard Class,KB-16585,Ken Black,Corporate,United States,San Francisco,California,94110,West,OFF-AR-10000658,Office Supplies,Art,Newell 324,34.650000000000006,3,0.0,9.702,0
6615,CA-2015-107678,2015-04-21,2015-04-28,Standard Class,JK-16090,Juliana Krohn,Consumer,United States,Louisville,Kentucky,40214,South,FUR-FU-10003394,Furniture,Furnishings,"Tenex ""The Solids"" Textured Chair Mats",209.88,3,0.0,35.67959999999998,0
6949,CA-2015-130365,2015-04-25,2015-04-29,Standard Class,ZC-21910,Zuschuss Carroll,Consumer,United States,Aurora,Illinois,60505,Central,FUR-CH-10003535,Furniture,Chairs,"Global Armless Task Chair, Royal Blue",128.058,3,0.3,-23.782199999999996,0
7335,CA-2015-125563,2015-04-11,2015-04-17,Standard Class,PR-18880,Patrick Ryan,Consumer,United States,Tampa,Florida,33614,South,FUR-FU-10000087,Furniture,Furnishings,"Executive Impressions 14"" Two-Color Numerals Wall Clock",54.52799999999999,3,0.2,14.313600000000005,0
7457,CA-2015-137974,2015-04-16,2015-04-18,First Class,LL-16840,Lauren Leatherbury,Consumer,United States,Waynesboro,Virginia,22980,South,TEC-PH-10002033,Technology,Phones,Konftel 250 Conference phone - Charcoal black,569.64,2,0.0,148.1064,0
7462,US-2015-136987,2015-04-11,2015-04-14,Second Class,AR-10540,Andy Reiter,Consumer,United States,Los Angeles,California,90004,West,OFF-PA-10003127,Office Supplies,Paper,Easy-staple paper,52.76,2,0.0,24.269599999999997,0
7583,CA-2015-142734,2015-04-16,2015-04-21,Standard Class,DM-13345,Denise Monton,Corporate,United States,New York City,New York,10024,East,FUR-CH-10003968,Furniture,Chairs,Novimex Turbo Task Chair,127.76400000000001,2,0.1,2.8392000000000017,0
7646,CA-2015-161452,2015-04-05,2015-04-11,Standard Class,CA-11965,Carol Adams,Corporate,United States,Los Angeles,California,90036,West,FUR-CH-10003973,Furniture,Chairs,GuestStacker Chair with Chrome Finish Legs,892.224,3,0.2,89.22240000000002,0
7683,CA-2015-120782,2015-04-28,2015-05-01,First Class,SD-20485,Shirley Daniels,Home Office,United States,Midland,Michigan,48640,Central,OFF-AP-10003779,Office Supplies,Appliances,Kensington 7 Outlet MasterPiece Power Center with Fax/Phone Line Protection,186.732,1,0.1,41.49599999999997,0
7711,US-2015-142811,2015-04-02,2015-04-07,Standard Class,JL-15850,John Lucas,Consumer,United States,Mesa,Arizona,85204,West,TEC-PH-10003095,Technology,Phones,Samsung HM1900 Bluetooth Headset,87.8,5,0.2,32.925,0
8208,CA-2015-122266,2015-04-26,2015-04-30,Standard Class,SA-20830,Sue Ann Reed,Consumer,United States,Daytona Beach,Florida,32114,South,OFF-AR-10004757,Office Supplies,Art,Crayola Colored Pencils,2.624,1,0.2,0.4263999999999998,0
8301,CA-2015-109169,2015-04-20,2015-04-24,Standard Class,OT-18730,Olvera Toch,Consumer,United States,Detroit,Michigan,48234,Central,OFF-EN-10003296,Office Supplies,Envelopes,Tyvek Side-Opening Peel & Seel Expanding Envelopes,180.96,2,0.0,81.432,0
8347,US-2015-115238,2015-04-30,2015-05-04,Standard Class,JW-15220,Jane Waco,Corporate,United States,Lawrence,Massachusetts,1841,East,FUR-FU-10002960,Furniture,Furnishings,"Eldon 200 Class Desk Accessories, Burgundy",31.400000000000002,5,0.0,13.188000000000002,0
8350,US-2015-115238,2015-04-30,2015-05-04,Standard Class,JW-15220,Jane Waco,Corporate,United States,Lawrence,Massachusetts,1841,East,FUR-FU-10001025,Furniture,Furnishings,"Eldon Imàge Series Desk Accessories, Clear",24.3,5,0.0,10.449000000000002,0
8351,US-2015-115238,2015-04-30,2015-05-04,Standard Class,JW-15220,Jane Waco,Corporate,United States,Lawrence,Massachusetts,1841,East,OFF-PA-10002689,Office Supplies,Paper,Weyerhaeuser First Choice Laser/Copy Paper (20Lb. and 88 Bright),6.48,1,0.0,3.1104000000000003,0
8400,CA-2015-133837,2015-04-13,2015-04-18,Standard Class,TH-21100,Thea Hendricks,Consumer,United States,Glendale,Arizona,85301,West,OFF-ST-10000344,Office Supplies,Storage,"Neat Ideas Personal Hanging Folder Files, Black",10.744,1,0.2,0.8057999999999996,0
8466,CA-2015-116512,2015-04-09,2015-04-14,Standard Class,MC-18100,Mick Crebagga,Consumer,United States,New York City,New York,10024,East,OFF-ST-10001505,Office Supplies,Storage,"Perma STOR-ALL Hanging File Box, 13 1/8""W x 12 1/4""D x 10 1/2""H",17.94,3,0.0,3.0497999999999985,0
8467,CA-2015-101000,2015-04-09,2015-04-14,Standard Class,IG-15085,Ivan Gibson,Consumer,United States,Norwich,Connecticut,6360,East,OFF-AP-10000179,Office Supplies,Appliances,Honeywell Enviracaire Portable HEPA Air Cleaner for up to 10 x 16 Room,370.14,3,0.0,144.3546,0
9037,CA-2015-166492,2015-04-07,2015-04-10,First Class,RP-19390,Resi Pölking,Consumer,United States,New York City,New York,10035,East,OFF-PA-10002262,Office Supplies,Paper,Xerox 192,25.92,4,0.0,12.441600000000001,0
9299,US-2015-163433,2015-04-18,2015-04-22,Second Class,MP-17965,Michael Paige,Corporate,United States,Mcallen,Texas,78501,Central,OFF-AR-10003373,Office Supplies,Art,"Boston School Pro Electric Pencil Sharpener, 1670",74.352,3,0.2,6.505799999999997,0
9300,US-2015-163433,2015-04-18,2015-04-22,Second Class,MP-17965,Michael Paige,Corporate,United States,Mcallen,Texas,78501,Central,OFF-BI-10003676,Office Supplies,Binders,"GBC Standard Recycled Report Covers, Clear Plastic Sheets",4.3119999999999985,2,0.8,-6.899200000000002,0
9305,US-2015-163433,2015-04-18,2015-04-22,Second Class,MP-17965,Michael Paige,Corporate,United States,Mcallen,Texas,78501,Central,OFF-BI-10000320,Office Supplies,Binders,GBC Plastic Binding Combs,1.4759999999999998,1,0.8,-2.2878,0
