Row ID,Order ID,Order Date,Ship Date,Ship Mode,Customer ID,Customer Name,Segment,Country,City,State,Postal Code,Region,Product ID,Category,Sub-Category,Product Name,Sales,Quantity,Discount,Profit,Data_origen
226,CA-2015-163055,2015-08-09,2015-08-16,Standard Class,DS-13180,David Smith,Corporate,United States,Detroit,Michigan,48227,Central,OFF-AR-10001026,Office Supplies,Art,"Sanford Uni-Blazer View Highlighters, Chisel Tip, Yellow",2.2,1,0.0,0.9680000000000002,0
227,CA-2015-163055,2015-08-09,2015-08-16,Standard Class,DS-13180,David Smith,Corporate,United States,Detroit,Michigan,48227,Central,FUR-TA-10003748,Furniture,Tables,Bevis 36 x 72 Conference Tables,622.4499999999999,5,0.0,136.939,0
228,CA-2015-163055,2015-08-09,2015-08-16,Standard Class,DS-13180,David Smith,Corporate,United States,Detroit,Michigan,48227,Central,OFF-ST-10002485,Office Supplies,Storage,Rogers Deluxe File Chest,21.98,1,0.0,0.21979999999999933,0
660,CA-2015-146563,2015-08-24,2015-08-28,Standard Class,CB-12025,Cassandra Brandow,Consumer,United States,Arlington,Texas,76017,Central,OFF-ST-10001490,Office Supplies,Storage,"Hot File 7-Pocket, Floor Stand",999.432,7,0.2,124.92899999999986,0
663,CA-2015-146563,2015-08-24,2015-08-28,Standard Class,CB-12025,Cassandra Brandow,Consumer,United States,Arlington,Texas,76017,Central,OFF-BI-10003981,Office Supplies,Binders,"Avery Durable Plastic 1"" Binders",2.7239999999999993,3,0.8,-4.222200000000001,0
778,CA-2015-144267,2015-08-21,2015-08-23,First Class,NZ-18565,Nick Zandusky,Home Office,United States,San Francisco,California,94110,West,FUR-CH-10002335,Furniture,Chairs,Hon GuestStacker Chair,544.008,3,0.2,40.8006,0
780,CA-2015-144267,2015-08-21,2015-08-23,First Class,NZ-18565,Nick Zandusky,Home Office,United States,San Francisco,California,94110,West,OFF-PA-10001947,Office Supplies,Paper,Xerox 1974,23.92,4,0.0,11.7208,0
1175,CA-2015-132080,2015-08-22,2015-08-25,First Class,DP-13105,Dave Poirier,Corporate,United States,New York City,New York,10035,East,OFF-BI-10003694,Office Supplies,Binders,"Avery 3 1/2"" Diskette Storage Pages, 10/Pack",50.112,6,0.2,16.2864,0
1295,CA-2015-101707,2015-08-27,2015-09-01,Standard Class,PF-19165,Philip Fox,Consumer,United States,San Diego,California,92105,West,OFF-LA-10000134,Office Supplies,Labels,Avery 511,3.08,1,0.0,1.4784,0
1458,CA-2015-111297,2015-08-17,2015-08-21,Standard Class,SC-20440,Shaun Chance,Corporate,United States,New Bedford,Massachusetts,2740,East,OFF-BI-10002412,Office Supplies,Binders,Wilson Jones “Snap” Scratch Pad Binder Tool for Ring Binders,52.199999999999996,9,0.0,23.49,0
1582,CA-2015-131338,2015-08-09,2015-08-12,First Class,NP-18325,Naresj Patel,Consumer,United States,New York City,New York,10024,East,OFF-ST-10000642,Office Supplies,Storage,"Tennsco Lockers, Gray",41.96,2,0.0,2.937199999999997,0
1584,CA-2015-131338,2015-08-09,2015-08-12,First Class,NP-18325,Naresj Patel,Consumer,United States,New York City,New York,10024,East,FUR-FU-10002157,Furniture,Furnishings,Artistic Insta-Plaque,47.04,3,0.0,18.345599999999997,0
1585,CA-2015-131338,2015-08-09,2015-08-12,First Class,NP-18325,Naresj Patel,Consumer,United States,New York City,New York,10024,East,FUR-FU-10001706,Furniture,Furnishings,Longer-Life Soft White Bulbs,6.16,2,0.0,2.9568,0
1586,CA-2015-131338,2015-08-09,2015-08-12,First Class,NP-18325,Naresj Patel,Consumer,United States,New York City,New York,10024,East,TEC-PH-10000984,Technology,Phones,Panasonic KX-TG9471B,979.95,5,0.0,274.3860000000001,0
1587,CA-2015-131338,2015-08-09,2015-08-12,First Class,NP-18325,Naresj Patel,Consumer,United States,New York City,New York,10024,East,OFF-PA-10001357,Office Supplies,Paper,Xerox 1886,143.7,3,0.0,68.976,0
1589,CA-2015-131338,2015-08-09,2015-08-12,First Class,NP-18325,Naresj Patel,Consumer,United States,New York City,New York,10024,East,TEC-AC-10002600,Technology,Accessories,Belkin QODE FastFit Bluetooth Keyboard,247.8,4,0.0,34.69200000000001,0
1616,CA-2015-130022,2015-08-10,2015-08-16,Standard Class,JK-16120,Julie Kriz,Home Office,United States,Eagan,Minnesota,55122,Central,OFF-LA-10002787,Office Supplies,Labels,Avery 480,3.75,1,0.0,1.7999999999999998,0
1618,CA-2015-130022,2015-08-10,2015-08-16,Standard Class,JK-16120,Julie Kriz,Home Office,United States,Eagan,Minnesota,55122,Central,OFF-AR-10001915,Office Supplies,Art,Peel-Off China Markers,29.79,3,0.0,12.511800000000001,0
2209,CA-2015-129854,2015-08-22,2015-08-26,Standard Class,RB-19705,Roger Barcio,Home Office,United States,New York City,New York,10009,East,OFF-AR-10000390,Office Supplies,Art,Newell Chalk Holder,16.52,4,0.0,7.5992,0
2354,CA-2015-111514,2015-08-31,2015-09-02,First Class,SC-20260,Scott Cohen,Corporate,United States,San Francisco,California,94122,West,FUR-BO-10002545,Furniture,Bookcases,"Atlantic Metals Mobile 3-Shelf Bookcases, Custom Colors",1552.831,7,0.15,200.95460000000008,0
2356,CA-2015-111514,2015-08-31,2015-09-02,First Class,SC-20260,Scott Cohen,Corporate,United States,San Francisco,California,94122,West,TEC-AC-10004864,Technology,Accessories,Memorex Micro Travel Drive 32 GB,36.51,1,0.0,15.699300000000001,0
2357,CA-2015-111514,2015-08-31,2015-09-02,First Class,SC-20260,Scott Cohen,Corporate,United States,San Francisco,California,94122,West,TEC-MA-10000597,Technology,Machines,Lexmark S315 Color Inkjet Printer,239.976,3,0.2,80.99189999999999,0
2548,US-2015-128090,2015-08-16,2015-08-22,Standard Class,JM-15865,John Murray,Consumer,United States,Phoenix,Arizona,85023,West,OFF-AR-10002255,Office Supplies,Art,Newell 346,2.304,1,0.2,0.2592,0
2549,US-2015-128090,2015-08-16,2015-08-22,Standard Class,JM-15865,John Murray,Consumer,United States,Phoenix,Arizona,85023,West,TEC-PH-10002624,Technology,Phones,Samsung Galaxy S4 Mini,1879.96,5,0.2,211.49549999999977,0
2551,US-2015-128090,2015-08-16,2015-08-22,Standard Class,JM-15865,John Murray,Consumer,United States,Phoenix,Arizona,85023,West,OFF-LA-10000452,Office Supplies,Labels,Avery 488,5.04,2,0.2,1.764,0
2637,CA-2015-162369,2015-08-15,2015-08-19,Standard Class,TT-21265,Tim Taslimi,Corporate,United States,Los Angeles,California,90045,West,OFF-ST-10000046,Office Supplies,Storage,Fellowes Super Stor/Drawer Files,323.1,2,0.0,61.38900000000001,0
2669,US-2015-139759,2015-08-25,2015-08-30,Standard Class,NL-18310,Nancy Lomonaco,Home Office,United States,Los Angeles,California,90045,West,FUR-CH-10002774,Furniture,Chairs,"Global Deluxe Stacking Chair, Gray",40.784,1,0.2,4.588199999999999,0
2670,US-2015-139759,2015-08-25,2015-08-30,Standard Class,NL-18310,Nancy Lomonaco,Home Office,United States,Los Angeles,California,90045,West,OFF-AP-10002765,Office Supplies,Appliances,Fellowes Advanced Computer Series Surge Protectors,105.96,4,0.0,29.668800000000005,0
2931,CA-2015-168564,2015-08-08,2015-08-08,Same Day,TT-21220,Thomas Thornton,Consumer,United States,San Francisco,California,94109,West,OFF-BI-10004970,Office Supplies,Binders,"ACCOHIDE 3-Ring Binder, Blue, 1""",6.6080000000000005,2,0.2,2.2302,0
2932,CA-2015-168564,2015-08-08,2015-08-08,Same Day,TT-21220,Thomas Thornton,Consumer,United States,San Francisco,California,94109,West,OFF-BI-10002557,Office Supplies,Binders,Presstex Flexible Ring Binders,7.28,2,0.2,2.7299999999999995,0
2933,CA-2015-168564,2015-08-08,2015-08-08,Same Day,TT-21220,Thomas Thornton,Consumer,United States,San Francisco,California,94109,West,FUR-CH-10000785,Furniture,Chairs,Global Ergonomic Managers Chair,144.784,1,0.2,10.858800000000002,0
3094,CA-2015-114468,2015-08-23,2015-08-23,Same Day,TD-20995,Tamara Dahlen,Consumer,United States,Bolingbrook,Illinois,60440,Central,OFF-SU-10004231,Office Supplies,Supplies,Acme Tagit Stainless Steel Antibacterial Scissors,31.680000000000003,4,0.2,2.7719999999999994,0
3095,CA-2015-114468,2015-08-23,2015-08-23,Same Day,TD-20995,Tamara Dahlen,Consumer,United States,Bolingbrook,Illinois,60440,Central,OFF-PA-10000809,Office Supplies,Paper,Xerox 206,10.368000000000002,2,0.2,3.6288,0
3096,CA-2015-114468,2015-08-23,2015-08-23,Same Day,TD-20995,Tamara Dahlen,Consumer,United States,Bolingbrook,Illinois,60440,Central,OFF-FA-10003021,Office Supplies,Fasteners,Staples,12.032,8,0.2,2.2559999999999993,0
3097,CA-2015-114468,2015-08-23,2015-08-23,Same Day,TD-20995,Tamara Dahlen,Consumer,United States,Bolingbrook,Illinois,60440,Central,OFF-AP-10000696,Office Supplies,Appliances,Holmes Odor Grabber,5.767999999999999,2,0.8,-13.554800000000004,0
3157,CA-2015-139584,2015-08-24,2015-08-28,Standard Class,EM-13810,Eleni McCrary,Corporate,United States,New York City,New York,10009,East,FUR-TA-10001539,Furniture,Tables,Chromcraft Rectangular Conference Tables,284.364,2,0.4,-75.83040000000005,0
3158,CA-2015-139584,2015-08-24,2015-08-28,Standard Class,EM-13810,Eleni McCrary,Corporate,United States,New York City,New York,10009,East,TEC-AC-10001266,Technology,Accessories,Memorex Micro Travel Drive 8 GB,26.0,2,0.0,11.7,0
3348,CA-2015-112014,2015-08-13,2015-08-20,Standard Class,ON-18715,Odella Nelson,Corporate,United States,Yucaipa,California,92399,West,OFF-AR-10003156,Office Supplies,Art,50 Colored Long Pencils,50.8,5,0.0,13.208000000000002,0
4014,CA-2015-165624,2015-08-23,2015-08-28,Standard Class,FH-14350,Fred Harton,Consumer,United States,Atlanta,Georgia,30318,South,OFF-AP-10000828,Office Supplies,Appliances,Avanti 4.4 Cu. Ft. Refrigerator,542.9399999999999,3,0.0,152.02319999999997,0
4015,CA-2015-165624,2015-08-23,2015-08-28,Standard Class,FH-14350,Fred Harton,Consumer,United States,Atlanta,Georgia,30318,South,OFF-LA-10003190,Office Supplies,Labels,Avery 474,8.64,3,0.0,4.2336,0
4016,CA-2015-165624,2015-08-23,2015-08-28,Standard Class,FH-14350,Fred Harton,Consumer,United States,Atlanta,Georgia,30318,South,OFF-PA-10002319,Office Supplies,Paper,Xerox 1944,193.79999999999998,5,0.0,94.962,0
4018,CA-2015-165624,2015-08-23,2015-08-28,Standard Class,FH-14350,Fred Harton,Consumer,United States,Atlanta,Georgia,30318,South,OFF-PA-10002499,Office Supplies,Paper,Xerox 1890,97.88,2,0.0,48.94,0
4019,CA-2015-165624,2015-08-23,2015-08-28,Standard Class,FH-14350,Fred Harton,Consumer,United States,Atlanta,Georgia,30318,South,TEC-AC-10004568,Technology,Accessories,Maxell LTO Ultrium - 800 GB,251.91,9,0.0,47.86289999999998,0
4020,CA-2015-165624,2015-08-23,2015-08-28,Standard Class,FH-14350,Fred Harton,Consumer,United States,Atlanta,Georgia,30318,South,OFF-AP-10001492,Office Supplies,Appliances,"Acco Six-Outlet Power Strip, 4' Cord Length",25.86,3,0.0,6.7236,0
4095,CA-2015-102491,2015-08-24,2015-08-28,Standard Class,KW-16435,Katrina Willman,Consumer,United States,Florence,Kentucky,41042,South,TEC-AC-10003289,Technology,Accessories,Anker Ultra-Slim Mini Bluetooth 3.0 Wireless Keyboard,79.96,4,0.0,18.3908,0
4466,CA-2015-163895,2015-08-07,2015-08-11,Standard Class,NS-18640,Noel Staavos,Corporate,United States,Boise,Idaho,83704,West,OFF-BI-10004970,Office Supplies,Binders,"ACCOHIDE 3-Ring Binder, Blue, 1""",3.3040000000000003,1,0.2,1.1151,0
4635,CA-2015-130456,2015-08-21,2015-08-26,Standard Class,DS-13180,David Smith,Corporate,United States,San Francisco,California,94122,West,OFF-ST-10000736,Office Supplies,Storage,Carina Double Wide Media Storage Towers in Natural & Black,80.98,1,0.0,3.2391999999999967,0
4644,CA-2015-147501,2015-08-02,2015-08-06,Standard Class,Co-12640,Corey-Lock,Consumer,United States,Seattle,Washington,98105,West,OFF-BI-10002003,Office Supplies,Binders,Ibico Presentation Index for Binding Systems,6.368,2,0.2,2.1492,0
4796,CA-2015-120516,2015-08-13,2015-08-17,Standard Class,CK-12595,Clytie Kelty,Consumer,United States,Marietta,Georgia,30062,South,OFF-BI-10004187,Office Supplies,Binders,3-ring staple pack,5.64,3,0.0,2.7071999999999994,0
4969,CA-2015-122406,2015-08-02,2015-08-05,Second Class,BE-11455,Brad Eason,Home Office,United States,Providence,Rhode Island,2908,East,TEC-AC-10004571,Technology,Accessories,Logitech G700s Rechargeable Gaming Mouse,199.98,2,0.0,83.9916,0
4970,CA-2015-122406,2015-08-02,2015-08-05,Second Class,BE-11455,Brad Eason,Home Office,United States,Providence,Rhode Island,2908,East,FUR-CH-10001973,Furniture,Chairs,Office Star Flex Back Scooter Chair with White Frame,110.98,1,0.0,15.537199999999999,0
5100,CA-2015-141936,2015-08-07,2015-08-12,Standard Class,PN-18775,Parhena Norris,Home Office,United States,Bakersfield,California,93309,West,OFF-BI-10002194,Office Supplies,Binders,Cardinal Hold-It CD Pocket,19.152,3,0.2,6.463800000000001,0
5155,US-2015-124219,2015-08-07,2015-08-08,First Class,KW-16570,Kelly Williams,Consumer,United States,Kirkwood,Missouri,63122,Central,OFF-BI-10002215,Office Supplies,Binders,"Wilson Jones Hanging View Binder, White, 1""",28.4,4,0.0,13.063999999999998,0
5203,CA-2015-142454,2015-08-15,2015-08-19,Standard Class,RE-19450,Richard Eichhorn,Consumer,United States,Oakland,California,94601,West,FUR-FU-10004018,Furniture,Furnishings,Tensor Computer Mounted Lamp,104.23,7,0.0,28.142100000000006,0
5758,CA-2015-119634,2015-08-11,2015-08-16,Standard Class,BW-11065,Barry Weirich,Consumer,United States,Raleigh,North Carolina,27604,South,FUR-FU-10004270,Furniture,Furnishings,"Executive Impressions 13"" Clairmont Wall Clock",46.152,3,0.2,12.114900000000002,0
5855,CA-2015-112214,2015-08-05,2015-08-11,Standard Class,AH-10690,Anna Häberlin,Corporate,United States,Dallas,Texas,75220,Central,OFF-ST-10001505,Office Supplies,Storage,"Perma STOR-ALL Hanging File Box, 13 1/8""W x 12 1/4""D x 10 1/2""H",33.48800000000001,7,0.2,-1.2558000000000051,0
5857,CA-2015-112214,2015-08-05,2015-08-11,Standard Class,AH-10690,Anna Häberlin,Corporate,United States,Dallas,Texas,75220,Central,OFF-BI-10002982,Office Supplies,Binders,Avery Self-Adhesive Photo Pockets for Polaroid Photos,1.3619999999999997,1,0.8,-2.1792000000000007,0
6186,CA-2015-138331,2015-08-07,2015-08-12,Standard Class,JK-15625,Jim Karlsson,Consumer,United States,Philadelphia,Pennsylvania,19120,East,OFF-AR-10002952,Office Supplies,Art,Stanley Contemporary Battery Pencil Sharpeners,106.8,10,0.2,10.679999999999996,0
6260,CA-2015-150441,2015-08-13,2015-08-17,Second Class,RA-19285,Ralph Arnett,Consumer,United States,Richmond,Indiana,47374,Central,OFF-BI-10003529,Office Supplies,Binders,Avery Round Ring Poly Binders,11.36,4,0.0,5.5664,0
6471,CA-2015-108532,2015-08-29,2015-09-02,Standard Class,CC-12100,Chad Cunningham,Home Office,United States,Detroit,Michigan,48234,Central,TEC-PH-10001750,Technology,Phones,Samsung Rugby III,131.98,2,0.0,35.634600000000006,0
6644,US-2015-156496,2015-08-10,2015-08-16,Standard Class,WB-21850,William Brown,Consumer,United States,Redmond,Oregon,97756,West,TEC-PH-10000576,Technology,Phones,AT&T 1080 Corded phone,438.36800000000005,4,0.2,38.357200000000006,0
6646,US-2015-156496,2015-08-10,2015-08-16,Standard Class,WB-21850,William Brown,Consumer,United States,Redmond,Oregon,97756,West,OFF-AP-10001469,Office Supplies,Appliances,Fellowes 8 Outlet Superior Workstation Surge Protector,133.472,4,0.2,15.015599999999985,0
6797,CA-2015-168809,2015-08-25,2015-08-25,Same Day,MC-18100,Mick Crebagga,Consumer,United States,Houston,Texas,77041,Central,FUR-FU-10001473,Furniture,Furnishings,"Eldon Executive Woodline II Desk Accessories, Mahogany",20.104,2,0.6,-16.5858,0
6798,CA-2015-168809,2015-08-25,2015-08-25,Same Day,MC-18100,Mick Crebagga,Consumer,United States,Houston,Texas,77041,Central,OFF-BI-10000315,Office Supplies,Binders,Poly Designer Cover & Back,3.7979999999999987,1,0.8,-6.0768,0
7008,CA-2015-154823,2015-08-21,2015-08-25,Standard Class,KN-16390,Katherine Nockton,Corporate,United States,Springfield,Ohio,45503,East,OFF-BI-10001098,Office Supplies,Binders,Acco D-Ring Binder w/DublLock,12.828000000000001,2,0.7,-8.979599999999998,0
7009,CA-2015-154823,2015-08-21,2015-08-25,Standard Class,KN-16390,Katherine Nockton,Corporate,United States,Springfield,Ohio,45503,East,FUR-CH-10003379,Furniture,Chairs,Global Commerce Series High-Back Swivel/Tilt Chairs,598.458,3,0.3,-42.74699999999996,0
7010,CA-2015-154823,2015-08-21,2015-08-25,Standard Class,KN-16390,Katherine Nockton,Corporate,United States,Springfield,Ohio,45503,East,FUR-FU-10000193,Furniture,Furnishings,Tenex Chairmats For Use with Hard Floors,25.983999999999998,1,0.2,-3.8976000000000015,0
7311,CA-2015-121699,2015-08-10,2015-08-14,Standard Class,BD-11320,Bill Donatelli,Consumer,United States,Detroit,Michigan,48227,Central,OFF-BI-10004632,Office Supplies,Binders,GBC Binding covers,64.75,5,0.0,29.137499999999996,0
7615,CA-2015-113740,2015-08-24,2015-08-28,Second Class,SC-20380,Shahid Collister,Consumer,United States,New York City,New York,10035,East,FUR-FU-10000010,Furniture,Furnishings,"DAX Value U-Channel Document Frames, Easel Back",14.91,3,0.0,4.6221,0
7971,US-2015-126753,2015-08-16,2015-08-20,Standard Class,SP-20860,Sung Pak,Corporate,United States,Philadelphia,Pennsylvania,19134,East,TEC-PH-10003580,Technology,Phones,Cisco IP Phone 7961G-GE VoIP phone,519.792,4,0.4,-112.62159999999994,0
7975,US-2015-126753,2015-08-16,2015-08-20,Standard Class,SP-20860,Sung Pak,Corporate,United States,Philadelphia,Pennsylvania,19134,East,FUR-FU-10001488,Furniture,Furnishings,"Tenex 46"" x 60"" Computer Anti-Static Chairmat, Rectangular Shaped",254.35200000000003,3,0.2,0.0,0
7977,US-2015-126753,2015-08-16,2015-08-20,Standard Class,SP-20860,Sung Pak,Corporate,United States,Philadelphia,Pennsylvania,19134,East,OFF-PA-10000130,Office Supplies,Paper,Xerox 199,10.272000000000002,3,0.2,3.209999999999998,0
7980,CA-2015-113040,2015-08-27,2015-08-31,Standard Class,CC-12100,Chad Cunningham,Home Office,United States,Los Angeles,California,90045,West,OFF-BI-10001249,Office Supplies,Binders,Avery Heavy-Duty EZD View Binder with Locking Rings,5.104,1,0.2,1.6587999999999996,0
8055,CA-2015-121188,2015-08-28,2015-09-04,Standard Class,CB-12025,Cassandra Brandow,Consumer,United States,Los Angeles,California,90049,West,OFF-ST-10001490,Office Supplies,Storage,"Hot File 7-Pocket, Floor Stand",892.35,5,0.0,267.7049999999999,0
8056,CA-2015-121188,2015-08-28,2015-09-04,Standard Class,CB-12025,Cassandra Brandow,Consumer,United States,Los Angeles,California,90049,West,FUR-BO-10004695,Furniture,Bookcases,O'Sullivan 2-Door Barrister Bookcase in Odessa Pine,307.666,2,0.15,28.956799999999973,0
8057,CA-2015-121188,2015-08-28,2015-09-04,Standard Class,CB-12025,Cassandra Brandow,Consumer,United States,Los Angeles,California,90049,West,OFF-ST-10000736,Office Supplies,Storage,Carina Double Wide Media Storage Towers in Natural & Black,728.82,9,0.0,29.15279999999997,0
9189,US-2015-130512,2015-08-21,2015-08-25,Standard Class,SM-20320,Sean Miller,Home Office,United States,Allentown,Pennsylvania,18103,East,TEC-AC-10000290,Technology,Accessories,Sabrent 4-Port USB 2.0 Hub,21.728,4,0.2,3.8024000000000004,0
9190,US-2015-130512,2015-08-21,2015-08-25,Standard Class,SM-20320,Sean Miller,Home Office,United States,Allentown,Pennsylvania,18103,East,OFF-ST-10002574,Office Supplies,Storage,"SAFCO Commercial Wire Shelving, Black",663.072,6,0.2,-165.768,0
9191,US-2015-130512,2015-08-21,2015-08-25,Standard Class,SM-20320,Sean Miller,Home Office,United States,Allentown,Pennsylvania,18103,East,OFF-BI-10004519,Office Supplies,Binders,GBC DocuBind P100 Manual Binding Machine,99.58800000000001,2,0.7,-82.98999999999998,0
9430,CA-2015-166219,2015-08-28,2015-09-01,Standard Class,BP-11185,Ben Peterman,Corporate,United States,Dallas,Texas,75081,Central,TEC-PH-10004165,Technology,Phones,Mitel MiVoice 5330e IP Phone,1099.96,5,0.2,82.49699999999996,0
9433,CA-2015-119627,2015-08-17,2015-08-23,Standard Class,SC-20725,Steven Cartwright,Consumer,United States,Peoria,Arizona,85345,West,TEC-AC-10002217,Technology,Accessories,Imation Clip USB flash drive - 8 GB,30.080000000000002,2,0.2,-5.264,0
9434,CA-2015-119627,2015-08-17,2015-08-23,Standard Class,SC-20725,Steven Cartwright,Consumer,United States,Peoria,Arizona,85345,West,OFF-PA-10001937,Office Supplies,Paper,Xerox 21,36.28800000000001,7,0.2,12.700800000000001,0
9518,CA-2015-123939,2015-08-24,2015-08-26,Second Class,MS-17710,Maurice Satty,Consumer,United States,Bowling Green,Ohio,43402,East,OFF-LA-10003190,Office Supplies,Labels,Avery 474,6.911999999999999,3,0.2,2.5056000000000003,0
9543,CA-2015-135251,2015-08-06,2015-08-10,Standard Class,RP-19270,Rachel Payne,Corporate,United States,Houston,Texas,77095,Central,OFF-BI-10001097,Office Supplies,Binders,Avery Hole Reinforcements,6.229999999999999,5,0.8,-9.656500000000005,0
9544,CA-2015-135251,2015-08-06,2015-08-10,Standard Class,RP-19270,Rachel Payne,Corporate,United States,Houston,Texas,77095,Central,OFF-PA-10003302,Office Supplies,Paper,Xerox 1906,56.704,2,0.2,19.137599999999992,0
9545,CA-2015-135251,2015-08-06,2015-08-10,Standard Class,RP-19270,Rachel Payne,Corporate,United States,Houston,Texas,77095,Central,FUR-BO-10003965,Furniture,Bookcases,O'Sullivan Manor Hill 2-Door Library in Brianna Oak,369.19919999999996,3,0.32,-114.01739999999995,0
9693,CA-2015-107902,2015-08-28,2015-09-02,Standard Class,SM-20950,Suzanne McNair,Corporate,United States,Fairfield,Connecticut,6824,East,OFF-ST-10001837,Office Supplies,Storage,"SAFCO Mobile Desk Side File, Wire Frame",470.35999999999996,11,0.0,122.2936,0
9889,CA-2015-127544,2015-08-08,2015-08-12,Standard Class,RD-19585,Rob Dowd,Consumer,United States,Utica,New York,13501,East,TEC-AC-10000736,Technology,Accessories,Logitech G600 MMO Gaming Mouse,79.99,1,0.0,28.7964,0
