Row ID,Order ID,Order Date,Ship Date,Ship Mode,Customer ID,Customer Name,Segment,Country,City,State,Postal Code,Region,Product ID,Category,Sub-Category,Product Name,Sales,Quantity,Discount,Profit,Data_origen
39,CA-2015-117415,2015-12-27,2015-12-31,Standard Class,SN-20710,Steve Nguyen,Home Office,United States,Houston,Texas,77041,Central,FUR-BO-10002545,Furniture,Bookcases,"Atlantic Metals Mobile 3-Shelf Bookcases, Custom Colors",532.3992,3,0.32,-46.97640000000001,0
40,CA-2015-117415,2015-12-27,2015-12-31,Standard Class,SN-20710,Steve Nguyen,Home Office,United States,Houston,Texas,77041,Central,FUR-CH-10004218,Furniture,Chairs,"Global Fabric Manager's Chair, Dark Gray",212.058,3,0.3,-15.146999999999991,0
41,CA-2015-117415,2015-12-27,2015-12-31,Standard Class,SN-20710,Steve Nguyen,Home Office,United States,Houston,Texas,77041,Central,TEC-PH-10000486,Technology,Phones,Plantronics HL10 Handset Lifter,371.168,4,0.2,41.75639999999996,0
162,CA-2015-119697,2015-12-28,2015-12-31,Second Class,EM-13960,Eric Murdock,Consumer,United States,Philadelphia,Pennsylvania,19134,East,TEC-AC-10003657,Technology,Accessories,Lenovo 17-Key USB Numeric Keypad,54.38400000000001,2,0.2,1.359599999999995,0
221,CA-2015-169397,2015-12-24,2015-12-27,First Class,JB-15925,Joni Blumstein,Consumer,United States,Dublin,Ohio,43017,East,OFF-PA-10004000,Office Supplies,Paper,"While You Were Out Pads, 50 per Pad, 4 x 5 1/4, Green Cycle",22.704000000000004,6,0.2,8.2302,0
224,CA-2015-169397,2015-12-24,2015-12-27,First Class,JB-15925,Joni Blumstein,Consumer,United States,Dublin,Ohio,43017,East,TEC-MA-10001148,Technology,Machines,Swingline SM12-08 MicroCut Jam Free Shredder,479.98800000000006,4,0.7,-383.9904,0
345,US-2015-120712,2015-12-20,2015-12-24,Standard Class,CS-12130,Chad Sievert,Consumer,United States,Austin,Texas,78745,Central,OFF-ST-10000107,Office Supplies,Storage,Fellowes Super Stor/Drawer,88.80000000000001,4,0.2,-2.220000000000013,0
387,CA-2015-122756,2015-12-03,2015-12-07,Standard Class,DK-13225,Dean Katz,Corporate,United States,Philadelphia,Pennsylvania,19140,East,TEC-MA-10001681,Technology,Machines,Lexmark MarkNet N8150 Wireless Print Server,482.34000000000003,4,0.7,-337.6379999999998,0
460,CA-2015-109638,2015-12-15,2015-12-22,Standard Class,JH-15985,Joseph Holt,Consumer,United States,Seattle,Washington,98115,West,OFF-AP-10002472,Office Supplies,Appliances,3M Office Air Cleaner,103.92,4,0.0,36.372,0
461,CA-2015-109638,2015-12-15,2015-12-22,Standard Class,JH-15985,Joseph Holt,Consumer,United States,Seattle,Washington,98115,West,TEC-AC-10004571,Technology,Accessories,Logitech G700s Rechargeable Gaming Mouse,899.91,9,0.0,377.96220000000005,0
496,CA-2015-134782,2015-12-27,2015-12-31,Standard Class,MD-17350,Maribeth Dona,Consumer,United States,Fayetteville,Arkansas,72701,South,OFF-EN-10001434,Office Supplies,Envelopes,"Strathmore #10 Envelopes, Ultimate White",105.42,2,0.0,51.6558,0
526,CA-2015-158792,2015-12-26,2016-01-02,Standard Class,BD-11605,Brian Dahlen,Consumer,United States,Lawrence,Massachusetts,1841,East,OFF-FA-10002815,Office Supplies,Fasteners,Staples,22.200000000000003,5,0.0,10.434000000000001,0
539,CA-2015-134894,2015-12-07,2015-12-11,Standard Class,DK-12985,Darren Koutras,Consumer,United States,Henderson,Kentucky,42420,South,OFF-AP-10001271,Office Supplies,Appliances,Eureka The Boss Cordless Rechargeable Stick Vac,152.94,3,0.0,41.293800000000005,0
564,CA-2015-130736,2015-12-07,2015-12-09,First Class,JF-15490,Jeremy Farry,Consumer,United States,Seattle,Washington,98105,West,OFF-FA-10003467,Office Supplies,Fasteners,"Alliance Big Bands Rubber Bands, 12/Pack",3.96,2,0.0,0.0,0
797,CA-2015-124653,2015-12-24,2015-12-26,First Class,DB-13120,David Bremer,Corporate,United States,Rochester,New York,14609,East,OFF-PA-10000176,Office Supplies,Paper,Xerox 1887,132.79,7,0.0,63.7392,0
799,CA-2015-124653,2015-12-24,2015-12-26,First Class,DB-13120,David Bremer,Corporate,United States,Rochester,New York,14609,East,OFF-LA-10002271,Office Supplies,Labels,Smead Alpha-Z Color-Coded Second Alphabetical Labels and Starter Set,21.560000000000002,7,0.0,10.348799999999999,0
980,CA-2015-157035,2015-12-09,2015-12-12,First Class,KB-16600,Ken Brennan,Corporate,United States,Columbus,Indiana,47201,Central,OFF-PA-10004156,Office Supplies,Paper,Xerox 188,34.019999999999996,3,0.0,16.6698,0
1014,US-2015-126214,2015-12-21,2015-12-24,Second Class,JS-15880,John Stevenson,Consumer,United States,Seattle,Washington,98103,West,FUR-TA-10003748,Furniture,Tables,Bevis 36 x 72 Conference Tables,1618.37,13,0.0,356.04139999999995,0
1092,CA-2015-143490,2015-12-06,2015-12-13,Standard Class,NP-18325,Naresj Patel,Consumer,United States,San Diego,California,92105,West,OFF-AR-10002952,Office Supplies,Art,Stanley Contemporary Battery Pencil Sharpeners,120.14999999999999,9,0.0,33.641999999999996,0
1094,CA-2015-165085,2015-12-27,2015-12-31,Standard Class,BT-11485,Brad Thomas,Home Office,United States,Clinton,Maryland,20735,East,OFF-PA-10000605,Office Supplies,Paper,Xerox 1950,28.900000000000002,5,0.0,14.161000000000001,0
1370,US-2015-103471,2015-12-24,2015-12-28,Standard Class,JR-15670,Jim Radford,Consumer,United States,Colorado Springs,Colorado,80906,West,FUR-BO-10002613,Furniture,Bookcases,"Atlantic Metals Mobile 4-Shelf Bookcases, Custom Colors",590.0580000000001,7,0.7,-786.7440000000003,0
1522,CA-2015-144806,2015-12-06,2015-12-11,Standard Class,GH-14425,Gary Hwang,Consumer,United States,Tucson,Arizona,85705,West,FUR-FU-10002253,Furniture,Furnishings,"Howard Miller 13"" Diameter Pewter Finish Round Wall Clock",206.11199999999997,6,0.2,48.95160000000001,0
1524,CA-2015-144806,2015-12-06,2015-12-11,Standard Class,GH-14425,Gary Hwang,Consumer,United States,Tucson,Arizona,85705,West,OFF-PA-10003039,Office Supplies,Paper,Xerox 1960,198.27200000000002,8,0.2,61.95999999999999,0
1526,CA-2015-144806,2015-12-06,2015-12-11,Standard Class,GH-14425,Gary Hwang,Consumer,United States,Tucson,Arizona,85705,West,OFF-AR-10004042,Office Supplies,Art,"BOSTON Model 1800 Electric Pencil Sharpeners, Putty/Woodgrain",86.304,6,0.2,9.709199999999989,0
1625,CA-2015-157084,2015-12-19,2015-12-24,Standard Class,JG-15160,James Galang,Consumer,United States,Los Angeles,California,90049,West,TEC-PH-10002922,Technology,Phones,ShoreTel ShorePhone IP 230 VoIP phone,675.96,5,0.2,84.49499999999995,0
1626,CA-2015-157084,2015-12-19,2015-12-24,Standard Class,JG-15160,James Galang,Consumer,United States,Los Angeles,California,90049,West,TEC-AC-10002049,Technology,Accessories,Plantronics Savi W720 Multi-Device Wireless Headset System,1265.85,3,0.0,556.974,0
1698,CA-2015-148376,2015-12-27,2015-12-31,Standard Class,AG-10900,Arthur Gainer,Consumer,United States,Los Angeles,California,90008,West,OFF-AP-10000240,Office Supplies,Appliances,Belkin F9G930V10-GRY 9 Outlet Surge,106.96,2,0.0,31.018399999999986,0
1699,CA-2015-148376,2015-12-27,2015-12-31,Standard Class,AG-10900,Arthur Gainer,Consumer,United States,Los Angeles,California,90008,West,OFF-LA-10002381,Office Supplies,Labels,Avery 497,21.560000000000002,7,0.0,10.348799999999999,0
1722,US-2015-123218,2015-12-20,2015-12-25,Standard Class,KD-16345,Katherine Ducich,Consumer,United States,Chicago,Illinois,60623,Central,TEC-PH-10001061,Technology,Phones,Apple iPhone 5C,159.984,2,0.2,11.998799999999996,0
1756,CA-2015-135622,2015-12-08,2015-12-11,Second Class,TT-21460,Tonja Turnell,Home Office,United States,Fort Worth,Texas,76106,Central,OFF-PA-10000100,Office Supplies,Paper,Xerox 1945,360.712,11,0.2,130.7581,0
2012,CA-2015-155761,2015-12-11,2015-12-11,Same Day,SC-20800,Stuart Calhoun,Consumer,United States,Houston,Texas,77041,Central,TEC-AC-10001606,Technology,Accessories,Logitech Wireless Performance Mouse MX for PC and Mac,159.984,2,0.2,35.9964,0
2082,CA-2015-120103,2015-12-24,2015-12-29,Standard Class,MS-17365,Maribeth Schnelling,Consumer,United States,Phoenix,Arizona,85023,West,FUR-FU-10002885,Furniture,Furnishings,Magna Visual Magnetic Picture Hangers,7.712000000000001,2,0.2,1.7352000000000005,0
2137,CA-2015-156377,2015-12-31,2016-01-05,Standard Class,TB-21625,Trudy Brown,Consumer,United States,Grand Prairie,Texas,75051,Central,FUR-FU-10002364,Furniture,Furnishings,"Eldon Expressions Wood Desk Accessories, Oak",14.76,5,0.6,-11.439000000000004,0
2222,CA-2015-131884,2015-12-06,2015-12-06,Same Day,DK-13375,Dennis Kane,Consumer,United States,Marion,Ohio,43302,East,TEC-PH-10001578,Technology,Phones,Polycom SoundStation2 EX Conference phone,485.93999999999994,2,0.4,-89.08900000000006,0
2223,CA-2015-131884,2015-12-06,2015-12-06,Same Day,DK-13375,Dennis Kane,Consumer,United States,Marion,Ohio,43302,East,OFF-AR-10004078,Office Supplies,Art,Newell 312,37.376,8,0.2,4.671999999999999,0
2224,CA-2015-131884,2015-12-06,2015-12-06,Same Day,DK-13375,Dennis Kane,Consumer,United States,Marion,Ohio,43302,East,FUR-CH-10004860,Furniture,Chairs,Global Low Back Tilter Chair,70.68599999999999,1,0.3,-24.23520000000001,0
2262,US-2015-137960,2015-12-18,2015-12-18,Same Day,MW-18220,Mitch Webber,Consumer,United States,New York City,New York,10035,East,TEC-AC-10002253,Technology,Accessories,Imation Bio 8GB USB Flash Drive Imation Corp,166.24,1,0.0,24.936000000000007,0
2320,CA-2015-117828,2015-12-23,2015-12-26,First Class,BD-11500,Bradley Drucker,Consumer,United States,Richmond,Virginia,23223,South,OFF-AP-10001563,Office Supplies,Appliances,Belkin Premiere Surge Master II 8-outlet surge protector,194.32,4,0.0,56.352799999999974,0
2322,CA-2015-109470,2015-12-31,2016-01-03,Second Class,KC-16255,Karen Carlisle,Corporate,United States,Henderson,Kentucky,42420,South,OFF-BI-10004492,Office Supplies,Binders,Tuf-Vin Binders,94.74,3,0.0,44.52779999999999,0
2323,CA-2015-109470,2015-12-31,2016-01-03,Second Class,KC-16255,Karen Carlisle,Corporate,United States,Henderson,Kentucky,42420,South,OFF-BI-10001072,Office Supplies,Binders,"GBC Clear Cover, 8-1/2 x 11, unpunched, 25 covers per pack",60.64,4,0.0,27.894399999999997,0
2324,CA-2015-109470,2015-12-31,2016-01-03,Second Class,KC-16255,Karen Carlisle,Corporate,United States,Henderson,Kentucky,42420,South,OFF-BI-10003707,Office Supplies,Binders,Aluminum Screw Posts,76.3,5,0.0,38.15,0
2330,US-2015-147739,2015-12-25,2015-12-29,Standard Class,JD-16150,Justin Deggeller,Corporate,United States,Philadelphia,Pennsylvania,19140,East,FUR-FU-10001468,Furniture,Furnishings,Tenex Antistatic Computer Chair Mats,547.136,4,0.2,-68.39200000000005,0
2379,CA-2015-148628,2015-12-06,2015-12-11,Standard Class,KM-16375,Katherine Murray,Home Office,United States,Thousand Oaks,California,91360,West,OFF-PA-10003883,Office Supplies,Paper,"Message Book, Phone, Wirebound Standard Line Memo, 2 3/4"" X 5""",32.75,5,0.0,15.065,0
2390,US-2015-127040,2015-12-06,2015-12-10,Standard Class,SG-20605,Speros Goranitis,Consumer,United States,New York City,New York,10009,East,OFF-PA-10004255,Office Supplies,Paper,Xerox 219,6.48,1,0.0,3.1104000000000003,0
2392,US-2015-127040,2015-12-06,2015-12-10,Standard Class,SG-20605,Speros Goranitis,Consumer,United States,New York City,New York,10009,East,TEC-AC-10002637,Technology,Accessories,Logitech VX Revolution Cordless Laser Mouse for Notebooks (Black),1619.91,9,0.0,97.19459999999992,0
2711,US-2015-120572,2015-12-11,2015-12-15,Standard Class,GH-14425,Gary Hwang,Consumer,United States,Jacksonville,Florida,32216,South,OFF-BI-10001098,Office Supplies,Binders,Acco D-Ring Binder w/DublLock,12.828000000000001,2,0.7,-8.979599999999998,0
2749,CA-2015-110247,2015-12-04,2015-12-08,Standard Class,RH-19555,Ritsa Hightower,Consumer,United States,Tallahassee,Florida,32303,South,OFF-BI-10001553,Office Supplies,Binders,SpineVue Locking Slant-D Ring Binders by Cardinal,8.226,3,0.7,-6.032399999999999,0
2777,CA-2015-127019,2015-12-21,2015-12-25,Standard Class,ER-13855,Elpida Rittenbach,Corporate,United States,Colorado Springs,Colorado,80906,West,OFF-AP-10003971,Office Supplies,Appliances,Belkin 6 Outlet Metallic Surge Strip,60.98400000000001,7,0.2,4.5737999999999985,0
2959,CA-2015-158456,2015-12-24,2015-12-29,Standard Class,KT-16465,Kean Takahito,Consumer,United States,Los Angeles,California,90032,West,OFF-BI-10001097,Office Supplies,Binders,Avery Hole Reinforcements,19.936000000000003,4,0.2,7.2268,0
2960,CA-2015-158456,2015-12-24,2015-12-29,Standard Class,KT-16465,Kean Takahito,Consumer,United States,Los Angeles,California,90032,West,OFF-FA-10004854,Office Supplies,Fasteners,"Vinyl Coated Wire Paper Clips in Organizer Box, 800/Box",45.92,4,0.0,21.5824,0
3152,CA-2015-147830,2015-12-15,2015-12-18,First Class,NF-18385,Natalie Fritzler,Consumer,United States,Newark,Ohio,43055,East,TEC-MA-10000418,Technology,Machines,Cubify CubeX 3D Printer Double Head Print,1799.9940000000001,2,0.7,-2639.9912000000004,0
3153,CA-2015-147830,2015-12-15,2015-12-18,First Class,NF-18385,Natalie Fritzler,Consumer,United States,Newark,Ohio,43055,East,TEC-PH-10004908,Technology,Phones,Panasonic KX TS3282W Corded phone,101.98799999999999,2,0.4,-16.99800000000002,0
3154,CA-2015-147830,2015-12-15,2015-12-18,First Class,NF-18385,Natalie Fritzler,Consumer,United States,Newark,Ohio,43055,East,FUR-FU-10004091,Furniture,Furnishings,"Howard Miller 13"" Diameter Goldtone Round Wall Clock",262.864,7,0.2,69.00180000000002,0
3191,US-2015-163783,2015-12-27,2016-01-01,Standard Class,DR-12940,Daniel Raglin,Home Office,United States,Chicago,Illinois,60610,Central,OFF-ST-10002957,Office Supplies,Storage,Sterilite Show Offs Storage Containers,12.672,3,0.2,-3.168,0
3291,CA-2015-157770,2015-12-13,2015-12-15,First Class,RD-19585,Rob Dowd,Consumer,United States,Temecula,California,92592,West,TEC-AC-10003399,Technology,Accessories,Memorex Mini Travel Drive 64 GB USB 2.0 Flash Drive,36.24,1,0.0,15.2208,0
3363,CA-2015-139962,2015-12-13,2015-12-20,Standard Class,Dp-13240,Dean percer,Home Office,United States,Revere,Massachusetts,2151,East,OFF-PA-10004451,Office Supplies,Paper,Xerox 222,19.44,3,0.0,9.3312,0
3374,CA-2015-161718,2015-12-04,2015-12-10,Standard Class,SO-20335,Sean O'Donnell,Consumer,United States,Hempstead,New York,11550,East,FUR-FU-10002445,Furniture,Furnishings,"DAX Two-Tone Rosewood/Black Document Frame, Desktop, 5 x 7",28.44,3,0.0,11.376000000000001,0
3377,CA-2015-161718,2015-12-04,2015-12-10,Standard Class,SO-20335,Sean O'Donnell,Consumer,United States,Hempstead,New York,11550,East,FUR-CH-10002965,Furniture,Chairs,"Global Leather Highback Executive Chair with Pneumatic Height Adjustment, Black",361.764,2,0.1,68.3332,0
3383,CA-2015-130659,2015-12-04,2015-12-09,Second Class,MS-17365,Maribeth Schnelling,Consumer,United States,New York City,New York,10035,East,OFF-EN-10004147,Office Supplies,Envelopes,Wausau Papers Astrobrights Colored Envelopes,17.94,3,0.0,8.790600000000001,0
3384,CA-2015-130659,2015-12-04,2015-12-09,Second Class,MS-17365,Maribeth Schnelling,Consumer,United States,New York City,New York,10035,East,FUR-CH-10003535,Furniture,Chairs,"Global Armless Task Chair, Royal Blue",384.174,7,0.1,29.88019999999998,0
3583,CA-2015-121650,2015-12-10,2015-12-16,Standard Class,KD-16495,Keith Dawkins,Corporate,United States,Jackson,Michigan,49201,Central,OFF-AR-10001149,Office Supplies,Art,"Avery Hi-Liter Comfort Grip Fluorescent Highlighter, Yellow Ink",3.9,2,0.0,1.521,0
3586,CA-2015-121650,2015-12-10,2015-12-16,Standard Class,KD-16495,Keith Dawkins,Corporate,United States,Jackson,Michigan,49201,Central,OFF-LA-10001045,Office Supplies,Labels,Permanent Self-Adhesive File Folder Labels for Typewriters by Universal,2.61,1,0.0,1.2006,0
3677,CA-2015-156440,2015-12-05,2015-12-09,Standard Class,MH-17620,Matt Hagelstein,Corporate,United States,San Diego,California,92105,West,FUR-FU-10004090,Furniture,Furnishings,"Executive Impressions 14"" Contract Wall Clock",44.46,2,0.0,14.671799999999998,0
3768,CA-2015-103205,2015-12-08,2015-12-10,Second Class,JJ-15760,Joel Jenkins,Home Office,United States,Houston,Texas,77036,Central,TEC-PH-10004896,Technology,Phones,Nokia Lumia 521 (T-Mobile),119.96000000000001,5,0.2,11.996000000000002,0
3920,US-2015-148817,2015-12-01,2015-12-07,Standard Class,KD-16495,Keith Dawkins,Corporate,United States,Chesapeake,Virginia,23320,South,OFF-ST-10001321,Office Supplies,Storage,"Decoflex Hanging Personal Folder File, Blue",61.68,4,0.0,16.653600000000004,0
3921,US-2015-148817,2015-12-01,2015-12-07,Standard Class,KD-16495,Keith Dawkins,Corporate,United States,Chesapeake,Virginia,23320,South,OFF-BI-10004233,Office Supplies,Binders,"GBC Pre-Punched Binding Paper, Plastic, White, 8-1/2"" x 11""",63.96,4,0.0,30.7008,0
4008,US-2015-168732,2015-12-10,2015-12-16,Standard Class,KM-16660,Khloe Miller,Consumer,United States,Roswell,Georgia,30076,South,TEC-AC-10001553,Technology,Accessories,"Memorex 25GB 6X Branded Blu-Ray Recordable Disc, 15/Pack",101.94,6,0.0,21.4074,0
4073,CA-2015-156104,2015-12-06,2015-12-08,Second Class,NP-18685,Nora Pelletier,Home Office,United States,Indianapolis,Indiana,46203,Central,TEC-CO-10002095,Technology,Copiers,Hewlett Packard 610 Color Digital Copier / Printer,999.98,2,0.0,449.991,0
4078,CA-2015-100685,2015-12-19,2015-12-21,Second Class,SM-20950,Suzanne McNair,Corporate,United States,Omaha,Nebraska,68104,Central,OFF-FA-10003472,Office Supplies,Fasteners,Bagged Rubber Bands,5.04,4,0.0,0.2016,0
4112,CA-2015-153717,2015-12-25,2016-01-01,Standard Class,DL-13495,Dionis Lloyd,Corporate,United States,Detroit,Michigan,48227,Central,OFF-PA-10002160,Office Supplies,Paper,Xerox 1978,17.34,3,0.0,8.4966,0
4158,CA-2015-101091,2015-12-05,2015-12-09,Second Class,SW-20245,Scot Wooten,Consumer,United States,Philadelphia,Pennsylvania,19140,East,OFF-BI-10001107,Office Supplies,Binders,"GBC White Gloss Covers, Plain Front",26.064000000000007,6,0.7,-19.98239999999999,0
4202,CA-2015-143105,2015-12-10,2015-12-10,Same Day,MA-17560,Matt Abelman,Home Office,United States,New York City,New York,10024,East,OFF-PA-10002713,Office Supplies,Paper,"Adams Phone Message Book, 200 Message Capacity, 8 1/16” x 11”",41.28,6,0.0,18.988799999999998,0
4334,CA-2015-112375,2015-12-21,2015-12-27,Standard Class,RD-19720,Roger Demir,Consumer,United States,Daytona Beach,Florida,32114,South,TEC-AC-10003237,Technology,Accessories,Memorex Micro Travel Drive 4 GB,50.88,6,0.2,14.628000000000005,0
4561,CA-2015-118871,2015-12-04,2015-12-09,Second Class,HM-14860,Harry Marie,Corporate,United States,Los Angeles,California,90049,West,OFF-EN-10003296,Office Supplies,Envelopes,Tyvek Side-Opening Peel & Seel Expanding Envelopes,271.44,3,0.0,122.148,0
4695,US-2015-138121,2015-12-17,2015-12-17,Same Day,JL-15835,John Lee,Consumer,United States,Detroit,Michigan,48205,Central,OFF-BI-10000320,Office Supplies,Binders,GBC Plastic Binding Combs,29.52,4,0.0,14.4648,0
4698,US-2015-138121,2015-12-17,2015-12-17,Same Day,JL-15835,John Lee,Consumer,United States,Detroit,Michigan,48205,Central,FUR-CH-10003817,Furniture,Chairs,"Global Value Steno Chair, Gray",546.66,9,0.0,136.66500000000002,0
4699,US-2015-138121,2015-12-17,2015-12-17,Same Day,JL-15835,John Lee,Consumer,United States,Detroit,Michigan,48205,Central,FUR-FU-10002116,Furniture,Furnishings,"Tenex Carpeted, Granite-Look or Clear Contemporary Contour Shape Chair Mats",212.13,3,0.0,14.849099999999979,0
4718,CA-2015-129042,2015-12-12,2015-12-17,Standard Class,EM-13960,Eric Murdock,Consumer,United States,Baltimore,Maryland,21215,East,OFF-AR-10001662,Office Supplies,Art,Rogers Handheld Barrel Pencil Sharpener,8.22,3,0.0,2.2194000000000007,0
4785,CA-2015-104346,2015-12-11,2015-12-16,Standard Class,IM-15070,Irene Maddox,Consumer,United States,Colorado Springs,Colorado,80906,West,OFF-AR-10001473,Office Supplies,Art,Newell 313,13.120000000000001,5,0.2,1.1480000000000006,0
4789,CA-2015-104346,2015-12-11,2015-12-16,Standard Class,IM-15070,Irene Maddox,Consumer,United States,Colorado Springs,Colorado,80906,West,FUR-FU-10002456,Furniture,Furnishings,"Master Caster Door Stop, Large Neon Orange",52.416000000000004,9,0.2,15.069600000000007,0
4790,CA-2015-104346,2015-12-11,2015-12-16,Standard Class,IM-15070,Irene Maddox,Consumer,United States,Colorado Springs,Colorado,80906,West,FUR-FU-10001473,Furniture,Furnishings,DAX Wood Document Frame,54.92000000000001,5,0.2,10.983999999999996,0
4791,CA-2015-104346,2015-12-11,2015-12-16,Standard Class,IM-15070,Irene Maddox,Consumer,United States,Colorado Springs,Colorado,80906,West,FUR-TA-10000849,Furniture,Tables,Bevis Rectangular Conference Tables,364.95,5,0.5,-248.16599999999994,0
4792,CA-2015-104346,2015-12-11,2015-12-16,Standard Class,IM-15070,Irene Maddox,Consumer,United States,Colorado Springs,Colorado,80906,West,OFF-PA-10001166,Office Supplies,Paper,Xerox 1932,85.056,3,0.2,28.70639999999999,0
4793,CA-2015-104346,2015-12-11,2015-12-16,Standard Class,IM-15070,Irene Maddox,Consumer,United States,Colorado Springs,Colorado,80906,West,OFF-PA-10003256,Office Supplies,Paper,Avery Personal Creations Heavyweight Cards,27.695999999999998,3,0.2,9.693599999999996,0
4810,CA-2015-151589,2015-12-27,2015-12-30,First Class,RE-19450,Richard Eichhorn,Consumer,United States,Eau Claire,Wisconsin,54703,Central,OFF-PA-10003228,Office Supplies,Paper,Xerox 1917,195.64,4,0.0,91.95079999999999,0
4811,CA-2015-151589,2015-12-27,2015-12-30,First Class,RE-19450,Richard Eichhorn,Consumer,United States,Eau Claire,Wisconsin,54703,Central,TEC-PH-10004345,Technology,Phones,Cisco SPA 502G IP Phone,239.9,2,0.0,71.97,0
4977,CA-2015-165050,2015-12-07,2015-12-09,First Class,AH-10210,Alan Hwang,Consumer,United States,New York City,New York,10024,East,OFF-BI-10001031,Office Supplies,Binders,Pressboard Data Binders by Wilson Jones,21.36,5,0.2,7.209,0
4978,CA-2015-165050,2015-12-07,2015-12-09,First Class,AH-10210,Alan Hwang,Consumer,United States,New York City,New York,10024,East,OFF-BI-10003727,Office Supplies,Binders,Avery Durable Slant Ring Binders With Label Holder,6.688,2,0.2,2.3407999999999998,0
4993,CA-2015-153038,2015-12-18,2015-12-25,Standard Class,RB-19645,Robert Barroso,Corporate,United States,Memphis,Tennessee,38109,South,OFF-EN-10000461,Office Supplies,Envelopes,"#10- 4 1/8"" x 9 1/2"" Recycled Envelopes",55.93600000000001,8,0.2,18.8784,0
5082,US-2015-137533,2015-12-18,2015-12-18,Same Day,JK-15640,Jim Kriz,Home Office,United States,Cleveland,Ohio,44105,East,OFF-PA-10003441,Office Supplies,Paper,Xerox 226,20.736000000000004,4,0.2,7.2576,0
5325,CA-2015-119508,2015-12-04,2015-12-09,Standard Class,TZ-21580,Tracy Zic,Consumer,United States,Lakewood,California,90712,West,OFF-AR-10003723,Office Supplies,Art,Avery Hi-Liter Fluorescent Desk Style Markers,16.9,5,0.0,6.253,0
5326,CA-2015-119508,2015-12-04,2015-12-09,Standard Class,TZ-21580,Tracy Zic,Consumer,United States,Lakewood,California,90712,West,FUR-FU-10004270,Furniture,Furnishings,"Eldon Image Series Desk Accessories, Burgundy",25.08,6,0.0,9.0288,0
5558,CA-2015-125066,2015-12-14,2015-12-18,Standard Class,KD-16495,Keith Dawkins,Corporate,United States,Jackson,Mississippi,39212,South,OFF-AR-10003582,Office Supplies,Art,"Boston Electric Pencil Sharpener, Model 1818, Charcoal Black",56.3,2,0.0,15.764000000000003,0
5559,US-2015-114741,2015-12-06,2015-12-10,Standard Class,IL-15100,Ivan Liston,Consumer,United States,North Las Vegas,Nevada,89031,West,OFF-PA-10000048,Office Supplies,Paper,Xerox 20,6.48,1,0.0,3.1104000000000003,0
5560,US-2015-114741,2015-12-06,2015-12-10,Standard Class,IL-15100,Ivan Liston,Consumer,United States,North Las Vegas,Nevada,89031,West,OFF-ST-10000078,Office Supplies,Storage,Tennsco 6- and 18-Compartment Lockers,1325.8500000000001,5,0.0,238.6529999999999,0
5561,US-2015-114741,2015-12-06,2015-12-10,Standard Class,IL-15100,Ivan Liston,Consumer,United States,North Las Vegas,Nevada,89031,West,OFF-LA-10004853,Office Supplies,Labels,Avery 483,14.940000000000001,3,0.0,6.8724,0
5605,CA-2015-142475,2015-12-03,2015-12-07,Standard Class,BS-11380,Bill Stewart,Corporate,United States,New York City,New York,10011,East,OFF-BI-10003718,Office Supplies,Binders,GBC Therma-A-Bind 250T Electric Binding System,590.352,6,0.2,206.62319999999997,0
5635,CA-2015-134943,2015-12-05,2015-12-06,First Class,SU-20665,Stephanie Ulpright,Home Office,United States,Ann Arbor,Michigan,48104,Central,OFF-BI-10000666,Office Supplies,Binders,Surelock Post Binders,152.79999999999998,5,0.0,76.39999999999999,0
5690,CA-2015-119550,2015-12-26,2015-12-31,Standard Class,RB-19705,Roger Barcio,Home Office,United States,Houston,Texas,77070,Central,FUR-CH-10002044,Furniture,Chairs,"Office Star - Contemporary Task Swivel chair with 2-way adjustable arms, Plum",275.058,3,0.3,-90.3762,0
5692,US-2015-138093,2015-12-10,2015-12-16,Standard Class,KM-16225,Kalyca Meade,Corporate,United States,Baltimore,Maryland,21215,East,OFF-PA-10001509,Office Supplies,Paper,"Recycled Desk Saver Line ""While You Were Out"" Book, 5 1/2"" X 4""",44.75,5,0.0,20.584999999999994,0
5693,US-2015-138093,2015-12-10,2015-12-16,Standard Class,KM-16225,Kalyca Meade,Corporate,United States,Baltimore,Maryland,21215,East,TEC-PH-10004667,Technology,Phones,Cisco 8x8 Inc. 6753i IP Business Phone System,134.99,1,0.0,36.4473,0
5694,US-2015-138093,2015-12-10,2015-12-16,Standard Class,KM-16225,Kalyca Meade,Corporate,United States,Baltimore,Maryland,21215,East,OFF-PA-10000143,Office Supplies,Paper,Astroparche Fine Business Paper,26.400000000000002,5,0.0,12.672,0
5695,US-2015-138093,2015-12-10,2015-12-16,Standard Class,KM-16225,Kalyca Meade,Corporate,United States,Baltimore,Maryland,21215,East,FUR-CH-10000785,Furniture,Chairs,Global Ergonomic Managers Chair,542.9399999999999,3,0.0,141.1644,0
5782,CA-2015-155586,2015-12-12,2015-12-16,Second Class,XP-21865,Xylona Preis,Consumer,United States,Chico,California,95928,West,OFF-AR-10001547,Office Supplies,Art,Newell 311,2.21,1,0.0,0.5967,0
5783,CA-2015-155586,2015-12-12,2015-12-16,Second Class,XP-21865,Xylona Preis,Consumer,United States,Chico,California,95928,West,OFF-EN-10003072,Office Supplies,Envelopes,Peel & Seel Envelopes,15.52,4,0.0,7.4496,0
5784,CA-2015-155586,2015-12-12,2015-12-16,Second Class,XP-21865,Xylona Preis,Consumer,United States,Chico,California,95928,West,OFF-PA-10000726,Office Supplies,Paper,"Black Print Carbonless Snap-Off Rapid Letter, 8 1/2"" x 7""",36.44,4,0.0,16.397999999999996,0
6010,CA-2015-135580,2015-12-30,2016-01-03,Standard Class,CL-12565,Clay Ludtke,Consumer,United States,Los Angeles,California,90049,West,OFF-ST-10000798,Office Supplies,Storage,2300 Heavy-Duty Transfer File Systems by Perma,74.94,3,0.0,14.238599999999995,0
6011,CA-2015-135580,2015-12-30,2016-01-03,Standard Class,CL-12565,Clay Ludtke,Consumer,United States,Los Angeles,California,90049,West,TEC-MA-10004002,Technology,Machines,Zebra GX420t Direct Thermal/Thermal Transfer Printer,2548.5600000000004,6,0.2,286.7129999999996,0
6012,CA-2015-135580,2015-12-30,2016-01-03,Standard Class,CL-12565,Clay Ludtke,Consumer,United States,Los Angeles,California,90049,West,OFF-EN-10003296,Office Supplies,Envelopes,Tyvek Side-Opening Peel & Seel Expanding Envelopes,271.44,3,0.0,122.148,0
6063,CA-2015-111780,2015-12-25,2015-12-30,Second Class,RA-19285,Ralph Arnett,Consumer,United States,San Diego,California,92037,West,TEC-CO-10004202,Technology,Copiers,Brother DCP1000 Digital 3 in 1 Multifunction Machine,1199.96,5,0.2,224.99249999999995,0
6065,CA-2015-111780,2015-12-25,2015-12-30,Second Class,RA-19285,Ralph Arnett,Consumer,United States,San Diego,California,92037,West,OFF-PA-10001667,Office Supplies,Paper,Great White Multi-Use Recycled Paper (20Lb. and 84 Bright),17.94,3,0.0,8.073,0
6073,CA-2015-120901,2015-12-31,2016-01-04,Standard Class,BG-11035,Barry Gonzalez,Consumer,United States,Austin,Texas,78745,Central,OFF-FA-10001561,Office Supplies,Fasteners,Stockwell Push Pins,3.4880000000000004,2,0.2,0.5668,0
6074,CA-2015-120901,2015-12-31,2016-01-04,Standard Class,BG-11035,Barry Gonzalez,Consumer,United States,Austin,Texas,78745,Central,OFF-SU-10001225,Office Supplies,Supplies,Staple remover,5.888000000000001,2,0.2,-1.3248000000000004,0
6240,CA-2015-134075,2015-12-12,2015-12-16,Standard Class,HA-14905,Helen Abelman,Consumer,United States,San Jose,California,95123,West,OFF-ST-10001496,Office Supplies,Storage,Standard Rollaway File with Lock,360.38,2,0.0,93.6988,0
6578,CA-2015-153752,2015-12-06,2015-12-11,Second Class,RO-19780,Rose O'Brian,Consumer,United States,Arlington,Virginia,22204,South,TEC-PH-10001615,Technology,Phones,AT&T CL82213,173.94,6,0.0,50.44259999999998,0
6685,US-2015-129637,2015-12-17,2015-12-22,Standard Class,MC-18100,Mick Crebagga,Consumer,United States,Bloomington,Illinois,61701,Central,OFF-ST-10003716,Office Supplies,Storage,Tennsco Double-Tier Lockers,180.01600000000002,1,0.2,-15.751400000000004,0
6841,CA-2015-166338,2015-12-06,2015-12-07,First Class,MP-18175,Mike Pelletier,Home Office,United States,Troy,Ohio,45373,East,OFF-BI-10002852,Office Supplies,Binders,Ibico Standard Transparent Covers,14.832000000000003,3,0.7,-10.382399999999997,0
6873,CA-2015-162544,2015-12-16,2015-12-19,First Class,SG-20080,Sandra Glassco,Consumer,United States,Seattle,Washington,98105,West,OFF-PA-10004948,Office Supplies,Paper,Xerox 190,4.98,1,0.0,2.3406000000000002,0
6880,CA-2015-137113,2015-12-01,2015-12-05,Second Class,TW-21025,Tamara Willingham,Home Office,United States,Seattle,Washington,98105,West,FUR-CH-10001215,Furniture,Chairs,Global Troy Executive Leather Low-Back Tilter,2003.9200000000003,5,0.2,125.24499999999995,0
6881,CA-2015-137113,2015-12-01,2015-12-05,Second Class,TW-21025,Tamara Willingham,Home Office,United States,Seattle,Washington,98105,West,OFF-PA-10004255,Office Supplies,Paper,Xerox 219,32.400000000000006,5,0.0,15.552000000000001,0
6882,CA-2015-137113,2015-12-01,2015-12-05,Second Class,TW-21025,Tamara Willingham,Home Office,United States,Seattle,Washington,98105,West,FUR-TA-10001705,Furniture,Tables,Bush Advantage Collection Round Conference Table,1913.3999999999999,9,0.0,401.81399999999985,0
6883,CA-2015-137113,2015-12-01,2015-12-05,Second Class,TW-21025,Tamara Willingham,Home Office,United States,Seattle,Washington,98105,West,OFF-ST-10002554,Office Supplies,Storage,Tennsco Industrial Shelving,146.73,3,0.0,2.934600000000003,0
6884,CA-2015-137113,2015-12-01,2015-12-05,Second Class,TW-21025,Tamara Willingham,Home Office,United States,Seattle,Washington,98105,West,OFF-PA-10002222,Office Supplies,Paper,"Xerox Color Copier Paper, 11"" x 17"", Ream",114.2,5,0.0,52.532,0
7100,CA-2015-124933,2015-12-26,2015-12-30,Second Class,DF-13135,David Flashing,Consumer,United States,New York City,New York,10009,East,OFF-PA-10003302,Office Supplies,Paper,Xerox 1906,212.64,6,0.0,99.94079999999998,0
7154,CA-2015-106208,2015-12-10,2015-12-15,Standard Class,JW-16075,Julia West,Consumer,United States,Chicago,Illinois,60610,Central,OFF-AP-10004980,Office Supplies,Appliances,3M Replacement Filter for Office Air Cleaner for 20' x 33' Room,53.087999999999994,7,0.8,-108.8304,0
7155,US-2015-136749,2015-12-25,2015-12-27,Second Class,LH-16900,Lena Hernandez,Consumer,United States,Columbus,Georgia,31907,South,FUR-FU-10000747,Furniture,Furnishings,Tenex B1-RE Series Chair Mats for Low Pile Carpets,275.88,6,0.0,46.899599999999964,0
7336,CA-2015-113152,2015-12-25,2015-12-30,Standard Class,JK-15625,Jim Karlsson,Consumer,United States,New York City,New York,10024,East,TEC-AC-10002049,Technology,Accessories,Plantronics Savi W720 Multi-Device Wireless Headset System,843.9,2,0.0,371.31600000000003,0
7337,CA-2015-113152,2015-12-25,2015-12-30,Standard Class,JK-15625,Jim Karlsson,Consumer,United States,New York City,New York,10024,East,FUR-BO-10002613,Furniture,Bookcases,"Atlantic Metals Mobile 4-Shelf Bookcases, Custom Colors",449.56800000000004,2,0.2,56.195999999999955,0
7488,US-2015-134558,2015-12-19,2015-12-24,Second Class,PM-19135,Peter McVee,Home Office,United States,Dover,New Hampshire,3820,East,TEC-AC-10004145,Technology,Accessories,Logitech diNovo Edge Keyboard,2249.91,9,0.0,517.4793000000001,0
7651,CA-2015-101889,2015-12-27,2015-12-31,Standard Class,DB-13120,David Bremer,Corporate,United States,Marion,Ohio,43302,East,OFF-EN-10003286,Office Supplies,Envelopes,Staple envelope,19.872,3,0.2,6.706799999999998,0
7747,CA-2015-109113,2015-12-19,2015-12-23,Standard Class,EK-13795,Eileen Kiefer,Home Office,United States,Chicago,Illinois,60610,Central,TEC-AC-10004761,Technology,Accessories,Maxell 4.7GB DVD+RW 3/Pack,25.488,2,0.2,4.779,0
7755,CA-2015-161795,2015-12-21,2015-12-23,Second Class,AH-10075,Adam Hart,Corporate,United States,Columbus,Ohio,43229,East,OFF-AR-10001919,Office Supplies,Art,"OIC #2 Pencils, Medium Soft",3.008,2,0.2,0.3383999999999998,0
7795,CA-2015-127481,2015-12-12,2015-12-15,Second Class,JD-15895,Jonathan Doherty,Corporate,United States,Las Vegas,Nevada,89115,West,OFF-PA-10002377,Office Supplies,Paper,Xerox 1916,97.88,2,0.0,48.94,0
7854,CA-2015-144890,2015-12-25,2015-12-29,Standard Class,SM-20320,Sean Miller,Home Office,United States,Los Angeles,California,90049,West,OFF-PA-10001526,Office Supplies,Paper,Xerox 1949,9.96,2,0.0,4.880400000000001,0
8002,CA-2015-110870,2015-12-12,2015-12-15,First Class,KD-16270,Karen Daniels,Consumer,United States,Los Angeles,California,90032,West,TEC-AC-10002926,Technology,Accessories,Logitech Wireless Marathon Mouse M705,299.94,6,0.0,128.97420000000002,0
8003,CA-2015-110870,2015-12-12,2015-12-15,First Class,KD-16270,Karen Daniels,Consumer,United States,Los Angeles,California,90032,West,OFF-SU-10001225,Office Supplies,Supplies,Staple remover,25.76,7,0.0,0.5151999999999992,0
8092,CA-2015-127502,2015-12-10,2015-12-14,Standard Class,MT-17815,Meg Tillman,Consumer,United States,San Francisco,California,94110,West,OFF-LA-10001613,Office Supplies,Labels,Avery File Folder Labels,5.76,2,0.0,2.8224,0
8196,CA-2015-136700,2015-12-06,2015-12-11,Second Class,DB-13120,David Bremer,Corporate,United States,Santa Barbara,California,93101,West,OFF-PA-10004519,Office Supplies,Paper,Spiral Phone Message Books with Labels by Adams,8.96,2,0.0,4.3904000000000005,0
8283,CA-2015-154284,2015-12-21,2015-12-26,Second Class,SZ-20035,Sam Zeldin,Home Office,United States,Saint Charles,Illinois,60174,Central,TEC-MA-10004241,Technology,Machines,Star Micronics TSP800 TSP847IIU Receipt Printer,600.53,2,0.3,137.26399999999995,0
8285,CA-2015-154284,2015-12-21,2015-12-26,Second Class,SZ-20035,Sam Zeldin,Home Office,United States,Saint Charles,Illinois,60174,Central,TEC-AC-10003198,Technology,Accessories,Enermax Acrylux Wireless Keyboard,637.44,8,0.2,135.45599999999996,0
8321,CA-2015-142937,2015-12-05,2015-12-06,First Class,SF-20065,Sandra Flanagan,Consumer,United States,Dallas,Texas,75220,Central,OFF-AR-10003582,Office Supplies,Art,"Boston Electric Pencil Sharpener, Model 1818, Charcoal Black",45.04,2,0.2,4.504000000000003,0
8401,CA-2015-110814,2015-12-05,2015-12-09,Second Class,BD-11635,Brian Derr,Consumer,United States,New York City,New York,10009,East,OFF-BI-10002026,Office Supplies,Binders,Avery Arch Ring Binders,232.40000000000003,5,0.2,78.43499999999999,0
8403,CA-2015-110814,2015-12-05,2015-12-09,Second Class,BD-11635,Brian Derr,Consumer,United States,New York City,New York,10009,East,OFF-PA-10004156,Office Supplies,Paper,Xerox 188,22.68,2,0.0,11.113199999999999,0
8438,CA-2015-112823,2015-12-10,2015-12-16,Standard Class,RA-19945,Ryan Akin,Consumer,United States,Cleveland,Ohio,44105,East,TEC-AC-10002550,Technology,Accessories,Maxell 4.7GB DVD-RW 3/Pack,25.488,2,0.2,4.4604,0
8542,CA-2015-157287,2015-12-22,2015-12-23,First Class,HR-14830,Harold Ryan,Corporate,United States,Philadelphia,Pennsylvania,19140,East,OFF-ST-10001172,Office Supplies,Storage,"Tennsco Lockers, Sand",33.568000000000005,2,0.2,1.6783999999999981,0
8543,CA-2015-157287,2015-12-22,2015-12-23,First Class,HR-14830,Harold Ryan,Corporate,United States,Philadelphia,Pennsylvania,19140,East,FUR-CH-10001270,Furniture,Chairs,Harbour Creations Steel Folding Chair,422.62499999999994,7,0.3,0.0,0
8548,CA-2015-149566,2015-12-05,2015-12-10,Standard Class,GB-14530,George Bell,Corporate,United States,Los Angeles,California,90049,West,TEC-AC-10001266,Technology,Accessories,Memorex Micro Travel Drive 8 GB,39.0,3,0.0,17.549999999999997,0
8549,CA-2015-149566,2015-12-05,2015-12-10,Standard Class,GB-14530,George Bell,Corporate,United States,Los Angeles,California,90049,West,OFF-LA-10000452,Office Supplies,Labels,Avery 488,12.6,4,0.0,6.048,0
8728,CA-2015-103870,2015-12-27,2015-12-31,Standard Class,SP-20860,Sung Pak,Corporate,United States,Murfreesboro,Tennessee,37130,South,FUR-FU-10002030,Furniture,Furnishings,"Executive Impressions 14"" Contract Wall Clock with Quartz Movement",53.352000000000004,3,0.2,16.005600000000005,0
8730,CA-2015-103870,2015-12-27,2015-12-31,Standard Class,SP-20860,Sung Pak,Corporate,United States,Murfreesboro,Tennessee,37130,South,OFF-ST-10002562,Office Supplies,Storage,Staple magnet,22.512000000000004,3,0.2,2.2512,0
8731,CA-2015-103870,2015-12-27,2015-12-31,Standard Class,SP-20860,Sung Pak,Corporate,United States,Murfreesboro,Tennessee,37130,South,TEC-AC-10004227,Technology,Accessories,SanDisk Ultra 16 GB MicroSDHC Class 10 Memory Card,72.74400000000001,7,0.2,-12.73020000000001,0
8826,CA-2015-115399,2015-12-19,2015-12-22,First Class,AG-10900,Arthur Gainer,Consumer,United States,Philadelphia,Pennsylvania,19134,East,OFF-LA-10003190,Office Supplies,Labels,Avery 474,6.911999999999999,3,0.2,2.5056000000000003,0
8866,CA-2015-158148,2015-12-20,2015-12-26,Standard Class,JM-15865,John Murray,Consumer,United States,Arlington,Virginia,22204,South,OFF-AP-10003281,Office Supplies,Appliances,Acco 6 Outlet Guardian Standard Surge Suppressor,36.269999999999996,3,0.0,10.880999999999997,0
8893,CA-2015-111038,2015-12-01,2015-12-06,Standard Class,LC-16960,Lindsay Castell,Home Office,United States,San Diego,California,92037,West,FUR-CH-10003973,Furniture,Chairs,GuestStacker Chair with Chrome Finish Legs,2676.672,9,0.2,267.6672000000001,0
8939,CA-2015-134117,2015-12-17,2015-12-19,Second Class,PG-18895,Paul Gonzalez,Consumer,United States,Los Angeles,California,90008,West,OFF-AR-10001940,Office Supplies,Art,"Sanford Colorific Eraseable Coloring Pencils, 12 Count",16.4,5,0.0,7.0520000000000005,0
8986,CA-2015-123092,2015-12-03,2015-12-07,Standard Class,JG-15115,Jack Garza,Consumer,United States,Jacksonville,North Carolina,28540,South,FUR-FU-10000222,Furniture,Furnishings,"Seth Thomas 16"" Steel Case Clock",77.952,3,0.2,12.667199999999994,0
8989,CA-2015-123092,2015-12-03,2015-12-07,Standard Class,JG-15115,Jack Garza,Consumer,United States,Jacksonville,North Carolina,28540,South,OFF-AR-10004078,Office Supplies,Art,Newell 312,9.344,2,0.2,1.1679999999999997,0
8990,US-2015-128587,2015-12-24,2015-12-30,Standard Class,HM-14860,Harry Marie,Corporate,United States,Springfield,Missouri,65807,Central,FUR-FU-10003026,Furniture,Furnishings,"Eldon Regeneration Recycled Desk Accessories, Black",9.68,2,0.0,3.7752,0
9012,CA-2015-137071,2015-12-20,2015-12-21,First Class,ED-13885,Emily Ducich,Home Office,United States,Houston,Texas,77036,Central,TEC-AC-10004353,Technology,Accessories,Hypercom P1300 Pinpad,100.80000000000001,2,0.2,21.42,0
9355,CA-2015-110324,2015-12-01,2015-12-05,Standard Class,MA-17560,Matt Abelman,Home Office,United States,Jackson,Michigan,49201,Central,OFF-PA-10001826,Office Supplies,Paper,Xerox 207,19.44,3,0.0,9.3312,0
9357,CA-2015-110324,2015-12-01,2015-12-05,Standard Class,MA-17560,Matt Abelman,Home Office,United States,Jackson,Michigan,49201,Central,OFF-PA-10001776,Office Supplies,Paper,"Wirebound Message Books, Four 2 3/4"" x 5"" Forms per Page, 600 Sets per Book",18.54,2,0.0,8.713799999999999,0
9665,US-2015-120957,2015-12-07,2015-12-07,Same Day,KH-16690,Kristen Hastings,Corporate,United States,Riverside,California,92503,West,OFF-PA-10003953,Office Supplies,Paper,Xerox 218,12.96,2,0.0,6.2208000000000006,0
9680,CA-2015-130113,2015-12-27,2015-12-31,Standard Class,AH-10030,Aaron Hawkins,Corporate,United States,San Francisco,California,94122,West,OFF-ST-10000046,Office Supplies,Storage,Fellowes Super Stor/Drawer Files,323.1,2,0.0,61.38900000000001,0
9681,CA-2015-130113,2015-12-27,2015-12-31,Standard Class,AH-10030,Aaron Hawkins,Corporate,United States,San Francisco,California,94122,West,TEC-PH-10003505,Technology,Phones,Geemarc AmpliPOWER60,668.16,9,0.2,75.16799999999992,0
