Row ID,Order ID,Order Date,Ship Date,Ship Mode,Customer ID,Customer Name,Segment,Country,City,State,Postal Code,Region,Product ID,Category,Sub-Category,Product Name,Sales,Quantity,Discount,Profit,Data_origen
95,CA-2015-149587,2015-01-31,2015-02-05,Second Class,KB-16315,Karl Braun,Consumer,United States,Minneapolis,Minnesota,55407,Central,OFF-BI-10002852,Office Supplies,Binders,Ibico Standard Transparent Covers,32.96,2,0.0,16.1504,0
214,CA-2015-146262,2015-01-02,2015-01-09,Standard Class,VW-21775,Victoria Wilson,Corporate,United States,Medina,Ohio,44256,East,FUR-BO-10004695,Furniture,Bookcases,O'Sullivan 2-Door Barrister Bookcase in Odessa Pine,452.45,5,0.5,-244.32300000000006,0
215,CA-2015-146262,2015-01-02,2015-01-09,Standard Class,VW-21775,Victoria Wilson,Corporate,United States,Medina,Ohio,44256,East,TEC-PH-10002844,Technology,Phones,Speck Products Candyshell Flip Case,62.982,3,0.4,-14.695800000000006,0
216,CA-2015-146262,2015-01-02,2015-01-09,Standard Class,VW-21775,Victoria Wilson,Corporate,United States,Medina,Ohio,44256,East,TEC-MA-10000864,Technology,Machines,Cisco 9971 IP Video Phone Charcoal,1188.0000000000002,9,0.7,-950.4000000000001,0
468,US-2015-101399,2015-01-17,2015-01-24,Standard Class,JS-15940,Joni Sundaresam,Home Office,United States,Park Ridge,Illinois,60068,Central,FUR-FU-10002918,Furniture,Furnishings,Eldon ClusterMat Chair Mat with Cordless Antistatic Protection,254.74400000000003,7,0.6,-312.06139999999994,0
1713,CA-2015-145401,2015-01-30,2015-02-04,Standard Class,JP-15520,Jeremy Pistek,Consumer,United States,Houston,Texas,77070,Central,OFF-PA-10004405,Office Supplies,Paper,Rediform Voice Mail Log Books,14.303999999999998,6,0.2,5.0064,0
2037,CA-2015-119214,2015-01-23,2015-01-27,Standard Class,CW-11905,Carl Weiss,Home Office,United States,Bozeman,Montana,59715,West,OFF-PA-10002893,Office Supplies,Paper,"Wirebound Service Call Books, 5 1/2"" x 4""",29.04,3,0.0,13.9392,0
2038,CA-2015-119214,2015-01-23,2015-01-27,Standard Class,CW-11905,Carl Weiss,Home Office,United States,Bozeman,Montana,59715,West,OFF-LA-10003077,Office Supplies,Labels,Avery 500,14.62,2,0.0,6.8713999999999995,0
2487,CA-2015-104514,2015-01-02,2015-01-04,Second Class,CB-12535,Claudia Bergmann,Corporate,United States,Newark,Delaware,19711,East,OFF-ST-10001837,Office Supplies,Storage,"SAFCO Mobile Desk Side File, Wire Frame",85.52,2,0.0,22.2352,0
2488,CA-2015-104514,2015-01-02,2015-01-04,Second Class,CB-12535,Claudia Bergmann,Corporate,United States,Newark,Delaware,19711,East,OFF-AR-10001473,Office Supplies,Art,Newell 313,9.84,3,0.0,2.6568000000000005,0
2539,CA-2015-168746,2015-01-27,2015-01-29,Second Class,SV-20365,Seth Vernon,Consumer,United States,Cleveland,Ohio,44105,East,TEC-PH-10002555,Technology,Phones,Nortel Meridian M5316 Digital phone,155.36999999999998,1,0.4,-36.253,0
3901,CA-2015-121097,2015-01-03,2015-01-08,Standard Class,SF-20965,Sylvia Foulston,Corporate,United States,Baytown,Texas,77520,Central,OFF-PA-10001937,Office Supplies,Paper,Xerox 21,10.368000000000002,2,0.2,3.6288,0
4228,CA-2015-154970,2015-01-05,2015-01-10,Standard Class,SR-20740,Steven Roelle,Home Office,United States,Seattle,Washington,98103,West,FUR-CH-10003396,Furniture,Chairs,Global Deluxe Steno Chair,61.584,1,0.2,-6.928200000000004,0
4859,CA-2015-137526,2015-01-13,2015-01-17,Standard Class,PB-19150,Philip Brown,Consumer,United States,Los Angeles,California,90004,West,FUR-FU-10004845,Furniture,Furnishings,"Deflect-o EconoMat Nonstudded, No Bevel Mat",464.84999999999997,9,0.0,92.96999999999998,0
5055,CA-2015-141243,2015-01-03,2015-01-08,Second Class,AH-10465,Amy Hunt,Consumer,United States,Dallas,Texas,75217,Central,OFF-AR-10001246,Office Supplies,Art,Newell 317,7.055999999999999,3,0.2,0.7937999999999996,0
5349,CA-2015-149811,2015-01-04,2015-01-10,Standard Class,CS-12250,Chris Selesnick,Corporate,United States,Woodbury,Minnesota,55125,Central,OFF-BI-10003676,Office Supplies,Binders,"GBC Standard Recycled Report Covers, Clear Plastic Sheets",32.339999999999996,3,0.0,15.5232,0
5647,CA-2015-104241,2015-01-04,2015-01-09,Standard Class,AG-10495,Andrew Gjertsen,Corporate,United States,Alexandria,Virginia,22304,South,FUR-FU-10001473,Furniture,Furnishings,DAX Wood Document Frame,192.22,14,0.0,69.1992,0
6625,CA-2015-141250,2015-01-19,2015-01-23,Standard Class,PM-18940,Paul MacIntyre,Consumer,United States,Texas City,Texas,77590,Central,FUR-TA-10002855,Furniture,Tables,Bevis Round Conference Table Top & Single Column Base,102.438,1,0.3,-13.170600000000007,0
7718,CA-2015-149636,2015-01-06,2015-01-12,Standard Class,SP-20620,Stefania Perrino,Corporate,United States,Colorado Springs,Colorado,80906,West,OFF-BI-10002764,Office Supplies,Binders,Recycled Pressboard Report Cover with Reinforced Top Hinge,1.9380000000000002,2,0.7,-1.3565999999999994,0
7720,CA-2015-108588,2015-01-05,2015-01-10,Standard Class,BG-11695,Brooke Gillingham,Corporate,United States,New York City,New York,10009,East,OFF-AR-10001615,Office Supplies,Art,Newell 34,59.519999999999996,3,0.0,15.475200000000001,0
7721,CA-2015-108588,2015-01-05,2015-01-10,Standard Class,BG-11695,Brooke Gillingham,Corporate,United States,New York City,New York,10009,East,OFF-EN-10000461,Office Supplies,Envelopes,"#10- 4 1/8"" x 9 1/2"" Recycled Envelopes",17.48,2,0.0,8.2156,0
7722,CA-2015-108588,2015-01-05,2015-01-10,Standard Class,BG-11695,Brooke Gillingham,Corporate,United States,New York City,New York,10009,East,OFF-BI-10004506,Office Supplies,Binders,Wilson Jones data.warehouse D-Ring Binders with DublLock,13.168000000000001,2,0.2,4.6088000000000005,0
7834,CA-2015-128958,2015-01-24,2015-01-28,Standard Class,CR-12820,Cyra Reiten,Home Office,United States,West Palm Beach,Florida,33407,South,OFF-AR-10004757,Office Supplies,Art,Crayola Colored Pencils,13.120000000000001,5,0.2,2.131999999999999,0
8535,CA-2015-169677,2015-01-13,2015-01-15,Second Class,KS-16300,Karen Seio,Corporate,United States,Columbus,Georgia,31907,South,OFF-LA-10003223,Office Supplies,Labels,Avery 508,9.82,2,0.0,4.8118,0
9413,CA-2015-164777,2015-01-27,2015-01-29,First Class,SC-20305,Sean Christensen,Consumer,United States,Los Angeles,California,90036,West,FUR-CH-10002024,Furniture,Chairs,HON 5400 Series Task Chairs for Big and Tall,2803.92,5,0.2,0.0,0
9797,CA-2015-128608,2015-01-12,2015-01-17,Standard Class,CS-12490,Cindy Schnelling,Corporate,United States,Toledo,Ohio,43615,East,OFF-AR-10001374,Office Supplies,Art,"BIC Brite Liner Highlighters, Chisel Tip",10.368000000000002,2,0.2,1.5551999999999992,0
9800,CA-2015-128608,2015-01-12,2015-01-17,Standard Class,CS-12490,Cindy Schnelling,Corporate,United States,Toledo,Ohio,43615,East,TEC-AC-10000487,Technology,Accessories,SanDisk Cruzer 4 GB USB Flash Drive,10.384,2,0.2,2.2066,0
9801,CA-2015-128608,2015-01-12,2015-01-17,Standard Class,CS-12490,Cindy Schnelling,Corporate,United States,Toledo,Ohio,43615,East,TEC-PH-10002262,Technology,Phones,LG Electronics Tone+ HBS-730 Bluetooth Headset,107.118,3,0.4,-21.423599999999993,0
