Row ID,Order ID,Order Date,Ship Date,Ship Mode,Customer ID,Customer Name,Segment,Country,City,State,Postal Code,Region,Product ID,Category,Sub-Category,Product Name,Sales,Quantity,Discount,Profit,Data_origen
230,US-2015-145436,2015-02-28,2015-03-04,Standard Class,VD-21670,Valerie Dominguez,Consumer,United States,Columbia,Tennessee,38401,South,FUR-CH-10004477,Furniture,Chairs,"Global Push Button Manager's Chair, Indigo",389.696,8,0.2,43.84079999999997,0
808,CA-2015-140921,2015-02-03,2015-02-05,First Class,AA-10375,Allen Armold,Consumer,United States,Omaha,Nebraska,68104,Central,FUR-FU-10003347,Furniture,Furnishings,Coloredge Poster Frame,28.4,2,0.0,11.076,0
809,CA-2015-140921,2015-02-03,2015-02-05,First Class,AA-10375,Allen Armold,Consumer,United States,Omaha,Nebraska,68104,Central,TEC-AC-10004901,Technology,Accessories,Kensington SlimBlade Notebook Wireless Mouse with Nano Receiver ,149.97,3,0.0,50.9898,0
1555,CA-2015-111507,2015-02-06,2015-02-13,Standard Class,VW-21775,Victoria Wilson,Corporate,United States,Bellevue,Washington,98006,West,OFF-AR-10001315,Office Supplies,Art,Newell 310,5.28,3,0.0,1.5312,0
1788,CA-2015-154326,2015-02-15,2015-02-19,Standard Class,RP-19855,Roy Phan,Corporate,United States,Kenosha,Wisconsin,53142,Central,TEC-PH-10001819,Technology,Phones,Innergie mMini Combo Duo USB Travel Charging Kit,134.97,3,0.0,64.78559999999999,0
1843,CA-2015-135391,2015-02-09,2015-02-11,Second Class,FA-14230,Frank Atkinson,Corporate,United States,San Antonio,Texas,78207,Central,OFF-LA-10001074,Office Supplies,Labels,Round Specialty Laser Printer Labels,40.096000000000004,4,0.2,13.532399999999996,0
1844,CA-2015-135391,2015-02-09,2015-02-11,Second Class,FA-14230,Frank Atkinson,Corporate,United States,San Antonio,Texas,78207,Central,FUR-FU-10001986,Furniture,Furnishings,"Dana Fluorescent Magnifying Lamp, White, 36""",40.784,2,0.6,-30.588,0
2735,CA-2015-129770,2015-02-21,2015-02-23,Second Class,JE-15715,Joe Elijah,Consumer,United States,Las Cruces,New Mexico,88001,West,OFF-PA-10000249,Office Supplies,Paper,Easy-staple paper,49.12,4,0.0,23.086399999999998,0
3463,CA-2015-152611,2015-02-20,2015-02-23,Second Class,KA-16525,Kelly Andreada,Consumer,United States,Perth Amboy,New Jersey,8861,East,OFF-AR-10003903,Office Supplies,Art,Sanford 52201 APSCO Electric Pencil Sharpener,286.78999999999996,7,0.0,74.56540000000001,0
3793,CA-2015-111325,2015-02-27,2015-02-28,First Class,BT-11395,Bill Tyler,Corporate,United States,Altoona,Pennsylvania,16602,East,OFF-AR-10002257,Office Supplies,Art,"Eldon Spacemaker Box, Quick-Snap Lid, Clear",16.032,6,0.2,2.204399999999998,0
3972,CA-2015-132374,2015-02-22,2015-02-24,Second Class,PS-19045,Penelope Sewall,Home Office,United States,Sterling Heights,Michigan,48310,Central,OFF-AR-10001615,Office Supplies,Art,Newell 34,79.36,4,0.0,20.6336,0
4217,CA-2015-111234,2015-02-18,2015-02-22,Standard Class,AB-10600,Ann Blume,Corporate,United States,Los Angeles,California,90004,West,OFF-LA-10002271,Office Supplies,Labels,Smead Alpha-Z Color-Coded Second Alphabetical Labels and Starter Set,9.24,3,0.0,4.4352,0
4322,US-2015-147662,2015-02-14,2015-02-19,Standard Class,KB-16315,Karl Braun,Consumer,United States,Akron,Ohio,44312,East,OFF-BI-10001658,Office Supplies,Binders,GBC Standard Therm-A-Bind Covers,14.952000000000004,2,0.7,-11.961599999999997,0
4324,US-2015-147662,2015-02-14,2015-02-19,Standard Class,KB-16315,Karl Braun,Consumer,United States,Akron,Ohio,44312,East,OFF-BI-10002160,Office Supplies,Binders,Acco Hanging Data Binders,2.2860000000000005,2,0.7,-1.6763999999999997,0
4325,US-2015-147662,2015-02-14,2015-02-19,Standard Class,KB-16315,Karl Braun,Consumer,United States,Akron,Ohio,44312,East,OFF-AR-10004999,Office Supplies,Art,Newell 315,14.352000000000002,3,0.2,0.8969999999999998,0
4540,CA-2015-104129,2015-02-27,2015-03-02,Standard Class,ES-14080,Erin Smith,Corporate,United States,Providence,Rhode Island,2908,East,TEC-PH-10003800,Technology,Phones,i.Sound Portable Power - 8000 mAh,105.98,2,0.0,1.0597999999999956,0
4739,CA-2015-105725,2015-02-18,2015-02-24,Standard Class,GT-14755,Guy Thornton,Consumer,United States,Long Beach,California,90805,West,OFF-LA-10003510,Office Supplies,Labels,"Avery 4027 File Folder Labels for Dot Matrix Printers, 5000 Labels per Box, White",61.06,2,0.0,28.087600000000002,0
4740,CA-2015-105725,2015-02-18,2015-02-24,Standard Class,GT-14755,Guy Thornton,Consumer,United States,Long Beach,California,90805,West,FUR-TA-10001676,Furniture,Tables,Hon 61000 Series Interactive Training Tables,35.544000000000004,1,0.2,-0.888600000000002,0
4941,CA-2015-156482,2015-02-06,2015-02-13,Standard Class,IL-15100,Ivan Liston,Consumer,United States,Wilmington,Delaware,19805,East,FUR-CH-10001708,Furniture,Chairs,Office Star - Contemporary Swivel Chair with Padded Adjustable Arms and Flex Back,1268.82,9,0.0,266.4521999999999,0
4942,CA-2015-156482,2015-02-06,2015-02-13,Standard Class,IL-15100,Ivan Liston,Consumer,United States,Wilmington,Delaware,19805,East,FUR-BO-10002598,Furniture,Bookcases,"Hon Metal Bookcases, Putty",283.92,4,0.0,82.33679999999998,0
5770,CA-2015-154900,2015-02-25,2015-03-01,Standard Class,SS-20875,Sung Shariari,Consumer,United States,Leominster,Massachusetts,1453,East,OFF-PA-10002377,Office Supplies,Paper,"Adams Telephone Message Book W/Dividers/Space For Phone Numbers, 5 1/4""X8 1/2"", 200/Messages",22.72,4,0.0,10.223999999999998,0
6744,CA-2015-156923,2015-02-16,2015-02-20,Standard Class,SP-20860,Sung Pak,Corporate,United States,Dover,New Hampshire,3820,East,OFF-PA-10002751,Office Supplies,Paper,Xerox 1920,35.88,6,0.0,16.146,0
7062,CA-2015-132633,2015-02-03,2015-02-05,Second Class,KH-16630,Ken Heidel,Corporate,United States,Pleasant Grove,Utah,84062,West,OFF-BI-10002432,Office Supplies,Binders,Wilson Jones Standard D-Ring Binders,12.144,3,0.2,4.098599999999999,0
7095,US-2015-153374,2015-02-09,2015-02-13,Second Class,JF-15565,Jill Fjeld,Consumer,United States,Decatur,Illinois,62521,Central,TEC-AC-10001908,Technology,Accessories,Logitech Wireless Headset h800,479.952,6,0.2,89.99099999999999,0
7612,US-2015-130491,2015-02-08,2015-02-11,First Class,BH-11710,Brosina Hoffman,Consumer,United States,Garden City,Kansas,67846,Central,OFF-PA-10000791,Office Supplies,Paper,"Wirebound Message Books, Four 2 3/4 x 5 Forms per Page, 200 Sets per Book",9.54,2,0.0,4.292999999999999,0
7613,US-2015-130491,2015-02-08,2015-02-11,First Class,BH-11710,Brosina Hoffman,Consumer,United States,Garden City,Kansas,67846,Central,OFF-FA-10000134,Office Supplies,Fasteners,"Advantus Push Pins, Aluminum Head",5.81,1,0.0,1.8011,0
7614,US-2015-130491,2015-02-08,2015-02-11,First Class,BH-11710,Brosina Hoffman,Consumer,United States,Garden City,Kansas,67846,Central,OFF-AR-10001149,Office Supplies,Art,"Sanford Colorific Colored Pencils, 12/Box",5.76,2,0.0,1.7279999999999998,0
7686,CA-2015-116876,2015-02-14,2015-02-21,Standard Class,TT-21070,Ted Trevino,Consumer,United States,Rochester,New York,14609,East,TEC-PH-10002584,Technology,Phones,Samsung Galaxy S4,625.99,1,0.0,187.79699999999997,0
8135,CA-2015-121776,2015-02-16,2015-02-21,Standard Class,RD-19585,Rob Dowd,Consumer,United States,Los Angeles,California,90008,West,OFF-PA-10001970,Office Supplies,Paper,Xerox 1881,36.839999999999996,3,0.0,17.314799999999998,0
8136,CA-2015-121776,2015-02-16,2015-02-21,Standard Class,RD-19585,Rob Dowd,Consumer,United States,Los Angeles,California,90008,West,OFF-LA-10002762,Office Supplies,Labels,Avery 485,87.71,7,0.0,41.223699999999994,0
8775,CA-2015-132276,2015-02-23,2015-02-28,Standard Class,LC-16960,Lindsay Castell,Home Office,United States,New York City,New York,10024,East,OFF-BI-10002982,Office Supplies,Binders,Avery Self-Adhesive Photo Pockets for Polaroid Photos,10.896,2,0.2,3.813599999999999,0
9084,CA-2015-104038,2015-02-06,2015-02-08,First Class,LO-17170,Lori Olson,Corporate,United States,Suffolk,Virginia,23434,South,OFF-ST-10002554,Office Supplies,Storage,Tennsco Industrial Shelving,146.73,3,0.0,2.934600000000003,0
