Row ID,Order ID,Order Date,Ship Date,Ship Mode,Customer ID,Customer Name,Segment,Country,City,State,Postal Code,Region,Product ID,Category,Sub-Category,Product Name,Sales,Quantity,Discount,Profit,Data_origen
340,CA-2015-128167,2015-06-22,2015-06-26,Second Class,KL-16645,Ken Lonsdale,Consumer,United States,Layton,Utah,84041,West,OFF-FA-10000490,Office Supplies,Fasteners,"OIC Binder Clips, Mini, 1/4"" Capacity, Black",4.96,4,0.0,2.3312,0
384,CA-2015-125395,2015-06-26,2015-06-29,Second Class,LA-16780,Laura Armstrong,Corporate,United States,Taylor,Michigan,48180,Central,TEC-AC-10004708,Technology,Accessories,Sony 32GB Class 10 Micro SDHC R40 Memory Card,41.9,2,0.0,8.799,0
789,CA-2015-115938,2015-06-26,2015-06-30,Standard Class,SA-20830,Sue Ann Reed,Consumer,United States,Richmond,Virginia,23223,South,OFF-BI-10001543,Office Supplies,Binders,GBC VeloBinder Manual Binding System,143.96,4,0.0,69.1008,0
791,CA-2015-115938,2015-06-26,2015-06-30,Standard Class,SA-20830,Sue Ann Reed,Consumer,United States,Richmond,Virginia,23223,South,OFF-BI-10001132,Office Supplies,Binders,"Acco PRESSTEX Data Binder with Storage Hooks, Dark Blue, 9 1/2"" X 11""",43.04,8,0.0,21.0896,0
1038,CA-2015-127418,2015-06-13,2015-06-14,First Class,JJ-15445,Jennifer Jackson,Consumer,United States,Los Angeles,California,90004,West,OFF-BI-10003707,Office Supplies,Binders,Aluminum Screw Posts,36.624,3,0.2,13.734,0
1816,CA-2015-164833,2015-06-04,2015-06-04,Same Day,LL-16840,Lauren Leatherbury,Consumer,United States,Seattle,Washington,98105,West,OFF-LA-10000443,Office Supplies,Labels,Avery 501,7.38,2,0.0,3.4686,0
1868,CA-2015-127110,2015-06-25,2015-07-01,Standard Class,CH-12070,Cathy Hwang,Home Office,United States,Philadelphia,Pennsylvania,19143,East,OFF-PA-10003309,Office Supplies,Paper,Xerox 211,31.104000000000006,6,0.2,10.8864,0
2042,CA-2015-122287,2015-06-18,2015-06-23,Standard Class,SN-20560,Skye Norling,Home Office,United States,Peoria,Arizona,85345,West,FUR-FU-10004973,Furniture,Furnishings,Flat Face Poster Frame,75.36,5,0.2,20.724000000000007,0
2412,CA-2015-142041,2015-06-07,2015-06-09,Second Class,EM-13810,Eleni McCrary,Corporate,United States,Los Angeles,California,90036,West,OFF-BI-10004187,Office Supplies,Binders,3-ring staple pack,7.52,5,0.2,2.6319999999999997,0
2744,CA-2015-140144,2015-06-20,2015-06-25,Second Class,SC-20770,Stewart Carmichael,Corporate,United States,San Francisco,California,94122,West,FUR-FU-10002253,Furniture,Furnishings,"Howard Miller 13"" Diameter Pewter Finish Round Wall Clock",257.64,6,0.0,100.4796,0
2745,CA-2015-140144,2015-06-20,2015-06-25,Second Class,SC-20770,Stewart Carmichael,Corporate,United States,San Francisco,California,94122,West,TEC-PH-10002726,Technology,Phones,netTALK DUO VoIP Telephone Service,125.97600000000001,3,0.2,47.241,0
2981,CA-2015-139850,2015-06-12,2015-06-17,Standard Class,GB-14575,Giulietta Baptist,Consumer,United States,Philadelphia,Pennsylvania,19134,East,FUR-FU-10003623,Furniture,Furnishings,"DataProducts Ampli Magnifier Task Lamp, Black,",43.296,2,0.2,4.3295999999999975,0
3037,US-2015-123960,2015-06-11,2015-06-16,Standard Class,BD-11605,Brian Dahlen,Consumer,United States,Monroe,Louisiana,71203,South,OFF-AR-10003582,Office Supplies,Art,"Boston Electric Pencil Sharpener, Model 1818, Charcoal Black",56.3,2,0.0,15.764000000000003,0
3119,CA-2015-121720,2015-06-11,2015-06-12,First Class,JE-15610,Jim Epp,Corporate,United States,Lakeland,Florida,33801,South,FUR-CH-10003312,Furniture,Chairs,Hon 2090 “Pillow Soft” Series Mid Back Swivel/Tilt Chairs,1123.92,5,0.2,-182.63700000000017,0
3120,CA-2015-121720,2015-06-11,2015-06-12,First Class,JE-15610,Jim Epp,Corporate,United States,Lakeland,Florida,33801,South,TEC-PH-10002496,Technology,Phones,Cisco SPA301,249.58400000000003,2,0.2,31.197999999999986,0
3121,CA-2015-121720,2015-06-11,2015-06-12,First Class,JE-15610,Jim Epp,Corporate,United States,Lakeland,Florida,33801,South,FUR-FU-10003464,Furniture,Furnishings,"Seth Thomas 8 1/2"" Cubicle Clock",48.672,3,0.2,7.300799999999999,0
3361,US-2015-142020,2015-06-04,2015-06-08,Second Class,TC-21535,Tracy Collins,Home Office,United States,New York City,New York,10024,East,OFF-PA-10004569,Office Supplies,Paper,"Wirebound Message Books, Two 4 1/4"" x 5"" Forms per Page",30.44,4,0.0,14.306799999999999,0
3362,US-2015-142020,2015-06-04,2015-06-08,Second Class,TC-21535,Tracy Collins,Home Office,United States,New York City,New York,10024,East,FUR-FU-10000672,Furniture,Furnishings,"Executive Impressions 10"" Spectator Wall Clock",35.28,3,0.0,11.995199999999997,0
3446,CA-2015-131779,2015-06-12,2015-06-17,Standard Class,LE-16810,Laurel Elliston,Consumer,United States,Newark,Delaware,19711,East,OFF-ST-10001505,Office Supplies,Storage,"Perma STOR-ALL Hanging File Box, 13 1/8""W x 12 1/4""D x 10 1/2""H",29.900000000000002,5,0.0,5.0829999999999975,0
3520,CA-2015-124975,2015-06-22,2015-06-25,First Class,MG-17875,Michael Grace,Home Office,United States,Aurora,Illinois,60505,Central,FUR-TA-10002645,Furniture,Tables,Hon Rectangular Conference Tables,796.4250000000001,7,0.5,-525.6405000000002,0
3703,CA-2015-104941,2015-06-13,2015-06-19,Standard Class,DH-13075,Dave Hallsten,Corporate,United States,Decatur,Alabama,35601,South,OFF-AR-10004269,Office Supplies,Art,Newell 31,24.78,6,0.0,6.938400000000001,0
3706,CA-2015-104941,2015-06-13,2015-06-19,Standard Class,DH-13075,Dave Hallsten,Corporate,United States,Decatur,Alabama,35601,South,OFF-PA-10003363,Office Supplies,Paper,Xerox 204,32.400000000000006,5,0.0,15.552000000000001,0
3881,CA-2015-129896,2015-06-15,2015-06-20,Standard Class,PF-19120,Peter Fuller,Consumer,United States,Gilbert,Arizona,85234,West,OFF-PA-10002245,Office Supplies,Paper,Xerox 1895,9.568000000000001,2,0.2,2.9899999999999993,0
3882,CA-2015-129896,2015-06-15,2015-06-20,Standard Class,PF-19120,Peter Fuller,Consumer,United States,Gilbert,Arizona,85234,West,OFF-ST-10004804,Office Supplies,Storage,"Belkin 19"" Vented Equipment Shelf, Black",82.368,2,0.2,-19.562399999999997,0
3883,CA-2015-129896,2015-06-15,2015-06-20,Standard Class,PF-19120,Peter Fuller,Consumer,United States,Gilbert,Arizona,85234,West,FUR-FU-10004904,Furniture,Furnishings,"Eldon ""L"" Workstation Diamond Chairmat",364.70400000000006,6,0.2,-36.47040000000004,0
3939,CA-2015-118955,2015-06-16,2015-06-20,Standard Class,LS-17230,Lycoris Saunders,Consumer,United States,Grand Prairie,Texas,75051,Central,FUR-CH-10001708,Furniture,Chairs,Office Star - Contemporary Swivel Chair with Padded Adjustable Arms and Flex Back,197.37199999999999,2,0.3,-25.376400000000018,0
4045,CA-2015-137750,2015-06-25,2015-06-30,Standard Class,JF-15565,Jill Fjeld,Consumer,United States,San Francisco,California,94110,West,FUR-FU-10001979,Furniture,Furnishings,Dana Halogen Swing-Arm Architect Lamp,204.85,5,0.0,57.35800000000001,0
4315,CA-2015-115945,2015-06-25,2015-07-01,Standard Class,AB-10165,Alan Barnes,Consumer,United States,Los Angeles,California,90045,West,OFF-AR-10004062,Office Supplies,Art,Staples in misc. colors,20.96,2,0.0,5.24,0
4449,CA-2015-121965,2015-06-19,2015-06-23,Standard Class,LH-17155,Logan Haushalter,Consumer,United States,Los Angeles,California,90032,West,FUR-FU-10000732,Furniture,Furnishings,Eldon 200 Class Desk Accessories,12.56,2,0.0,4.0192,0
4736,CA-2015-155054,2015-06-13,2015-06-19,Standard Class,PS-19045,Penelope Sewall,Home Office,United States,Lewiston,Maine,4240,East,OFF-BI-10004970,Office Supplies,Binders,"ACCOHIDE 3-Ring Binder, Blue, 1""",8.26,2,0.0,3.8822,0
4737,CA-2015-155054,2015-06-13,2015-06-19,Standard Class,PS-19045,Penelope Sewall,Home Office,United States,Lewiston,Maine,4240,East,OFF-BI-10002824,Office Supplies,Binders,Recycled Easel Ring Binders,29.84,2,0.0,13.427999999999997,0
5671,CA-2015-141012,2015-06-09,2015-06-11,Second Class,TG-21640,Trudy Glocke,Consumer,United States,Pocatello,Idaho,83201,West,FUR-FU-10003192,Furniture,Furnishings,Luxo Adjustable Task Clamp Lamp,355.36,4,0.0,92.39359999999999,0
5672,CA-2015-141012,2015-06-09,2015-06-11,Second Class,TG-21640,Trudy Glocke,Consumer,United States,Pocatello,Idaho,83201,West,TEC-PH-10004522,Technology,Phones,Dexim XPower Skin Super-Thin Power Case for iPhone 5 - Black,140.376,3,0.2,8.773500000000006,0
5835,CA-2015-101868,2015-06-09,2015-06-16,Standard Class,MJ-17740,Max Jones,Consumer,United States,Miami,Florida,33178,South,OFF-BI-10003876,Office Supplies,Binders,"Green Canvas Binder for 8-1/2"" x 14"" Sheets",64.2,5,0.7,-42.79999999999998,0
5836,CA-2015-101868,2015-06-09,2015-06-16,Standard Class,MJ-17740,Max Jones,Consumer,United States,Miami,Florida,33178,South,OFF-BI-10002133,Office Supplies,Binders,"Wilson Jones Elliptical Ring 3 1/2"" Capacity Binders, 800 sheets",38.52,3,0.7,-26.964,0
5837,CA-2015-101868,2015-06-09,2015-06-16,Standard Class,MJ-17740,Max Jones,Consumer,United States,Miami,Florida,33178,South,TEC-AC-10004396,Technology,Accessories,Logitech Keyboard K120,72.6,5,0.2,-8.167499999999993,0
6089,CA-2015-137281,2015-06-13,2015-06-17,Standard Class,BF-10975,Barbara Fisher,Corporate,United States,Roswell,Georgia,30076,South,OFF-PA-10001870,Office Supplies,Paper,Xerox 202,6.48,1,0.0,3.1104000000000003,0
6106,CA-2015-147011,2015-06-18,2015-06-22,Standard Class,HR-14830,Harold Ryan,Corporate,United States,Miami,Florida,33178,South,OFF-AR-10002399,Office Supplies,Art,"Dixon Prang Watercolor Pencils, 10-Color Set with Brush",13.632,4,0.2,3.5784,0
6730,CA-2015-156734,2015-06-18,2015-06-20,First Class,BV-11245,Benjamin Venier,Corporate,United States,Smyrna,Tennessee,37167,South,OFF-BI-10002982,Office Supplies,Binders,Avery Self-Adhesive Photo Pockets for Polaroid Photos,6.1290000000000004,3,0.7,-4.494599999999998,0
6976,CA-2015-112144,2015-06-28,2015-07-02,Standard Class,CY-12745,Craig Yedwab,Corporate,United States,Gilbert,Arizona,85234,West,OFF-LA-10000443,Office Supplies,Labels,Avery 501,5.904,2,0.2,1.9926,0
7150,CA-2015-166583,2015-06-26,2015-06-30,Standard Class,VD-21670,Valerie Dominguez,Consumer,United States,Houston,Texas,77070,Central,TEC-PH-10001578,Technology,Phones,Polycom SoundStation2 EX Conference phone,971.8800000000001,3,0.2,109.33649999999994,0
7250,CA-2015-158491,2015-06-04,2015-06-09,Second Class,BP-11155,Becky Pak,Consumer,United States,Los Angeles,California,90008,West,TEC-AC-10001874,Technology,Accessories,Logitech Wireless Anywhere Mouse MX for PC and Mac,119.98,2,0.0,35.994,0
7251,CA-2015-158491,2015-06-04,2015-06-09,Second Class,BP-11155,Becky Pak,Consumer,United States,Los Angeles,California,90008,West,TEC-AC-10003870,Technology,Accessories,Logitech Z-906 Speaker sys - home theater - 5.1-CH,989.97,3,0.0,395.98800000000006,0
7749,CA-2015-133242,2015-06-18,2015-06-24,Standard Class,KH-16510,Keith Herrera,Consumer,United States,Arlington,Virginia,22204,South,FUR-FU-10003464,Furniture,Furnishings,"Seth Thomas 8 1/2"" Cubicle Clock",60.84,3,0.0,19.468799999999998,0
7750,CA-2015-133242,2015-06-18,2015-06-24,Standard Class,KH-16510,Keith Herrera,Consumer,United States,Arlington,Virginia,22204,South,OFF-ST-10003716,Office Supplies,Storage,Tennsco Double-Tier Lockers,450.04,2,0.0,58.5052,0
7751,CA-2015-133242,2015-06-18,2015-06-24,Standard Class,KH-16510,Keith Herrera,Consumer,United States,Arlington,Virginia,22204,South,OFF-BI-10004002,Office Supplies,Binders,Wilson Jones International Size A4 Ring Binders,34.6,2,0.0,16.608,0
7752,CA-2015-133242,2015-06-18,2015-06-24,Standard Class,KH-16510,Keith Herrera,Consumer,United States,Arlington,Virginia,22204,South,TEC-PH-10002496,Technology,Phones,Cisco SPA301,467.97,3,0.0,140.391,0
8033,CA-2015-119690,2015-06-25,2015-06-28,First Class,MV-17485,Mark Van Huff,Consumer,United States,Houston,Texas,77041,Central,OFF-PA-10001019,Office Supplies,Paper,Xerox 1884,47.952000000000005,3,0.2,16.183799999999998,0
8274,CA-2015-104059,2015-06-13,2015-06-15,Second Class,FC-14245,Frank Carlisle,Home Office,United States,Springfield,Ohio,45503,East,OFF-AR-10000634,Office Supplies,Art,Newell 320,3.4240000000000004,1,0.2,0.2996000000000001,0
8537,CA-2015-157343,2015-06-07,2015-06-11,Standard Class,HD-14785,Harold Dahlen,Home Office,United States,Philadelphia,Pennsylvania,19143,East,OFF-BI-10003707,Office Supplies,Binders,Aluminum Screw Posts,18.312,4,0.7,-12.207999999999995,0
8539,CA-2015-157343,2015-06-07,2015-06-11,Standard Class,HD-14785,Harold Dahlen,Home Office,United States,Philadelphia,Pennsylvania,19143,East,OFF-AR-10003183,Office Supplies,Art,Avery Fluorescent Highlighter Four-Color Set,8.016,3,0.2,1.0019999999999993,0
8829,CA-2015-115168,2015-06-05,2015-06-09,Standard Class,BB-11545,Brenda Bowman,Corporate,United States,Saint Charles,Missouri,63301,Central,OFF-PA-10000528,Office Supplies,Paper,Xerox 1981,10.56,2,0.0,4.752,0
9072,CA-2015-136105,2015-06-12,2015-06-16,Standard Class,SZ-20035,Sam Zeldin,Home Office,United States,Columbus,Indiana,47201,Central,OFF-ST-10002444,Office Supplies,Storage,Recycled Eldon Regeneration Jumbo File,24.56,2,0.0,6.876799999999999,0
9092,CA-2015-162950,2015-06-28,2015-07-03,Second Class,DW-13585,Dorothy Wardle,Corporate,United States,Troy,Ohio,45373,East,OFF-PA-10003177,Office Supplies,Paper,Xerox 1999,15.552000000000003,3,0.2,5.4432,0
9093,CA-2015-162950,2015-06-28,2015-07-03,Second Class,DW-13585,Dorothy Wardle,Corporate,United States,Troy,Ohio,45373,East,FUR-BO-10001918,Furniture,Bookcases,"Sauder Forest Hills Library with Doors, Woodland Oak Finish",482.93999999999994,6,0.5,-376.6932,0
9096,US-2015-132836,2015-06-01,2015-06-05,Standard Class,AJ-10945,Ashley Jarboe,Consumer,United States,Detroit,Michigan,48227,Central,TEC-PH-10001300,Technology,Phones,"iKross Bluetooth Portable Keyboard + Cell Phone Stand Holder + Brush for Apple iPhone 5S 5C 5, 4S 4",41.9,2,0.0,11.732,0
9165,CA-2015-164007,2015-06-08,2015-06-12,Standard Class,MG-17695,Maureen Gnade,Consumer,United States,Chicago,Illinois,60610,Central,OFF-AP-10003849,Office Supplies,Appliances,Hoover Shoulder Vac Commercial Portable Vacuum,143.12799999999996,2,0.8,-393.6020000000001,0
9391,CA-2015-163734,2015-06-19,2015-06-24,Standard Class,KM-16375,Katherine Murray,Home Office,United States,Houston,Texas,77070,Central,OFF-ST-10003692,Office Supplies,Storage,Recycled Steel Personal File for Hanging File Folders,228.92,5,0.2,14.307499999999997,0
9432,CA-2015-111864,2015-06-19,2015-06-19,Same Day,PP-18955,Paul Prost,Home Office,United States,Philadelphia,Pennsylvania,19134,East,OFF-LA-10004677,Office Supplies,Labels,Self-Adhesive Address Labels for Typewriters with Dispenser Box,5.904,2,0.2,1.9926,0
9483,CA-2015-158351,2015-06-20,2015-06-24,Second Class,BC-11125,Becky Castell,Home Office,United States,Philadelphia,Pennsylvania,19134,East,TEC-AC-10001838,Technology,Accessories,Razer Tiamat Over Ear 7.1 Surround Sound PC Gaming Headset,319.98400000000004,2,0.2,91.99540000000002,0
9737,US-2015-100069,2015-06-29,2015-07-03,Standard Class,NF-18475,Neil Französisch,Home Office,United States,Omaha,Nebraska,68104,Central,TEC-PH-10004667,Technology,Phones,Cisco 8x8 Inc. 6753i IP Business Phone System,269.98,2,0.0,72.8946,0
9821,CA-2015-162201,2015-06-08,2015-06-12,Standard Class,AG-10495,Andrew Gjertsen,Corporate,United States,Saint Petersburg,Florida,33710,South,OFF-PA-10001215,Office Supplies,Paper,Xerox 1963,42.24,10,0.2,13.199999999999998,0
9822,CA-2015-162201,2015-06-08,2015-06-12,Standard Class,AG-10495,Andrew Gjertsen,Corporate,United States,Saint Petersburg,Florida,33710,South,OFF-BI-10002429,Office Supplies,Binders,"Premier Elliptical Ring Binder, Black",18.264000000000003,2,0.7,-13.3936,0
9971,CA-2015-103772,2015-06-28,2015-07-02,Standard Class,MP-17470,Mark Packer,Home Office,United States,Smyrna,Georgia,30080,South,OFF-BI-10002867,Office Supplies,Binders,GBC Recycled Regency Composition Covers,119.56,2,0.0,54.99759999999999,0
