Row ID,Order ID,Order Date,Ship Date,Ship Mode,Customer ID,Customer Name,Segment,Country,City,State,Postal Code,Region,Product ID,Category,Sub-Category,Product Name,Sales,Quantity,Discount,Profit,Data_origen
118,CA-2015-110457,2015-03-02,2015-03-06,Standard Class,DK-13090,Dave Kipp,Consumer,United States,Seattle,Washington,98103,West,FUR-TA-10001768,Furniture,Tables,Hon Racetrack Conference Tables,787.53,3,0.0,165.38129999999995,0
508,CA-2015-145352,2015-03-16,2015-03-22,Standard Class,CM-12385,Christopher Martinez,Consumer,United States,Atlanta,Georgia,30318,South,OFF-AR-10003856,Office Supplies,Art,Newell 344,8.34,3,0.0,2.1683999999999997,0
509,CA-2015-145352,2015-03-16,2015-03-22,Standard Class,CM-12385,Christopher Martinez,Consumer,United States,Atlanta,Georgia,30318,South,OFF-ST-10001228,Office Supplies,Storage,Personal File Boxes with Fold-Down Carry Handle,46.74,3,0.0,11.684999999999999,0
510,CA-2015-145352,2015-03-16,2015-03-22,Standard Class,CM-12385,Christopher Martinez,Consumer,United States,Atlanta,Georgia,30318,South,OFF-BI-10003527,Office Supplies,Binders,Fellowes PB500 Electric Punch Plastic Comb Binding Machine with Manual Bind,6354.95,5,0.0,3177.475,0
694,CA-2015-131534,2015-03-28,2015-04-02,Standard Class,AB-10165,Alan Barnes,Consumer,United States,Los Angeles,California,90036,West,OFF-PA-10000743,Office Supplies,Paper,Xerox 1977,33.4,5,0.0,16.032,0
816,CA-2015-106565,2015-03-20,2015-03-23,First Class,BW-11110,Bart Watters,Corporate,United States,Milwaukee,Wisconsin,53209,Central,OFF-PA-10000061,Office Supplies,Paper,Xerox 205,51.84,8,0.0,24.883200000000002,0
991,CA-2015-153549,2015-03-29,2015-03-31,Second Class,SL-20155,Sara Luxemburg,Home Office,United States,Jacksonville,Florida,32216,South,FUR-CH-10004086,Furniture,Chairs,Hon 4070 Series Pagoda Armless Upholstered Stacking Chairs,1166.92,5,0.2,131.27849999999995,0
1061,US-2015-125374,2015-03-23,2015-03-29,Standard Class,JD-16060,Julia Dunbar,Consumer,United States,Houston,Texas,77095,Central,FUR-CH-10003396,Furniture,Chairs,Global Deluxe Steno Chair,107.772,2,0.3,-29.25240000000001,0
1128,CA-2015-105970,2015-03-02,2015-03-07,Standard Class,PA-19060,Pete Armstrong,Home Office,United States,Richmond,Indiana,47374,Central,OFF-AR-10003156,Office Supplies,Art,50 Colored Long Pencils,10.16,1,0.0,2.6416000000000004,0
1129,CA-2015-105970,2015-03-02,2015-03-07,Standard Class,PA-19060,Pete Armstrong,Home Office,United States,Richmond,Indiana,47374,Central,OFF-EN-10001532,Office Supplies,Envelopes,Brown Kraft Recycled Envelopes,101.88,6,0.0,50.94,0
1559,CA-2015-112116,2015-03-16,2015-03-18,Second Class,JE-15475,Jeremy Ellison,Consumer,United States,Seattle,Washington,98103,West,FUR-TA-10001039,Furniture,Tables,KI Adjustable-Height Table,171.96,2,0.0,44.70960000000001,0
1566,CA-2015-132101,2015-03-19,2015-03-25,Standard Class,JO-15550,Jesus Ocampo,Home Office,United States,Seattle,Washington,98105,West,TEC-PH-10004539,Technology,Phones,Wireless Extenders zBoost YX545 SOHO Signal Booster,453.576,3,0.2,39.687899999999985,0
1595,CA-2015-118423,2015-03-24,2015-03-27,First Class,DP-13390,Dennis Pardue,Home Office,United States,Peoria,Illinois,61604,Central,FUR-BO-10000362,Furniture,Bookcases,Sauder Inglewood Library Bookcases,359.05799999999994,3,0.3,-35.9058,0
1644,CA-2015-111829,2015-03-19,2015-03-20,First Class,FH-14365,Fred Hopkins,Corporate,United States,Seattle,Washington,98115,West,OFF-ST-10000142,Office Supplies,Storage,Deluxe Rollaway Locking File with Drawer,1247.6399999999999,3,0.0,349.33919999999995,0
1645,CA-2015-111829,2015-03-19,2015-03-20,First Class,FH-14365,Fred Hopkins,Corporate,United States,Seattle,Washington,98115,West,TEC-CO-10001766,Technology,Copiers,Canon PC940 Copier,3149.9300000000003,7,0.0,1480.4670999999998,0
1646,CA-2015-111829,2015-03-19,2015-03-20,First Class,FH-14365,Fred Hopkins,Corporate,United States,Seattle,Washington,98115,West,OFF-PA-10004359,Office Supplies,Paper,Multicolor Computer Printout Paper,209.7,2,0.0,100.65599999999999,0
1881,CA-2015-109512,2015-03-05,2015-03-05,Same Day,LF-17185,Luke Foster,Consumer,United States,New York City,New York,10011,East,OFF-EN-10002621,Office Supplies,Envelopes,Staple envelope,29.339999999999996,3,0.0,14.669999999999998,0
1883,CA-2015-109512,2015-03-05,2015-03-05,Same Day,LF-17185,Luke Foster,Consumer,United States,New York City,New York,10011,East,OFF-ST-10000689,Office Supplies,Storage,"Fellowes Strictly Business Drawer File, Letter/Legal Size",563.4,4,0.0,67.608,0
2017,CA-2015-113110,2015-03-19,2015-03-23,Standard Class,BK-11260,Berenike Kampe,Consumer,United States,San Bernardino,California,92404,West,OFF-BI-10000088,Office Supplies,Binders,GBC Imprintable Covers,17.568,2,0.2,6.3684,0
2018,CA-2015-113110,2015-03-19,2015-03-23,Standard Class,BK-11260,Berenike Kampe,Consumer,United States,San Bernardino,California,92404,West,OFF-LA-10000240,Office Supplies,Labels,Self-Adhesive Address Labels for Typewriters by Universal,14.62,2,0.0,6.8713999999999995,0
2019,CA-2015-113110,2015-03-19,2015-03-23,Standard Class,BK-11260,Berenike Kampe,Consumer,United States,San Bernardino,California,92404,West,OFF-SU-10001165,Office Supplies,Supplies,Acme Elite Stainless Steel Scissors,33.36,4,0.0,8.6736,0
2020,CA-2015-113110,2015-03-19,2015-03-23,Standard Class,BK-11260,Berenike Kampe,Consumer,United States,San Bernardino,California,92404,West,OFF-PA-10002749,Office Supplies,Paper,"Wirebound Message Books, 5-1/2 x 4 Forms, 2 or 4 Forms per Page",40.14,6,0.0,19.6686,0
2273,CA-2015-142944,2015-03-06,2015-03-11,Standard Class,JL-15850,John Lucas,Consumer,United States,San Francisco,California,94122,West,FUR-FU-10000308,Furniture,Furnishings,Deflect-o Glass Clear Studded Chair Mats,435.26,7,0.0,95.75720000000001,0
2285,CA-2015-153108,2015-03-05,2015-03-09,Standard Class,SF-20200,Sarah Foster,Consumer,United States,New Castle,Indiana,47362,Central,OFF-AP-10002222,Office Supplies,Appliances,Staple holder,60.69,7,0.0,16.386300000000002,0
2558,US-2015-112508,2015-03-24,2015-03-30,Standard Class,BP-11185,Ben Peterman,Corporate,United States,Coral Springs,Florida,33065,South,OFF-AP-10002287,Office Supplies,Appliances,"Eureka Sanitaire  Multi-Pro Heavy-Duty Upright, Disposable Bags",6.992000000000001,2,0.2,0.5244,0
2565,CA-2015-110632,2015-03-17,2015-03-22,Second Class,HR-14830,Harold Ryan,Corporate,United States,New York City,New York,10009,East,OFF-ST-10001291,Office Supplies,Storage,"Tenex Personal Self-Stacking Standard File Box, Black/Gray",33.82,2,0.0,9.1314,0
3454,CA-2015-153325,2015-03-01,2015-03-02,Second Class,ST-20530,Shui Tom,Consumer,United States,Macon,Georgia,31204,South,OFF-BI-10004236,Office Supplies,Binders,"XtraLife ClearVue Slant-D Ring Binder, White, 3""",58.72,4,0.0,27.0112,0
3658,CA-2015-128083,2015-03-12,2015-03-17,Standard Class,EB-13750,Edward Becker,Corporate,United States,Plantation,Florida,33317,South,OFF-EN-10004030,Office Supplies,Envelopes,Convenience Packs of Business Envelopes,8.688,3,0.2,2.9322000000000004,0
3659,CA-2015-128083,2015-03-12,2015-03-17,Standard Class,EB-13750,Edward Becker,Corporate,United States,Plantation,Florida,33317,South,FUR-FU-10003194,Furniture,Furnishings,"Eldon Expressions Desk Accessory, Wood Pencil Holder, Oak",30.880000000000003,4,0.2,3.8599999999999977,0
3998,CA-2015-105627,2015-03-08,2015-03-12,Standard Class,DK-12895,Dana Kaydos,Consumer,United States,Kenosha,Wisconsin,53142,Central,OFF-AR-10002704,Office Supplies,Art,Boston 1900 Electric Pencil Sharpener,14.98,1,0.0,4.494,0
4130,CA-2015-121272,2015-03-29,2015-04-04,Standard Class,DO-13435,Denny Ordway,Consumer,United States,Seattle,Washington,98103,West,OFF-AP-10001947,Office Supplies,Appliances,Acco 6 Outlet Guardian Premium Plus Surge Suppressor,73.28,4,0.0,21.251199999999997,0
4164,CA-2015-163587,2015-03-14,2015-03-18,Standard Class,EP-13915,Emily Phan,Consumer,United States,Dover,New Hampshire,3820,East,OFF-BI-10003091,Office Supplies,Binders,GBC DocuBind TL200 Manual Binding Machine,671.9399999999999,3,0.0,315.81179999999995,0
4535,CA-2015-163104,2015-03-19,2015-03-26,Standard Class,MC-18130,Mike Caudle,Corporate,United States,Los Angeles,California,90004,West,OFF-PA-10001947,Office Supplies,Paper,Xerox 1974,11.96,2,0.0,5.8604,0
4557,CA-2015-130218,2015-03-23,2015-03-26,First Class,SG-20470,Sheri Gordon,Consumer,United States,Florence,South Carolina,29501,South,OFF-ST-10002486,Office Supplies,Storage,Eldon Shelf Savers Cubes and Bins,27.92,4,0.0,0.5583999999999989,0
4731,US-2015-103996,2015-03-29,2015-03-31,Second Class,RB-19435,Richard Bierner,Consumer,United States,San Diego,California,92105,West,OFF-PA-10001736,Office Supplies,Paper,Xerox 1880,212.64,6,0.0,99.94079999999998,0
4768,CA-2015-123155,2015-03-09,2015-03-12,First Class,NS-18640,Noel Staavos,Corporate,United States,San Antonio,Texas,78207,Central,TEC-PH-10001809,Technology,Phones,Panasonic KX T7736-B Digital phone,359.88,3,0.2,22.492499999999993,0
4795,CA-2015-144722,2015-03-16,2015-03-23,Standard Class,MF-18250,Monica Federle,Corporate,United States,Los Angeles,California,90036,West,FUR-FU-10001215,Furniture,Furnishings,"Howard Miller 11-1/2"" Diameter Brentwood Wall Clock",43.13,1,0.0,18.114600000000003,0
4936,CA-2015-155124,2015-03-15,2015-03-21,Standard Class,KS-16300,Karen Seio,Corporate,United States,Lehi,Utah,84043,West,TEC-PH-10003356,Technology,Phones,"SmartStand Mobile Device Holder, Assorted Colors",16.776000000000003,3,0.2,1.6776,0
4954,CA-2015-153906,2015-03-16,2015-03-20,Standard Class,MS-17980,Michael Stewart,Corporate,United States,New York City,New York,10009,East,TEC-PH-10001527,Technology,Phones,Plantronics MX500i Earset,85.9,2,0.0,2.576999999999998,0
4958,CA-2015-127607,2015-03-20,2015-03-26,Standard Class,JK-15730,Joe Kamberova,Consumer,United States,Carrollton,Texas,75007,Central,OFF-BI-10001308,Office Supplies,Binders,GBC Standard Plastic Binding Systems' Combs,2.5119999999999996,2,0.8,-4.396000000000003,0
4959,CA-2015-127607,2015-03-20,2015-03-26,Standard Class,JK-15730,Joe Kamberova,Consumer,United States,Carrollton,Texas,75007,Central,OFF-FA-10003485,Office Supplies,Fasteners,Staples,18.864,9,0.2,6.1308,0
5087,CA-2015-109001,2015-03-05,2015-03-09,Standard Class,KN-16390,Katherine Nockton,Corporate,United States,Philadelphia,Pennsylvania,19120,East,TEC-PH-10000562,Technology,Phones,Samsung Convoy 3,466.15799999999996,7,0.4,-93.23159999999996,0
5088,CA-2015-109001,2015-03-05,2015-03-09,Standard Class,KN-16390,Katherine Nockton,Corporate,United States,Philadelphia,Pennsylvania,19120,East,TEC-AC-10001101,Technology,Accessories,Sony 16GB Class 10 Micro SDHC R40 Memory Card,10.312000000000001,1,0.2,-1.2890000000000006,0
5174,CA-2015-107741,2015-03-08,2015-03-10,First Class,FC-14335,Fred Chung,Corporate,United States,Pueblo,Colorado,81001,West,OFF-AR-10002399,Office Supplies,Art,"Dixon Prang Watercolor Pencils, 10-Color Set with Brush",3.408,1,0.2,0.8946,0
5256,CA-2015-125185,2015-03-05,2015-03-07,Second Class,AH-10195,Alan Haines,Corporate,United States,Bethlehem,Pennsylvania,18018,East,FUR-FU-10003247,Furniture,Furnishings,36X48 HARDFLOOR CHAIRMAT,33.568000000000005,2,0.2,-5.454800000000004,0
5812,US-2015-163279,2015-03-22,2015-03-26,Standard Class,JD-16150,Justin Deggeller,Corporate,United States,San Diego,California,92037,West,FUR-FU-10000747,Furniture,Furnishings,Tenex B1-RE Series Chair Mats for Low Pile Carpets,91.96,2,0.0,15.633199999999988,0
5813,US-2015-163279,2015-03-22,2015-03-26,Standard Class,JD-16150,Justin Deggeller,Corporate,United States,San Diego,California,92037,West,TEC-PH-10001795,Technology,Phones,ClearOne CHATAttach 160 - speaker phone,1487.976,3,0.2,185.99699999999984,0
5839,CA-2015-132948,2015-03-27,2015-04-03,Standard Class,MV-17485,Mark Van Huff,Consumer,United States,Seattle,Washington,98115,West,OFF-ST-10000636,Office Supplies,Storage,Rogers Profile Extra Capacity Storage Tub,83.69999999999999,5,0.0,3.3479999999999954,0
6290,US-2015-139675,2015-03-13,2015-03-18,Second Class,NF-18595,Nicole Fjeld,Home Office,United States,Chico,California,95928,West,FUR-CH-10004063,Furniture,Chairs,Global Deluxe High-Back Manager's Chair,915.1360000000001,4,0.2,102.95279999999988,0
6291,US-2015-139675,2015-03-13,2015-03-18,Second Class,NF-18595,Nicole Fjeld,Home Office,United States,Chico,California,95928,West,FUR-FU-10001979,Furniture,Furnishings,Dana Halogen Swing-Arm Architect Lamp,327.76,8,0.0,91.77280000000002,0
6343,CA-2015-146255,2015-03-07,2015-03-10,First Class,EM-14140,Eugene Moren,Home Office,United States,Newark,Delaware,19711,East,TEC-AC-10004469,Technology,Accessories,Microsoft Sculpt Comfort Mouse,119.85000000000001,3,0.0,52.73400000000001,0
6344,CA-2015-146255,2015-03-07,2015-03-10,First Class,EM-14140,Eugene Moren,Home Office,United States,Newark,Delaware,19711,East,OFF-BI-10000309,Office Supplies,Binders,"GBC Twin Loop Wire Binding Elements, 9/16"" Spine, Black",30.44,2,0.0,14.9156,0
6345,CA-2015-146255,2015-03-07,2015-03-10,First Class,EM-14140,Eugene Moren,Home Office,United States,Newark,Delaware,19711,East,OFF-BI-10001765,Office Supplies,Binders,Wilson Jones Heavy-Duty Casebound Ring Binders with Metal Hinges,69.28,2,0.0,33.2544,0
6346,CA-2015-146255,2015-03-07,2015-03-10,First Class,EM-14140,Eugene Moren,Home Office,United States,Newark,Delaware,19711,East,TEC-PH-10001619,Technology,Phones,LG G3,587.97,3,0.0,170.51129999999998,0
6434,CA-2015-121405,2015-03-30,2015-04-04,Standard Class,FC-14335,Fred Chung,Corporate,United States,Chicago,Illinois,60610,Central,OFF-PA-10001838,Office Supplies,Paper,"Adams Telephone Message Book W/Dividers/Space For Phone Numbers, 5 1/4""X8 1/2"", 300/Messages",23.52,5,0.2,8.526,0
6487,CA-2015-120621,2015-03-21,2015-03-26,Standard Class,JW-16075,Julia West,Consumer,United States,Jacksonville,North Carolina,28540,South,OFF-AP-10002945,Office Supplies,Appliances,Honeywell Enviracaire Portable HEPA Air Cleaner for 17' x 22' Room,962.0799999999999,4,0.2,156.33799999999997,0
6488,CA-2015-120621,2015-03-21,2015-03-26,Standard Class,JW-16075,Julia West,Consumer,United States,Jacksonville,North Carolina,28540,South,OFF-BI-10000948,Office Supplies,Binders,"GBC Laser Imprintable Binding System Covers, Desert Sand",12.843000000000002,3,0.7,-9.8463,0
6489,CA-2015-120621,2015-03-21,2015-03-26,Standard Class,JW-16075,Julia West,Consumer,United States,Jacksonville,North Carolina,28540,South,OFF-PA-10002254,Office Supplies,Paper,Xerox 1883,295.456,14,0.2,96.02319999999997,0
6808,CA-2015-128125,2015-03-31,2015-04-05,Standard Class,EB-13705,Ed Braxton,Corporate,United States,Houston,Texas,77095,Central,OFF-PA-10000357,Office Supplies,Paper,"White Dual Perf Computer Printout Paper, 2700 Sheets, 1 Part, Heavyweight, 20 lbs., 14 7/8 x 11",98.376,3,0.2,35.661300000000004,0
6924,CA-2015-134257,2015-03-16,2015-03-19,Second Class,MS-17710,Maurice Satty,Consumer,United States,Auburn,Alabama,36830,South,OFF-EN-10003845,Office Supplies,Envelopes,Colored Envelopes,7.38,2,0.0,3.3947999999999996,0
7370,CA-2015-110345,2015-03-09,2015-03-11,Second Class,TG-21310,Toby Gnade,Consumer,United States,Raleigh,North Carolina,27604,South,OFF-LA-10001175,Office Supplies,Labels,Avery 514,4.608,2,0.2,1.6704,0
7439,CA-2015-145457,2015-03-24,2015-03-27,Second Class,CP-12085,Cathy Prescott,Corporate,United States,Covington,Washington,98042,West,FUR-FU-10003832,Furniture,Furnishings,"Eldon Expressions Punched Metal & Wood Desk Accessories, Black & Cherry",46.900000000000006,5,0.0,13.132000000000001,0
7654,CA-2015-121552,2015-03-22,2015-03-27,Standard Class,FW-14395,Fred Wasserman,Corporate,United States,Huntsville,Alabama,35810,South,OFF-AR-10003217,Office Supplies,Art,Newell 316,19.56,4,0.0,5.476800000000001,0
7728,US-2015-150231,2015-03-16,2015-03-20,Second Class,JK-15640,Jim Kriz,Home Office,United States,New York City,New York,10009,East,OFF-AR-10001761,Office Supplies,Art,Avery Hi-Liter Smear-Safe Highlighters,17.52,3,0.0,6.3072,0
7782,CA-2015-132136,2015-03-08,2015-03-12,Standard Class,FO-14305,Frank Olsen,Consumer,United States,Chicago,Illinois,60623,Central,OFF-BI-10002706,Office Supplies,Binders,Avery Premier Heavy-Duty Binder with Round Locking Rings,8.567999999999998,3,0.8,-14.5656,0
7878,CA-2015-148705,2015-03-12,2015-03-18,Standard Class,EB-14170,Evan Bailliet,Consumer,United States,Charlotte,North Carolina,28205,South,OFF-LA-10001641,Office Supplies,Labels,Avery 518,5.04,2,0.2,1.764,0
8252,CA-2015-140221,2015-03-05,2015-03-09,Second Class,MS-17365,Maribeth Schnelling,Consumer,United States,Chicago,Illinois,60653,Central,OFF-AP-10000828,Office Supplies,Appliances,Avanti 4.4 Cu. Ft. Refrigerator,180.97999999999996,5,0.8,-470.548,0
8253,CA-2015-140221,2015-03-05,2015-03-09,Second Class,MS-17365,Maribeth Schnelling,Consumer,United States,Chicago,Illinois,60653,Central,OFF-ST-10000777,Office Supplies,Storage,"Companion Letter/Legal File, Black",60.416,2,0.2,6.0416000000000025,0
8502,CA-2015-102316,2015-03-01,2015-03-03,Second Class,DH-13075,Dave Hallsten,Corporate,United States,Los Angeles,California,90045,West,TEC-PH-10000376,Technology,Phones,Square Credit Card Reader,15.984000000000002,2,0.2,1.1988000000000003,0
8503,CA-2015-102316,2015-03-01,2015-03-03,Second Class,DH-13075,Dave Hallsten,Corporate,United States,Los Angeles,California,90045,West,FUR-CH-10003396,Furniture,Chairs,Global Deluxe Steno Chair,184.752,3,0.2,-20.78460000000001,0
8556,CA-2015-117884,2015-03-22,2015-03-22,Same Day,DC-13285,Debra Catini,Consumer,United States,Plantation,Florida,33317,South,TEC-AC-10002567,Technology,Accessories,Logitech G602 Wireless Gaming Mouse,447.94399999999996,7,0.2,89.58879999999999,0
8782,CA-2015-133585,2015-03-01,2015-03-04,First Class,CM-12715,Craig Molinari,Corporate,United States,Houston,Texas,77070,Central,FUR-BO-10001811,Furniture,Bookcases,"Atlantic Metals Mobile 5-Shelf Bookcases, Custom Colors",1227.9984,6,0.32,-36.11760000000015,0
9445,CA-2015-104052,2015-03-01,2015-03-02,First Class,TP-21565,Tracy Poddar,Corporate,United States,Coppell,Texas,75019,Central,TEC-PH-10003215,Technology,Phones,Jackery Bar Premium Fast-charging Portable Charger,95.84,4,0.2,34.742,0
9867,US-2015-116981,2015-03-26,2015-03-28,Second Class,SM-20950,Suzanne McNair,Corporate,United States,New York City,New York,10009,East,OFF-ST-10002615,Office Supplies,Storage,"Dual Level, Single-Width Filing Carts",1085.42,7,0.0,282.2092,0
9926,CA-2015-159534,2015-03-20,2015-03-23,First Class,DH-13075,Dave Hallsten,Corporate,United States,New York City,New York,10035,East,OFF-BI-10003656,Office Supplies,Binders,Fellowes PB200 Plastic Comb Binding Machine,1087.9360000000001,8,0.2,353.5791999999999,0
9963,CA-2015-168088,2015-03-19,2015-03-22,First Class,CM-12655,Corinna Mitchell,Home Office,United States,Houston,Texas,77041,Central,FUR-BO-10004218,Furniture,Bookcases,"Bush Heritage Pine Collection 5-Shelf Bookcase, Albany Pine Finish, *Special Order",383.46559999999994,4,0.32,-67.6704,0
