Row ID,Order ID,Order Date,Ship Date,Ship Mode,Customer ID,Customer Name,Segment,Country,City,State,Postal Code,Region,Product ID,Category,Sub-Category,Product Name,Sales,Quantity,Discount,Profit,Data_origen
156,CA-2015-124919,2015-05-31,2015-06-02,First Class,SP-20650,Stephanie Phelps,Corporate,United States,San Jose,California,95123,West,OFF-ST-10001590,Office Supplies,Storage,"Tenex Personal Project File with Scoop Front Design, Black",80.88,6,0.0,21.028799999999997,0
157,CA-2015-118948,2015-05-28,2015-06-03,Standard Class,NK-18490,Neil Knudson,Home Office,United States,Seattle,Washington,98105,West,OFF-AR-10001547,Office Supplies,Art,Newell 311,6.63,3,0.0,1.7901,0
696,CA-2015-119291,2015-05-14,2015-05-17,First Class,JO-15550,Jesus Ocampo,Home Office,United States,Chester,Pennsylvania,19013,East,OFF-LA-10002312,Office Supplies,Labels,Avery 490,47.36000000000001,4,0.2,17.759999999999998,0
697,CA-2015-119291,2015-05-14,2015-05-17,First Class,JO-15550,Jesus Ocampo,Home Office,United States,Chester,Pennsylvania,19013,East,OFF-EN-10000927,Office Supplies,Envelopes,Jet-Pak Recycled Peel 'N' Seal Padded Mailers,200.98400000000004,7,0.2,62.807499999999976,0
699,CA-2015-119291,2015-05-14,2015-05-17,First Class,JO-15550,Jesus Ocampo,Home Office,United States,Chester,Pennsylvania,19013,East,OFF-AR-10001118,Office Supplies,Art,"Binney & Smith Crayola Metallic Crayons, 16-Color Pack",2.696,1,0.2,0.8088000000000003,0
700,CA-2015-119291,2015-05-14,2015-05-17,First Class,JO-15550,Jesus Ocampo,Home Office,United States,Chester,Pennsylvania,19013,East,OFF-BI-10001575,Office Supplies,Binders,GBC Linen Binding Covers,18.588000000000005,2,0.7,-13.6312,0
1344,CA-2015-131758,2015-05-28,2015-06-01,Standard Class,KB-16315,Karl Braun,Consumer,United States,Freeport,New York,11520,East,OFF-AR-10000411,Office Supplies,Art,Boston 16701 Slimline Battery Pencil Sharpener,47.82,3,0.0,14.345999999999995,0
1345,CA-2015-131758,2015-05-28,2015-06-01,Standard Class,KB-16315,Karl Braun,Consumer,United States,Freeport,New York,11520,East,OFF-LA-10000262,Office Supplies,Labels,Avery 494,13.049999999999999,5,0.0,6.002999999999999,0
1468,CA-2015-100769,2015-05-16,2015-05-16,Same Day,TH-21550,Tracy Hopkins,Home Office,United States,Jacksonville,Florida,32216,South,TEC-AC-10002402,Technology,Accessories,Razer Kraken PRO Over Ear PC and Music Headset,255.968,4,0.2,31.995999999999974,0
2559,CA-2015-147788,2015-05-31,2015-06-04,Standard Class,TM-21010,Tamara Manning,Consumer,United States,Orem,Utah,84057,West,FUR-BO-10004357,Furniture,Bookcases,O'Sullivan Living Dimensions 3-Shelf Bookcases,1406.86,7,0.0,140.6859999999999,0
2975,CA-2015-137512,2015-05-07,2015-05-12,Standard Class,AG-10675,Anna Gayman,Consumer,United States,Allen,Texas,75002,Central,FUR-TA-10001095,Furniture,Tables,Chromcraft Round Conference Tables,244.00599999999997,2,0.3,-31.372200000000007,0
2976,CA-2015-137512,2015-05-07,2015-05-12,Standard Class,AG-10675,Anna Gayman,Consumer,United States,Allen,Texas,75002,Central,OFF-PA-10000213,Office Supplies,Paper,Xerox 198,15.936000000000002,4,0.2,5.378400000000001,0
3298,US-2015-110569,2015-05-23,2015-05-30,Standard Class,EB-13870,Emily Burns,Consumer,United States,Phoenix,Arizona,85023,West,OFF-AP-10004708,Office Supplies,Appliances,Fellowes Superior 10 Outlet Split Surge Protector,121.79200000000002,4,0.2,13.701599999999988,0
3992,CA-2015-161998,2015-05-01,2015-05-05,Standard Class,DB-13120,David Bremer,Corporate,United States,Tampa,Florida,33614,South,FUR-FU-10001095,Furniture,Furnishings,DAX Black Cherry Wood-Tone Poster Frame,63.55200000000001,3,0.2,14.299199999999999,0
3993,CA-2015-161998,2015-05-01,2015-05-05,Standard Class,DB-13120,David Bremer,Corporate,United States,Tampa,Florida,33614,South,OFF-SU-10004261,Office Supplies,Supplies,"Fiskars 8"" Scissors, 2/Pack",41.376,3,0.2,4.654799999999993,0
4115,CA-2015-116687,2015-05-02,2015-05-07,Standard Class,NC-18625,Noah Childs,Corporate,United States,Houston,Texas,77095,Central,TEC-PH-10001750,Technology,Phones,Samsung Rugby III,158.376,3,0.2,13.857900000000008,0
4289,US-2015-117184,2015-05-17,2015-05-21,Standard Class,ON-18715,Odella Nelson,Corporate,United States,Houston,Texas,77095,Central,OFF-BI-10002082,Office Supplies,Binders,GBC Twin Loop Wire Binding Elements,33.279999999999994,5,0.8,-49.92,0
4571,US-2015-152128,2015-05-25,2015-05-27,Second Class,NM-18445,Nathan Mautz,Home Office,United States,Wichita,Kansas,67212,Central,OFF-AR-10002445,Office Supplies,Art,SANFORD Major Accent Highlighters,21.240000000000002,3,0.0,8.071200000000001,0
4572,US-2015-152128,2015-05-25,2015-05-27,Second Class,NM-18445,Nathan Mautz,Home Office,United States,Wichita,Kansas,67212,Central,OFF-BI-10001718,Office Supplies,Binders,GBC DocuBind P50 Personal Binding Machine,127.96,2,0.0,60.1412,0
4603,US-2015-113327,2015-05-26,2015-05-29,Second Class,BF-11170,Ben Ferrer,Home Office,United States,Jacksonville,North Carolina,28540,South,OFF-PA-10003790,Office Supplies,Paper,Xerox 1991,18.272000000000002,1,0.2,5.938399999999999,0
4604,US-2015-113327,2015-05-26,2015-05-29,Second Class,BF-11170,Ben Ferrer,Home Office,United States,Jacksonville,North Carolina,28540,South,OFF-PA-10003134,Office Supplies,Paper,Xerox 1937,153.728,4,0.2,53.804799999999986,0
4606,US-2015-113327,2015-05-26,2015-05-29,Second Class,BF-11170,Ben Ferrer,Home Office,United States,Jacksonville,North Carolina,28540,South,TEC-AC-10003628,Technology,Accessories,Logitech 910-002974 M325 Wireless Mouse for Web Scrolling,167.94400000000002,7,0.2,50.383200000000016,0
4607,CA-2015-135020,2015-05-28,2015-06-02,Standard Class,MS-17770,Maxwell Schwartz,Consumer,United States,Rochester,New York,14609,East,TEC-PH-10004093,Technology,Phones,Panasonic Kx-TS550,45.99,1,0.0,13.3371,0
4608,CA-2015-135020,2015-05-28,2015-06-02,Standard Class,MS-17770,Maxwell Schwartz,Consumer,United States,Rochester,New York,14609,East,OFF-ST-10001490,Office Supplies,Storage,"Hot File 7-Pocket, Floor Stand",535.41,3,0.0,160.62299999999993,0
4658,CA-2015-112130,2015-05-03,2015-05-07,Standard Class,SV-20785,Stewart Visinsky,Consumer,United States,Philadelphia,Pennsylvania,19140,East,OFF-AP-10003266,Office Supplies,Appliances,"Holmes Replacement Filter for HEPA Air Cleaner, Large Room",23.696,2,0.2,6.5164,0
4659,CA-2015-112130,2015-05-03,2015-05-07,Standard Class,SV-20785,Stewart Visinsky,Consumer,United States,Philadelphia,Pennsylvania,19140,East,OFF-PA-10002230,Office Supplies,Paper,Xerox 1897,7.968000000000001,2,0.2,2.8884000000000007,0
4661,CA-2015-112130,2015-05-03,2015-05-07,Standard Class,SV-20785,Stewart Visinsky,Consumer,United States,Philadelphia,Pennsylvania,19140,East,TEC-AC-10001542,Technology,Accessories,SanDisk Cruzer 16 GB USB Flash Drive,27.552000000000003,3,0.2,-0.3444000000000047,0
4662,CA-2015-112130,2015-05-03,2015-05-07,Standard Class,SV-20785,Stewart Visinsky,Consumer,United States,Philadelphia,Pennsylvania,19140,East,FUR-CH-10002965,Furniture,Chairs,"Global Leather Highback Executive Chair with Pneumatic Height Adjustment, Black",844.1159999999999,6,0.3,-36.1764,0
4663,CA-2015-112130,2015-05-03,2015-05-07,Standard Class,SV-20785,Stewart Visinsky,Consumer,United States,Philadelphia,Pennsylvania,19140,East,OFF-ST-10000563,Office Supplies,Storage,Fellowes Bankers Box Stor/Drawer Steel Plus,76.75200000000001,3,0.2,-9.594000000000001,0
4716,US-2015-122910,2015-05-12,2015-05-16,Standard Class,LT-16765,Larry Tron,Consumer,United States,Louisville,Colorado,80027,West,TEC-PH-10000441,Technology,Phones,VTech DS6151,201.584,2,0.2,20.158400000000015,0
4966,CA-2015-109708,2015-05-25,2015-05-28,Second Class,CY-12745,Craig Yedwab,Corporate,United States,Columbia,Tennessee,38401,South,TEC-PH-10001944,Technology,Phones,Wi-Ex zBoost YX540 Cellular Phone Signal Booster,467.03999999999996,4,0.2,58.37999999999994,0
5062,CA-2015-136798,2015-05-08,2015-05-12,Standard Class,DL-12925,Daniel Lacy,Consumer,United States,Minneapolis,Minnesota,55407,Central,OFF-BI-10003684,Office Supplies,Binders,Wilson Jones Legal Size Ring Binders,43.98,2,0.0,21.99,0
5063,CA-2015-136798,2015-05-08,2015-05-12,Standard Class,DL-12925,Daniel Lacy,Consumer,United States,Minneapolis,Minnesota,55407,Central,TEC-PH-10000441,Technology,Phones,VTech DS6151,377.96999999999997,3,0.0,105.83160000000002,0
5212,CA-2015-130876,2015-05-12,2015-05-16,Second Class,AZ-10750,Annie Zypern,Consumer,United States,New York City,New York,10024,East,OFF-ST-10004258,Office Supplies,Storage,Portable Personal File Box,36.63,3,0.0,9.890100000000004,0
5514,CA-2015-103177,2015-05-30,2015-06-01,First Class,EN-13780,Edward Nazzal,Consumer,United States,New York City,New York,10009,East,TEC-PH-10001795,Technology,Phones,RCA H5401RE1 DECT 6.0 4-Line Cordless Handset With Caller ID/Call Waiting,239.96999999999997,3,0.0,2.3996999999999815,0
5528,CA-2015-142055,2015-05-08,2015-05-10,First Class,AB-10255,Alejandro Ballentine,Home Office,United States,New York City,New York,10009,East,OFF-PA-10003465,Office Supplies,Paper,Xerox 1912,37.94,2,0.0,18.211199999999998,0
5644,CA-2015-166604,2015-05-15,2015-05-20,Second Class,AH-10690,Anna Häberlin,Corporate,United States,Roswell,Georgia,30076,South,OFF-EN-10004147,Office Supplies,Envelopes,Wausau Papers Astrobrights Colored Envelopes,17.94,3,0.0,8.790600000000001,0
5708,US-2015-160857,2015-05-08,2015-05-15,Standard Class,NW-18400,Natalie Webber,Consumer,United States,New York City,New York,10024,East,FUR-FU-10001095,Furniture,Furnishings,DAX Black Cherry Wood-Tone Poster Frame,79.44,3,0.0,30.1872,0
5709,US-2015-160857,2015-05-08,2015-05-15,Standard Class,NW-18400,Natalie Webber,Consumer,United States,New York City,New York,10024,East,OFF-SU-10000157,Office Supplies,Supplies,Compact Automatic Electric Letter Opener,357.93,3,0.0,7.158600000000007,0
5710,US-2015-160857,2015-05-08,2015-05-15,Standard Class,NW-18400,Natalie Webber,Consumer,United States,New York City,New York,10024,East,FUR-CH-10002647,Furniture,Chairs,"Situations Contoured Folding Chairs, 4/Set",127.76400000000001,2,0.1,21.294000000000008,0
5712,US-2015-160857,2015-05-08,2015-05-15,Standard Class,NW-18400,Natalie Webber,Consumer,United States,New York City,New York,10024,East,OFF-PA-10003363,Office Supplies,Paper,Xerox 204,19.44,3,0.0,9.3312,0
6595,CA-2015-146290,2015-05-04,2015-05-11,Standard Class,SV-20815,Stuart Van,Corporate,United States,Indianapolis,Indiana,46203,Central,OFF-AR-10001897,Office Supplies,Art,Model L Table or Wall-Mount Pencil Sharpener,125.92999999999999,7,0.0,35.260400000000004,0
6688,CA-2015-165162,2015-05-14,2015-05-21,Standard Class,HG-15025,Hunter Glantz,Consumer,United States,Los Angeles,California,90032,West,OFF-ST-10003470,Office Supplies,Storage,"Tennsco Snap-Together Open Shelving Units, Starter Sets and Add-On Units",1117.92,4,0.0,55.89599999999996,0
6702,CA-2015-153535,2015-05-20,2015-05-24,Standard Class,SG-20470,Sheri Gordon,Consumer,United States,Wilson,North Carolina,27893,South,FUR-FU-10001986,Furniture,Furnishings,"Dana Fluorescent Magnifying Lamp, White, 36""",163.136,4,0.2,20.39199999999999,0
6703,CA-2015-153535,2015-05-20,2015-05-24,Standard Class,SG-20470,Sheri Gordon,Consumer,United States,Wilson,North Carolina,27893,South,OFF-BI-10001031,Office Supplies,Binders,Pressboard Data Binders by Wilson Jones,6.408,4,0.7,-4.912799999999999,0
6920,CA-2015-102806,2015-05-21,2015-05-28,Standard Class,HG-14965,Henry Goldwyn,Corporate,United States,Philadelphia,Pennsylvania,19143,East,OFF-BI-10001597,Office Supplies,Binders,"Wilson Jones Ledger-Size, Piano-Hinge Binder, 2"", Blue",24.588,2,0.7,-18.0312,0
7218,CA-2015-150770,2015-05-03,2015-05-06,First Class,LC-16870,Lena Cacioppo,Consumer,United States,San Francisco,California,94109,West,OFF-BI-10002026,Office Supplies,Binders,Ibico Recycled Linen-Style Covers,62.49600000000001,2,0.2,21.873599999999996,0
7219,CA-2015-150770,2015-05-03,2015-05-06,First Class,LC-16870,Lena Cacioppo,Consumer,United States,San Francisco,California,94109,West,TEC-AC-10000844,Technology,Accessories,Logitech Gaming G510s - Keyboard,339.96,4,0.0,122.38559999999998,0
7220,CA-2015-150770,2015-05-03,2015-05-06,First Class,LC-16870,Lena Cacioppo,Consumer,United States,San Francisco,California,94109,West,OFF-BI-10001575,Office Supplies,Binders,GBC Linen Binding Covers,49.568000000000005,2,0.2,17.348799999999997,0
7295,CA-2015-148964,2015-05-26,2015-05-31,Standard Class,RD-19900,Ruben Dartt,Consumer,United States,Bellevue,Washington,98006,West,FUR-FU-10003849,Furniture,Furnishings,"DAX Metal Frame, Desktop, Stepped-Edge",20.24,1,0.0,7.893599999999999,0
7404,CA-2015-100146,2015-05-14,2015-05-19,Standard Class,CB-12535,Claudia Bergmann,Corporate,United States,Camarillo,California,93010,West,FUR-BO-10004015,Furniture,Bookcases,"Bush Andora Bookcase, Maple/Graphite Gray Finish",509.9574999999999,5,0.15,41.99649999999994,0
7406,CA-2015-100146,2015-05-14,2015-05-19,Standard Class,CB-12535,Claudia Bergmann,Corporate,United States,Camarillo,California,93010,West,FUR-CH-10003833,Furniture,Chairs,Novimex Fabric Task Chair,97.568,2,0.2,-6.0980000000000025,0
7407,CA-2015-100146,2015-05-14,2015-05-19,Standard Class,CB-12535,Claudia Bergmann,Corporate,United States,Camarillo,California,93010,West,FUR-CH-10004495,Furniture,Chairs,"Global Leather and Oak Executive Chair, Black",722.3520000000001,3,0.2,81.26459999999992,0
7626,CA-2015-136805,2015-05-23,2015-05-27,Second Class,NM-18445,Nathan Mautz,Home Office,United States,Detroit,Michigan,48234,Central,FUR-FU-10003724,Furniture,Furnishings,Westinghouse Clip-On Gooseneck Lamps,75.33,9,0.0,19.5858,0
7748,CA-2015-156153,2015-05-31,2015-06-02,Second Class,CW-11905,Carl Weiss,Home Office,United States,Long Beach,New York,11561,East,OFF-FA-10003472,Office Supplies,Fasteners,Bagged Rubber Bands,7.5600000000000005,6,0.0,0.3024,0
8102,CA-2015-149846,2015-05-22,2015-05-26,Standard Class,SB-20185,Sarah Brown,Consumer,United States,Los Angeles,California,90045,West,OFF-LA-10004484,Office Supplies,Labels,Avery 476,8.26,2,0.0,3.7996,0
8103,CA-2015-149846,2015-05-22,2015-05-26,Standard Class,SB-20185,Sarah Brown,Consumer,United States,Los Angeles,California,90045,West,TEC-MA-10004002,Technology,Machines,Zebra GX420t Direct Thermal/Thermal Transfer Printer,2973.32,7,0.2,334.4984999999996,0
8247,CA-2015-129217,2015-05-10,2015-05-10,Same Day,DP-13390,Dennis Pardue,Home Office,United States,Aurora,Illinois,60505,Central,OFF-AP-10002439,Office Supplies,Appliances,Tripp Lite Isotel 8 Ultra 8 Outlet Metal Surge,70.96999999999998,5,0.8,-191.619,0
8387,CA-2015-149601,2015-05-28,2015-06-03,Standard Class,TB-21625,Trudy Brown,Consumer,United States,Manchester,Connecticut,6040,East,OFF-ST-10001558,Office Supplies,Storage,Acco Perma 4000 Stacking Storage Drawers,16.24,1,0.0,2.436,0
8388,CA-2015-149601,2015-05-28,2015-06-03,Standard Class,TB-21625,Trudy Brown,Consumer,United States,Manchester,Connecticut,6040,East,OFF-ST-10001328,Office Supplies,Storage,"Personal Filing Tote with Lid, Black/Gray",77.55,5,0.0,21.714000000000002,0
8589,CA-2015-138492,2015-05-15,2015-05-22,Standard Class,FC-14335,Fred Chung,Corporate,United States,Philadelphia,Pennsylvania,19140,East,OFF-ST-10002583,Office Supplies,Storage,Fellowes Neat Ideas Storage Cubes,51.967999999999996,2,0.2,-10.393600000000001,0
8663,CA-2015-131856,2015-05-12,2015-05-17,Standard Class,JG-15160,James Galang,Consumer,United States,Houston,Texas,77041,Central,TEC-PH-10001336,Technology,Phones,Digium D40 VoIP phone,619.152,6,0.2,69.65459999999999,0
8664,CA-2015-131856,2015-05-12,2015-05-17,Standard Class,JG-15160,James Galang,Consumer,United States,Houston,Texas,77041,Central,OFF-PA-10001954,Office Supplies,Paper,Xerox 1964,127.90400000000001,7,0.2,41.568799999999996,0
9109,CA-2015-132941,2015-05-25,2015-05-28,First Class,MM-18280,Muhammed MacIntyre,Corporate,United States,Haltom City,Texas,76117,Central,OFF-PA-10002160,Office Supplies,Paper,Xerox 1978,32.368,7,0.2,11.733400000000001,0
9371,CA-2015-111339,2015-05-29,2015-05-31,First Class,VP-21760,Victoria Pisteka,Corporate,United States,Columbus,Ohio,43229,East,FUR-FU-10002506,Furniture,Furnishings,"Tensor ""Hersey Kiss"" Styled Floor Lamp",41.568000000000005,4,0.2,-4.156800000000002,0
9372,CA-2015-111339,2015-05-29,2015-05-31,First Class,VP-21760,Victoria Pisteka,Corporate,United States,Columbus,Ohio,43229,East,FUR-CH-10000863,Furniture,Chairs,Novimex Swivel Fabric Task Chair,317.058,3,0.3,-86.05860000000001,0
9475,CA-2015-100818,2015-05-31,2015-06-05,Second Class,JM-15265,Janet Molinari,Corporate,United States,Chicago,Illinois,60653,Central,OFF-LA-10000443,Office Supplies,Labels,Avery 501,5.904,2,0.2,1.9926,0
9551,CA-2015-160864,2015-05-03,2015-05-06,First Class,NF-18595,Nicole Fjeld,Home Office,United States,San Jose,California,95123,West,OFF-BI-10004654,Office Supplies,Binders,Avery Binding System Hidden Tab Executive Style Index Sets,13.847999999999999,3,0.2,5.193,0
9576,CA-2015-143147,2015-05-26,2015-05-28,Second Class,PS-18760,Pamela Stobb,Consumer,United States,San Antonio,Texas,78207,Central,FUR-CH-10000863,Furniture,Chairs,Novimex Swivel Fabric Task Chair,105.68599999999999,1,0.3,-28.6862,0
9577,CA-2015-143147,2015-05-26,2015-05-28,Second Class,PS-18760,Pamela Stobb,Consumer,United States,San Antonio,Texas,78207,Central,TEC-MA-10004679,Technology,Machines,StarTech.com 10/100 VDSL2 Ethernet Extender Kit,399.53999999999996,2,0.4,-79.90800000000002,0
9881,CA-2015-104297,2015-05-29,2015-05-31,First Class,CC-12100,Chad Cunningham,Home Office,United States,Cleveland,Ohio,44105,East,OFF-PA-10000474,Office Supplies,Paper,Easy-staple paper,85.056,3,0.2,28.70639999999999,0
9985,CA-2015-100251,2015-05-17,2015-05-23,Standard Class,DV-13465,Dianna Vittorini,Consumer,United States,Long Beach,New York,11561,East,OFF-LA-10003766,Office Supplies,Labels,Self-Adhesive Removable Labels,31.5,10,0.0,15.120000000000001,0
9986,CA-2015-100251,2015-05-17,2015-05-23,Standard Class,DV-13465,Dianna Vittorini,Consumer,United States,Long Beach,New York,11561,East,OFF-SU-10000898,Office Supplies,Supplies,"Acme Hot Forged Carbon Steel Scissors with Nickel-Plated Handles, 3 7/8"" Cut, 8""L",55.6,4,0.0,16.123999999999995,0
