Row ID,Order ID,Order Date,Ship Date,Ship Mode,Customer ID,Customer Name,Segment,Country,City,State,Postal Code,Region,Product ID,Category,Sub-Category,Product Name,Sales,Quantity,Discount,Profit,Data_origen
15,US-2015-118983,2015-11-22,2015-11-26,Standard Class,HP-14815,Harold Pawlan,Home Office,United States,Fort Worth,Texas,76106,Central,OFF-AP-10002311,Office Supplies,Appliances,"Holmes Replacement Filter for HEPA Air Cleaner, Very Large Room, HEPA Filter",68.80999999999999,5,0.8,-123.858,0
16,US-2015-118983,2015-11-22,2015-11-26,Standard Class,HP-14815,Harold Pawlan,Home Office,United States,Fort Worth,Texas,76106,Central,OFF-BI-10000756,Office Supplies,Binders,Storex DuraTech Recycled Plastic Frosted Binders,2.5439999999999996,3,0.8,-3.8160000000000016,0
63,CA-2015-135545,2015-11-24,2015-11-30,Standard Class,KM-16720,Kunst Miller,Consumer,United States,Los Angeles,California,90004,West,TEC-AC-10004633,Technology,Accessories,"Verbatim 25 GB 6x Blu-ray Single Layer Recordable Disc, 3/Pack",13.98,2,0.0,6.151200000000001,0
64,CA-2015-135545,2015-11-24,2015-11-30,Standard Class,KM-16720,Kunst Miller,Consumer,United States,Los Angeles,California,90004,West,OFF-BI-10001078,Office Supplies,Binders,"Acco PRESSTEX Data Binder with Storage Hooks, Dark Blue, 14 7/8"" X 11""",25.824,6,0.2,9.3612,0
65,CA-2015-135545,2015-11-24,2015-11-30,Standard Class,KM-16720,Kunst Miller,Consumer,United States,Los Angeles,California,90004,West,OFF-PA-10003892,Office Supplies,Paper,Xerox 1943,146.73,3,0.0,68.9631,0
179,US-2015-101511,2015-11-21,2015-11-23,Second Class,JE-15745,Joel Eaton,Consumer,United States,Newark,Ohio,43055,East,OFF-SU-10002189,Office Supplies,Supplies,Acme Rosewood Handle Letter Opener,15.88,5,0.2,-3.771500000000001,0
255,US-2015-159982,2015-11-28,2015-12-04,Standard Class,DR-12880,Dan Reichenbach,Corporate,United States,Chicago,Illinois,60623,Central,FUR-FU-10002505,Furniture,Furnishings,Eldon 100 Class Desk Accessories,12.132000000000001,9,0.6,-8.492399999999998,0
256,US-2015-159982,2015-11-28,2015-12-04,Standard Class,DR-12880,Dan Reichenbach,Corporate,United States,Chicago,Illinois,60623,Central,OFF-ST-10004804,Office Supplies,Storage,"Belkin 19"" Vented Equipment Shelf, Black",82.368,2,0.2,-19.562399999999997,0
283,CA-2015-130890,2015-11-02,2015-11-06,Standard Class,JO-15280,Jas O'Carroll,Consumer,United States,Los Angeles,California,90004,West,FUR-TA-10002903,Furniture,Tables,"Bevis Round Bullnose 29"" High Table Top",1038.84,5,0.2,51.94200000000001,0
385,US-2015-168935,2015-11-27,2015-12-02,Standard Class,DO-13435,Denny Ordway,Consumer,United States,Pembroke Pines,Florida,33024,South,FUR-TA-10000617,Furniture,Tables,"Hon Practical Foundations 30 x 60 Training Table, Light Gray/Charcoal",375.45750000000004,3,0.45,-157.00949999999997,0
386,US-2015-168935,2015-11-27,2015-12-02,Standard Class,DO-13435,Denny Ordway,Consumer,United States,Pembroke Pines,Florida,33024,South,TEC-AC-10002335,Technology,Accessories,Logitech Media Keyboard K200,83.97600000000001,3,0.2,-1.049700000000005,0
532,CA-2015-102848,2015-11-07,2015-11-09,Second Class,KB-16240,Karen Bern,Corporate,United States,Los Angeles,California,90036,West,FUR-CH-10000595,Furniture,Chairs,Safco Contoured Stacking Chairs,190.72000000000003,1,0.2,11.919999999999987,0
550,CA-2015-113173,2015-11-15,2015-11-17,Second Class,DK-13225,Dean Katz,Corporate,United States,Chicago,Illinois,60653,Central,OFF-BI-10004738,Office Supplies,Binders,Flexible Leather- Look Classic Collection Ring Binder,11.363999999999997,3,0.8,-17.046,0
625,CA-2015-138009,2015-11-29,2015-12-03,Standard Class,SF-20965,Sylvia Foulston,Corporate,United States,Dearborn,Michigan,48126,Central,OFF-ST-10001272,Office Supplies,Storage,"Mini 13-1/2 Capacity Data Binder Rack, Pearl",523.48,4,0.0,130.87,0
626,CA-2015-138009,2015-11-29,2015-12-03,Standard Class,SF-20965,Sylvia Foulston,Corporate,United States,Dearborn,Michigan,48126,Central,OFF-AR-10004042,Office Supplies,Art,"BOSTON Model 1800 Electric Pencil Sharpeners, Putty/Woodgrain",161.82,9,0.0,46.92779999999998,0
800,CA-2015-101910,2015-11-27,2015-12-03,Standard Class,CD-11920,Carlos Daly,Consumer,United States,Lake Elsinore,California,92530,West,FUR-CH-10002647,Furniture,Chairs,"Situations Contoured Folding Chairs, 4/Set",283.92,5,0.2,17.74500000000002,0
840,CA-2015-100454,2015-11-20,2015-11-25,Standard Class,BM-11650,Brian Moss,Corporate,United States,New York City,New York,10035,East,OFF-AR-10004648,Office Supplies,Art,Boston 19500 Mighty Mite Electric Pencil Sharpener,60.449999999999996,3,0.0,16.3215,0
841,CA-2015-100454,2015-11-20,2015-11-25,Standard Class,BM-11650,Brian Moss,Corporate,United States,New York City,New York,10035,East,OFF-AR-10002578,Office Supplies,Art,Newell 335,11.52,4,0.0,3.3407999999999998,0
962,CA-2015-160059,2015-11-27,2015-12-01,Standard Class,TB-21190,Thomas Brumley,Home Office,United States,Fayetteville,Arkansas,72701,South,OFF-BI-10000145,Office Supplies,Binders,Zipper Ring Binder Pockets,6.24,2,0.0,3.0576,0
1006,CA-2015-111199,2015-11-13,2015-11-17,Standard Class,JK-15730,Joe Kamberova,Consumer,United States,Jacksonville,North Carolina,28540,South,OFF-PA-10001790,Office Supplies,Paper,Xerox 1910,115.296,3,0.2,40.353599999999986,0
1007,CA-2015-105312,2015-11-06,2015-11-09,First Class,MT-17815,Meg Tillman,Consumer,United States,Scottsdale,Arizona,85254,West,OFF-EN-10002600,Office Supplies,Envelopes,"Redi-Strip #10 Envelopes, 4 1/8 x 9 1/2",7.080000000000001,3,0.2,2.477999999999999,0
1071,CA-2015-144652,2015-11-20,2015-11-26,Standard Class,SN-20560,Skye Norling,Home Office,United States,Los Angeles,California,90008,West,OFF-AR-10003732,Office Supplies,Art,Newell 333,19.459999999999997,7,0.0,5.0596,0
1488,CA-2015-140410,2015-11-03,2015-11-07,Standard Class,CM-12655,Corinna Mitchell,Home Office,United States,Los Angeles,California,90008,West,TEC-AC-10001109,Technology,Accessories,Logitech Trackman Marble Mouse,89.97,3,0.0,37.787400000000005,0
1489,CA-2015-140410,2015-11-03,2015-11-07,Standard Class,CM-12655,Corinna Mitchell,Home Office,United States,Los Angeles,California,90008,West,FUR-FU-10003347,Furniture,Furnishings,Coloredge Poster Frame,42.599999999999994,3,0.0,16.614,0
1547,CA-2015-111395,2015-11-23,2015-11-27,Standard Class,VB-21745,Victoria Brennan,Corporate,United States,San Antonio,Texas,78207,Central,OFF-PA-10000994,Office Supplies,Paper,Xerox 1915,335.52,4,0.2,117.43199999999999,0
1548,CA-2015-111395,2015-11-23,2015-11-27,Standard Class,VB-21745,Victoria Brennan,Corporate,United States,San Antonio,Texas,78207,Central,OFF-BI-10002867,Office Supplies,Binders,GBC Recycled Regency Composition Covers,23.911999999999995,2,0.8,-40.65040000000002,0
1567,CA-2015-129112,2015-11-29,2015-11-30,First Class,AW-10840,Anthony Witt,Consumer,United States,Allen,Texas,75002,Central,TEC-AC-10003038,Technology,Accessories,Kingston Digital DataTraveler 16GB USB 2.0,21.48,3,0.2,-0.26850000000000307,0
1627,CA-2015-164539,2015-11-16,2015-11-22,Standard Class,PO-19180,Philisse Overcash,Home Office,United States,New York City,New York,10011,East,OFF-AP-10002457,Office Supplies,Appliances,"Eureka The Boss Plus 12-Amp Hard Box Upright Vacuum, Red",523.25,5,0.0,141.27749999999997,0
1647,CA-2015-105221,2015-11-01,2015-11-03,First Class,VM-21685,Valerie Mitchum,Home Office,United States,Philadelphia,Pennsylvania,19140,East,TEC-AC-10002323,Technology,Accessories,SanDisk Ultra 32 GB MicroSDHC Class 10 Memory Card,35.36000000000001,2,0.2,-3.0939999999999994,0
1648,CA-2015-105221,2015-11-01,2015-11-03,First Class,VM-21685,Valerie Mitchum,Home Office,United States,Philadelphia,Pennsylvania,19140,East,OFF-FA-10001135,Office Supplies,Fasteners,"Brites Rubber Bands, 1 1/2 oz. Box",3.168,2,0.2,-0.7127999999999999,0
1751,CA-2015-139094,2015-11-22,2015-11-27,Standard Class,MO-17800,Meg O'Connel,Home Office,United States,San Antonio,Texas,78207,Central,FUR-TA-10004607,Furniture,Tables,Hon 2111 Invitation Series Straight Table,206.96200000000002,2,0.3,-32.52260000000001,0
1779,CA-2015-105347,2015-11-24,2015-11-28,Standard Class,DP-13000,Darren Powers,Consumer,United States,Los Angeles,California,90004,West,OFF-AR-10003045,Office Supplies,Art,Prang Colored Pencils,14.7,5,0.0,6.615,0
1833,CA-2015-131422,2015-11-05,2015-11-09,Standard Class,GB-14530,George Bell,Corporate,United States,Monroe,North Carolina,28110,South,FUR-CH-10001270,Furniture,Chairs,Harbour Creations Steel Folding Chair,207.0,3,0.2,25.87499999999997,0
1918,CA-2015-105634,2015-11-08,2015-11-14,Standard Class,HA-14905,Helen Abelman,Consumer,United States,Franklin,Massachusetts,2038,East,OFF-AR-10001573,Office Supplies,Art,American Pencil,11.65,5,0.0,3.378499999999999,0
1989,CA-2015-127509,2015-11-09,2015-11-13,Standard Class,AS-10090,Adam Shillingsburg,Consumer,United States,Springfield,Missouri,65807,Central,FUR-TA-10002855,Furniture,Tables,Bevis Round Conference Table Top & Single Column Base,1024.38,7,0.0,215.11979999999994,0
1991,CA-2015-127509,2015-11-09,2015-11-13,Standard Class,AS-10090,Adam Shillingsburg,Consumer,United States,Springfield,Missouri,65807,Central,OFF-PA-10002160,Office Supplies,Paper,Xerox 1978,17.34,3,0.0,8.4966,0
2030,CA-2015-117961,2015-11-26,2015-11-30,Standard Class,GP-14740,Guy Phonely,Corporate,United States,Leominster,Massachusetts,1453,East,OFF-ST-10001172,Office Supplies,Storage,"Tennsco Lockers, Sand",104.9,5,0.0,25.176,0
2133,CA-2015-156524,2015-11-20,2015-11-26,Standard Class,DL-12865,Dan Lawera,Consumer,United States,New York City,New York,10011,East,OFF-PA-10003883,Office Supplies,Paper,"Message Book, Phone, Wirebound Standard Line Memo, 2 3/4"" X 5""",19.65,3,0.0,9.039,0
2136,CA-2015-122210,2015-11-30,2015-12-04,Standard Class,WB-21850,William Brown,Consumer,United States,Philadelphia,Pennsylvania,19134,East,TEC-PH-10002807,Technology,Phones,Motorla HX550 Universal Bluetooth Headset,94.91999999999999,4,0.4,15.819999999999993,0
2260,CA-2015-117611,2015-11-08,2015-11-10,Second Class,MZ-17335,Maria Zettner,Home Office,United States,San Diego,California,92024,West,OFF-FA-10002280,Office Supplies,Fasteners,Advantus Plastic Paper Clips,5.0,1,0.0,2.4,0
2261,CA-2015-117611,2015-11-08,2015-11-10,Second Class,MZ-17335,Maria Zettner,Home Office,United States,San Diego,California,92024,West,TEC-AC-10002049,Technology,Accessories,Logitech G19 Programmable Gaming Keyboard,371.96999999999997,3,0.0,66.95459999999997,0
2294,CA-2015-130995,2015-11-01,2015-11-06,Standard Class,QJ-19255,Quincy Jones,Corporate,United States,New York City,New York,10009,East,TEC-PH-10000347,Technology,Phones,Cush Cases Heavy Duty Rugged Cover Case for Samsung Galaxy S5 - Purple,4.95,1,0.0,1.3365,0
2299,CA-2015-113145,2015-11-01,2015-11-05,Standard Class,VD-21670,Valerie Dominguez,Consumer,United States,New York City,New York,10011,East,TEC-AC-10001838,Technology,Accessories,Razer Tiamat Over Ear 7.1 Surround Sound PC Gaming Headset,1399.93,7,0.0,601.9699,0
2300,CA-2015-113145,2015-11-01,2015-11-05,Standard Class,VD-21670,Valerie Dominguez,Consumer,United States,New York City,New York,10011,East,TEC-PH-10002597,Technology,Phones,Xblue XB-1670-86 X16 Small Office Telephone - Titanium,503.96,4,0.0,125.99000000000001,0
2395,CA-2015-137897,2015-11-14,2015-11-19,Standard Class,PJ-18835,Patrick Jones,Corporate,United States,New York City,New York,10035,East,TEC-AC-10002217,Technology,Accessories,Imation Clip USB flash drive - 8 GB,37.6,2,0.0,2.2560000000000002,0
2396,CA-2015-137897,2015-11-14,2015-11-19,Standard Class,PJ-18835,Patrick Jones,Corporate,United States,New York City,New York,10035,East,TEC-AC-10001267,Technology,Accessories,Imation 32GB Pocket Pro USB 3.0 Flash Drive - 32 GB - Black - 1 P ...,59.9,2,0.0,23.96,0
2435,CA-2015-154746,2015-11-14,2015-11-17,First Class,PJ-18835,Patrick Jones,Corporate,United States,Springfield,Virginia,22153,South,OFF-EN-10001532,Office Supplies,Envelopes,Brown Kraft Recycled Envelopes,33.96,2,0.0,16.98,0
2689,CA-2015-153220,2015-11-12,2015-11-14,First Class,YC-21895,Yoseph Carroll,Corporate,United States,Los Angeles,California,90032,West,OFF-PA-10003016,Office Supplies,Paper,"Adams ""While You Were Out"" Message Pads",15.700000000000001,5,0.0,7.0649999999999995,0
2736,CA-2015-115798,2015-11-13,2015-11-19,Standard Class,KL-16645,Ken Lonsdale,Consumer,United States,Newark,Delaware,19711,East,TEC-PH-10003691,Technology,Phones,BlackBerry Q10,377.96999999999997,3,0.0,94.4925,0
2737,CA-2015-115798,2015-11-13,2015-11-19,Standard Class,KL-16645,Ken Lonsdale,Consumer,United States,Newark,Delaware,19711,East,OFF-PA-10001560,Office Supplies,Paper,"Adams Telephone Message Books, 5 1/4” x 11”",42.28,7,0.0,19.8716,0
2738,CA-2015-115798,2015-11-13,2015-11-19,Standard Class,KL-16645,Ken Lonsdale,Consumer,United States,Newark,Delaware,19711,East,FUR-BO-10004467,Furniture,Bookcases,Bestar Classic Bookcase,299.96999999999997,3,0.0,56.99429999999998,0
2748,US-2015-165449,2015-11-22,2015-11-26,Standard Class,AP-10720,Anne Pryor,Home Office,United States,Frisco,Texas,75034,Central,TEC-AC-10004127,Technology,Accessories,SanDisk Cruzer 8 GB USB Flash Drive,27.168000000000003,4,0.2,-1.3583999999999987,0
2802,US-2015-110163,2015-11-01,2015-11-04,First Class,GA-14725,Guy Armstrong,Consumer,United States,Salem,Oregon,97301,West,OFF-AR-10001683,Office Supplies,Art,Lumber Crayons,7.88,1,0.2,1.7730000000000004,0
2813,CA-2015-135685,2015-11-16,2015-11-18,Second Class,MP-18175,Mike Pelletier,Home Office,United States,Milwaukee,Wisconsin,53209,Central,FUR-TA-10001520,Furniture,Tables,"Lesro Sheffield Collection Coffee Table, End Table, Center Table, Corner Table",214.11,3,0.0,36.39869999999998,0
2911,CA-2015-118444,2015-11-05,2015-11-09,Standard Class,VD-21670,Valerie Dominguez,Consumer,United States,Coral Springs,Florida,33065,South,OFF-AP-10000576,Office Supplies,Appliances,"Belkin 325VA UPS Surge Protector, 6'",387.136,4,0.2,24.196000000000012,0
3025,CA-2015-164441,2015-11-08,2015-11-13,Standard Class,AC-10450,Amy Cox,Consumer,United States,New York City,New York,10011,East,OFF-BI-10001922,Office Supplies,Binders,Storex Dura Pro Binders,52.272000000000006,11,0.2,17.641799999999996,0
3026,CA-2015-164441,2015-11-08,2015-11-13,Standard Class,AC-10450,Amy Cox,Consumer,United States,New York City,New York,10011,East,OFF-PA-10001667,Office Supplies,Paper,Great White Multi-Use Recycled Paper (20Lb. and 84 Bright),17.94,3,0.0,8.073,0
3064,CA-2015-145184,2015-11-27,2015-11-29,First Class,JD-16150,Justin Deggeller,Corporate,United States,Newark,Delaware,19711,East,TEC-AC-10000397,Technology,Accessories,"Perixx PERIBOARD-512B, Ergonomic Split Keyboard",104.97,3,0.0,7.347900000000003,0
3310,CA-2015-144386,2015-11-05,2015-11-11,Standard Class,GT-14635,Grant Thornton,Corporate,United States,New York City,New York,10009,East,OFF-BI-10001116,Office Supplies,Binders,"Wilson Jones 1"" Hanging DublLock Ring Binders",25.344,6,0.2,8.870400000000002,0
3369,CA-2015-115511,2015-11-21,2015-11-25,Standard Class,NW-18400,Natalie Webber,Consumer,United States,Las Vegas,Nevada,89115,West,FUR-BO-10002598,Furniture,Bookcases,"Hon Metal Bookcases, Putty",141.96,2,0.0,41.16839999999999,0
3650,CA-2015-168459,2015-11-22,2015-11-27,Standard Class,MC-17275,Marc Crier,Consumer,United States,Memphis,Tennessee,38109,South,OFF-FA-10004854,Office Supplies,Fasteners,"Vinyl Coated Wire Paper Clips in Organizer Box, 800/Box",55.104000000000006,6,0.2,18.597599999999993,0
3698,CA-2015-151680,2015-11-19,2015-11-21,Second Class,TC-21475,Tony Chapman,Home Office,United States,Seattle,Washington,98115,West,FUR-FU-10000305,Furniture,Furnishings,"Tenex V2T-RE Standard Weight Series Chair Mat, 45"" x 53"", Lip 25"" x 12""",141.96,2,0.0,22.7136,0
3794,CA-2015-163762,2015-11-27,2015-12-01,Standard Class,JE-15475,Jeremy Ellison,Consumer,United States,New York City,New York,10024,East,OFF-AR-10001915,Office Supplies,Art,Peel-Off China Markers,29.79,3,0.0,12.511800000000001,0
3807,CA-2015-113628,2015-11-12,2015-11-19,Standard Class,AH-10690,Anna Häberlin,Corporate,United States,Plantation,Florida,33317,South,OFF-AR-10001246,Office Supplies,Art,Newell 317,11.76,5,0.2,1.322999999999999,0
3808,CA-2015-113628,2015-11-12,2015-11-19,Standard Class,AH-10690,Anna Häberlin,Corporate,United States,Plantation,Florida,33317,South,OFF-BI-10003291,Office Supplies,Binders,Wilson Jones Leather-Like Binders with DublLock Round Rings,5.238000000000001,2,0.7,-4.0158000000000005,0
3810,CA-2015-113628,2015-11-12,2015-11-19,Standard Class,AH-10690,Anna Häberlin,Corporate,United States,Plantation,Florida,33317,South,FUR-CH-10003298,Furniture,Chairs,"Office Star - Contemporary Task Swivel chair with Loop Arms, Charcoal",523.92,5,0.2,-72.03900000000004,0
3811,CA-2015-113628,2015-11-12,2015-11-19,Standard Class,AH-10690,Anna Häberlin,Corporate,United States,Plantation,Florida,33317,South,TEC-PH-10000441,Technology,Phones,VTech DS6151,100.792,1,0.2,10.079200000000007,0
3812,CA-2015-113628,2015-11-12,2015-11-19,Standard Class,AH-10690,Anna Häberlin,Corporate,United States,Plantation,Florida,33317,South,FUR-CH-10004477,Furniture,Chairs,"Global Push Button Manager's Chair, Indigo",146.13600000000002,3,0.2,16.440299999999986,0
3814,CA-2015-103961,2015-11-05,2015-11-09,Standard Class,NG-18430,Nathan Gelder,Consumer,United States,Quincy,Illinois,62301,Central,OFF-LA-10004484,Office Supplies,Labels,Avery 476,19.824,6,0.2,6.442799999999999,0
3832,US-2015-111927,2015-11-14,2015-11-19,Standard Class,LS-17230,Lycoris Saunders,Consumer,United States,Dover,Delaware,19901,East,FUR-FU-10004017,Furniture,Furnishings,"Executive Impressions 13"" Chairman Wall Clock",76.14,3,0.0,26.648999999999997,0
3902,CA-2015-151043,2015-11-14,2015-11-20,Standard Class,MG-17680,Maureen Gastineau,Home Office,United States,Philadelphia,Pennsylvania,19143,East,TEC-AC-10001090,Technology,Accessories,Micro Innovations Wireless Classic Keyboard with Mouse,47.984,2,0.2,-1.199600000000002,0
4118,CA-2015-153416,2015-11-24,2015-11-29,Standard Class,TS-21340,Toby Swindell,Consumer,United States,Los Angeles,California,90036,West,OFF-PA-10002005,Office Supplies,Paper,Xerox 225,19.44,3,0.0,9.3312,0
4119,CA-2015-153416,2015-11-24,2015-11-29,Standard Class,TS-21340,Toby Swindell,Consumer,United States,Los Angeles,California,90036,West,OFF-ST-10000060,Office Supplies,Storage,Fellowes Bankers Box Staxonsteel Drawer File/Stacking System,454.86,7,0.0,54.58320000000002,0
4176,CA-2015-154340,2015-11-29,2015-11-30,First Class,EK-13795,Eileen Kiefer,Home Office,United States,Santa Ana,California,92704,West,OFF-AR-10003582,Office Supplies,Art,"Boston Electric Pencil Sharpener, Model 1818, Charcoal Black",56.3,2,0.0,15.764000000000003,0
4193,CA-2015-150875,2015-11-16,2015-11-20,Standard Class,HK-14890,Heather Kirkland,Corporate,United States,Boise,Idaho,83704,West,FUR-TA-10000577,Furniture,Tables,Bretford CR4500 Series Slim Rectangular Table,696.42,2,0.0,160.1766,0
4194,CA-2015-150875,2015-11-16,2015-11-20,Standard Class,HK-14890,Heather Kirkland,Corporate,United States,Boise,Idaho,83704,West,TEC-PH-10001254,Technology,Phones,Jabra BIZ 2300 Duo QD Duo Corded Headset,304.776,3,0.2,22.858199999999982,0
4271,CA-2015-166975,2015-11-26,2015-11-30,Standard Class,SH-20635,Stefanie Holloman,Corporate,United States,Jackson,Tennessee,38301,South,FUR-FU-10003930,Furniture,Furnishings,Howard Miller 12-3/4 Diameter Accuwave DS  Wall Clock,692.472,11,0.2,190.42980000000006,0
4286,CA-2015-105690,2015-11-21,2015-11-26,Second Class,CA-11965,Carol Adams,Corporate,United States,Port Arthur,Texas,77642,Central,OFF-LA-10000240,Office Supplies,Labels,Self-Adhesive Address Labels for Typewriters by Universal,11.696,2,0.2,3.9473999999999996,0
4287,CA-2015-105690,2015-11-21,2015-11-26,Second Class,CA-11965,Carol Adams,Corporate,United States,Port Arthur,Texas,77642,Central,TEC-CO-10001571,Technology,Copiers,Sharp 1540cs Digital Laser Copier,439.992,1,0.2,164.997,0
4379,CA-2015-140830,2015-11-30,2015-12-02,Second Class,PS-18970,Paul Stevenson,Home Office,United States,Henderson,Kentucky,42420,South,OFF-EN-10000461,Office Supplies,Envelopes,"#10- 4 1/8"" x 9 1/2"" Recycled Envelopes",17.48,2,0.0,8.2156,0
4380,CA-2015-140830,2015-11-30,2015-12-02,Second Class,PS-18970,Paul Stevenson,Home Office,United States,Henderson,Kentucky,42420,South,OFF-EN-10002831,Office Supplies,Envelopes,"Tyvek  Top-Opening Peel & Seel  Envelopes, Gray",71.88,2,0.0,32.346,0
4421,CA-2015-163090,2015-11-17,2015-11-21,Second Class,GH-14665,Greg Hansen,Consumer,United States,Chicago,Illinois,60610,Central,OFF-SU-10002537,Office Supplies,Supplies,Acme Box Cutter Scissors,40.92,5,0.2,3.0690000000000026,0
4806,CA-2015-137708,2015-11-22,2015-11-25,Second Class,NG-18430,Nathan Gelder,Consumer,United States,Los Angeles,California,90008,West,OFF-PA-10000176,Office Supplies,Paper,Xerox 1887,37.94,2,0.0,18.211199999999998,0
4807,CA-2015-137708,2015-11-22,2015-11-25,Second Class,NG-18430,Nathan Gelder,Consumer,United States,Los Angeles,California,90008,West,OFF-PA-10000327,Office Supplies,Paper,Xerox 1971,42.800000000000004,10,0.0,19.259999999999998,0
4808,CA-2015-137708,2015-11-22,2015-11-25,Second Class,NG-18430,Nathan Gelder,Consumer,United States,Los Angeles,California,90008,West,OFF-ST-10004634,Office Supplies,Storage,"Personal Folder Holder, Ebony",33.63,3,0.0,10.088999999999999,0
5007,CA-2015-169796,2015-11-09,2015-11-14,Standard Class,Dp-13240,Dean percer,Home Office,United States,New York City,New York,10035,East,TEC-MA-10000045,Technology,Machines,Zebra ZM400 Thermal Label Printer,2321.9,2,0.0,1114.512,0
5008,CA-2015-169796,2015-11-09,2015-11-14,Standard Class,Dp-13240,Dean percer,Home Office,United States,New York City,New York,10035,East,OFF-ST-10001505,Office Supplies,Storage,"Perma STOR-ALL Hanging File Box, 13 1/8""W x 12 1/4""D x 10 1/2""H",17.94,3,0.0,3.0497999999999985,0
5113,CA-2015-153073,2015-11-13,2015-11-13,Same Day,HA-14905,Helen Abelman,Consumer,United States,Chicago,Illinois,60610,Central,FUR-FU-10001025,Furniture,Furnishings,"Eldon Imàge Series Desk Accessories, Clear",17.496000000000002,9,0.6,-7.435799999999997,0
5187,US-2015-154389,2015-11-27,2015-12-03,Standard Class,EH-14125,Eugene Hildebrand,Home Office,United States,Philadelphia,Pennsylvania,19140,East,TEC-PH-10002789,Technology,Phones,LG Exalt,748.7520000000001,8,0.4,-162.22960000000006,0
5340,CA-2015-146486,2015-11-09,2015-11-14,Second Class,DV-13465,Dianna Vittorini,Consumer,United States,Oceanside,New York,11572,East,OFF-EN-10001509,Office Supplies,Envelopes,Poly String Tie Envelopes,12.24,6,0.0,5.752799999999999,0
5721,CA-2015-138674,2015-11-14,2015-11-17,First Class,KB-16585,Ken Black,Corporate,United States,Springfield,Oregon,97477,West,OFF-FA-10000304,Office Supplies,Fasteners,Advantus Push Pins,8.72,5,0.2,2.289000000000001,0
5722,CA-2015-138674,2015-11-14,2015-11-17,First Class,KB-16585,Ken Black,Corporate,United States,Springfield,Oregon,97477,West,TEC-AC-10000358,Technology,Accessories,Imation Secure Drive + Hardware Encrypted USB flash drive - 16 GB,91.17600000000002,3,0.2,4.558799999999994,0
5723,CA-2015-138674,2015-11-14,2015-11-17,First Class,KB-16585,Ken Black,Corporate,United States,Springfield,Oregon,97477,West,TEC-AC-10002800,Technology,Accessories,Plantronics Audio 478 Stereo USB Headset,159.96800000000002,4,0.2,29.993999999999986,0
5764,CA-2015-162047,2015-11-03,2015-11-05,First Class,FH-14365,Fred Hopkins,Corporate,United States,Long Beach,New York,11561,East,FUR-CH-10004983,Furniture,Chairs,Office Star - Mid Back Dual function Ergonomic High Back Chair with 2-Way Adjustable Arms,1448.8200000000002,10,0.1,209.27399999999992,0
5848,CA-2015-126725,2015-11-17,2015-11-21,Standard Class,BS-11665,Brian Stugart,Consumer,United States,San Diego,California,92105,West,FUR-FU-10001591,Furniture,Furnishings,Advantus Panel Wall Certificate Holder - 8.5x11,36.599999999999994,3,0.0,15.372000000000002,0
5849,CA-2015-121783,2015-11-10,2015-11-14,Standard Class,PO-19180,Philisse Overcash,Home Office,United States,Roseville,Minnesota,55113,Central,OFF-AP-10003849,Office Supplies,Appliances,Hoover Shoulder Vac Commercial Portable Vacuum,715.64,2,0.0,178.90999999999997,0
5852,CA-2015-121783,2015-11-10,2015-11-14,Standard Class,PO-19180,Philisse Overcash,Home Office,United States,Roseville,Minnesota,55113,Central,OFF-BI-10001658,Office Supplies,Binders,GBC Standard Therm-A-Bind Covers,74.76,3,0.0,34.3896,0
5860,CA-2015-108119,2015-11-01,2015-11-08,Standard Class,MS-17530,MaryBeth Skach,Consumer,United States,Conway,Arkansas,72032,South,FUR-TA-10002530,Furniture,Tables,"Iceberg OfficeWorks 42"" Round Tables",301.96,2,0.0,45.29399999999998,0
5901,CA-2015-146465,2015-11-20,2015-11-24,Standard Class,PB-18805,Patrick Bzostek,Home Office,United States,San Francisco,California,94122,West,OFF-BI-10004528,Office Supplies,Binders,Cardinal Poly Pocket Divider Pockets for Ring Binders,24.192,9,0.2,7.559999999999999,0
6006,CA-2015-100657,2015-11-02,2015-11-07,Standard Class,SW-20245,Scot Wooten,Consumer,United States,Troy,New York,12180,East,FUR-CH-10003535,Furniture,Chairs,"Global Armless Task Chair, Royal Blue",109.764,2,0.1,8.537199999999997,0
6198,CA-2015-149909,2015-11-13,2015-11-17,Standard Class,RA-19915,Russell Applegate,Consumer,United States,Columbus,Indiana,47201,Central,OFF-PA-10000726,Office Supplies,Paper,"Black Print Carbonless Snap-Off Rapid Letter, 8 1/2"" x 7""",63.769999999999996,7,0.0,28.696499999999993,0
6199,CA-2015-149909,2015-11-13,2015-11-17,Standard Class,RA-19915,Russell Applegate,Consumer,United States,Columbus,Indiana,47201,Central,TEC-PH-10001536,Technology,Phones,Spigen Samsung Galaxy S5 Case Wallet,50.97,3,0.0,13.252199999999997,0
6200,CA-2015-149909,2015-11-13,2015-11-17,Standard Class,RA-19915,Russell Applegate,Consumer,United States,Columbus,Indiana,47201,Central,OFF-PA-10001790,Office Supplies,Paper,Xerox 1910,96.08,2,0.0,46.118399999999994,0
6217,CA-2015-161711,2015-11-28,2015-12-03,Standard Class,MC-17425,Mark Cousins,Corporate,United States,New York City,New York,10035,East,OFF-EN-10001539,Office Supplies,Envelopes,Staple envelope,62.24,8,0.0,29.2528,0
6247,CA-2015-112305,2015-11-20,2015-11-25,Standard Class,KB-16405,Katrina Bavinger,Home Office,United States,Seattle,Washington,98105,West,TEC-AC-10002018,Technology,Accessories,AmazonBasics 3-Button USB Wired Mouse,13.98,2,0.0,6.011400000000001,0
6283,CA-2015-116484,2015-11-20,2015-11-26,Standard Class,JK-15205,Jamie Kunitz,Consumer,United States,Marion,Ohio,43302,East,OFF-ST-10003994,Office Supplies,Storage,"Belkin 19"" Center-Weighted Shelf, Gray",141.552,3,0.2,-26.541000000000004,0
6551,CA-2015-126739,2015-11-01,2015-11-03,Second Class,JH-16180,Justin Hirsh,Consumer,United States,New York City,New York,10035,East,FUR-CH-10000422,Furniture,Chairs,Global Highback Leather Tilter in Burgundy,327.56399999999996,4,0.1,21.837600000000023,0
6678,CA-2015-109337,2015-11-21,2015-11-23,Second Class,DL-13330,Denise Leinenbach,Consumer,United States,Lawrence,Indiana,46226,Central,TEC-AC-10000990,Technology,Accessories,Imation Bio 2GB USB Flash Drive Imation Corp,393.54,3,0.0,165.28680000000003,0
6709,CA-2015-123141,2015-11-14,2015-11-19,Standard Class,GZ-14470,Gary Zandusky,Consumer,United States,Rio Rancho,New Mexico,87124,West,FUR-CH-10004287,Furniture,Chairs,SAFCO Arco Folding Chair,883.84,4,0.2,99.43199999999993,0
6710,CA-2015-123141,2015-11-14,2015-11-19,Standard Class,GZ-14470,Gary Zandusky,Consumer,United States,Rio Rancho,New Mexico,87124,West,FUR-CH-10001891,Furniture,Chairs,Global Deluxe Office Fabric Chairs,230.35200000000003,3,0.2,20.155800000000013,0
6796,CA-2015-145394,2015-11-16,2015-11-20,Standard Class,MC-17605,Matt Connell,Corporate,United States,Chicago,Illinois,60610,Central,FUR-FU-10001215,Furniture,Furnishings,"Howard Miller 11-1/2"" Diameter Brentwood Wall Clock",34.504000000000005,2,0.6,-15.526799999999994,0
6925,CA-2015-137925,2015-11-30,2015-12-04,Standard Class,JL-15235,Janet Lee,Consumer,United States,New York City,New York,10035,East,OFF-PA-10002659,Office Supplies,Paper,Avoid Verbal Orders Carbonless Minifold Book,23.66,7,0.0,10.883599999999998,0
6926,CA-2015-137925,2015-11-30,2015-12-04,Standard Class,JL-15235,Janet Lee,Consumer,United States,New York City,New York,10035,East,FUR-BO-10001608,Furniture,Bookcases,"Hon Metal Bookcases, Black",681.4080000000001,12,0.2,42.58800000000002,0
6992,CA-2015-109386,2015-11-08,2015-11-13,Second Class,RH-19600,Rob Haberlin,Consumer,United States,Hampton,Virginia,23666,South,TEC-PH-10002890,Technology,Phones,AT&T 17929 Lendline Telephone,226.20000000000002,5,0.0,58.812,0
6993,CA-2015-109386,2015-11-08,2015-11-13,Second Class,RH-19600,Rob Haberlin,Consumer,United States,Hampton,Virginia,23666,South,FUR-FU-10000308,Furniture,Furnishings,Deflect-o Glass Clear Studded Chair Mats,186.54,3,0.0,41.0388,0
6994,CA-2015-109386,2015-11-08,2015-11-13,Second Class,RH-19600,Rob Haberlin,Consumer,United States,Hampton,Virginia,23666,South,OFF-AR-10000380,Office Supplies,Art,"Hunt PowerHouse Electric Pencil Sharpener, Blue",265.85999999999996,7,0.0,79.75799999999997,0
7137,CA-2015-163965,2015-11-20,2015-11-27,Standard Class,SS-20875,Sung Shariari,Consumer,United States,Miami,Florida,33180,South,OFF-BI-10004728,Office Supplies,Binders,Wilson Jones Turn Tabs Binder Tool for Ring Binders,7.230000000000002,5,0.7,-5.784000000000001,0
7138,CA-2015-163965,2015-11-20,2015-11-27,Standard Class,SS-20875,Sung Shariari,Consumer,United States,Miami,Florida,33180,South,OFF-ST-10000918,Office Supplies,Storage,Crate-A-Files,17.44,2,0.2,1.307999999999999,0
7139,CA-2015-163965,2015-11-20,2015-11-27,Standard Class,SS-20875,Sung Shariari,Consumer,United States,Miami,Florida,33180,South,OFF-BI-10004593,Office Supplies,Binders,Ibico Laser Imprintable Binding System Covers,62.88000000000001,4,0.7,-50.304,0
7275,CA-2015-144519,2015-11-13,2015-11-17,Standard Class,AW-10930,Arthur Wiediger,Home Office,United States,Helena,Montana,59601,West,TEC-PH-10004908,Technology,Phones,Panasonic KX TS3282W Corded phone,339.96000000000004,5,0.2,42.49499999999995,0
7442,CA-2015-120446,2015-11-16,2015-11-18,First Class,JG-15805,John Grady,Corporate,United States,San Diego,California,92105,West,OFF-LA-10003148,Office Supplies,Labels,Avery 51,18.9,3,0.0,8.693999999999999,0
7580,CA-2015-123113,2015-11-23,2015-11-27,Second Class,AT-10735,Annie Thurman,Consumer,United States,Morristown,New Jersey,7960,East,OFF-AP-10000275,Office Supplies,Appliances,"Sanyo Counter Height Refrigerator with Crisper, 3.6 Cubic Foot, Stainless Steel/Black",2625.12,8,0.0,735.0336,0
7627,US-2015-159499,2015-11-21,2015-11-23,Second Class,EM-14095,Eudokia Martin,Corporate,United States,Phoenix,Arizona,85023,West,OFF-AP-10002867,Office Supplies,Appliances,Fellowes Command Center 5-outlet power strip,325.63200000000006,6,0.2,28.49279999999999,0
7670,CA-2015-130974,2015-11-27,2015-11-29,Second Class,MA-17560,Matt Abelman,Home Office,United States,Everett,Massachusetts,2149,East,OFF-PA-10001019,Office Supplies,Paper,Xerox 1884,59.94,3,0.0,28.171799999999998,0
7671,CA-2015-130974,2015-11-27,2015-11-29,Second Class,MA-17560,Matt Abelman,Home Office,United States,Everett,Massachusetts,2149,East,TEC-AC-10003095,Technology,Accessories,Logitech G35 7.1-Channel Surround Sound Headset,259.98,2,0.0,88.39320000000001,0
7672,CA-2015-130974,2015-11-27,2015-11-29,Second Class,MA-17560,Matt Abelman,Home Office,United States,Everett,Massachusetts,2149,East,FUR-BO-10002916,Furniture,Bookcases,"Rush Hierlooms Collection 1"" Thick Stackable Bookcases",170.98,1,0.0,32.4862,0
7674,CA-2015-130974,2015-11-27,2015-11-29,Second Class,MA-17560,Matt Abelman,Home Office,United States,Everett,Massachusetts,2149,East,OFF-PA-10003823,Office Supplies,Paper,Xerox 197,154.9,5,0.0,69.705,0
7917,CA-2015-110891,2015-11-20,2015-11-24,Standard Class,PO-19195,Phillina Ober,Home Office,United States,Philadelphia,Pennsylvania,19140,East,FUR-CH-10002880,Furniture,Chairs,"Global High-Back Leather Tilter, Burgundy",344.37199999999996,4,0.3,-93.47240000000002,0
7953,CA-2015-145814,2015-11-19,2015-11-24,Standard Class,KD-16345,Katherine Ducich,Consumer,United States,New York City,New York,10035,East,TEC-PH-10002200,Technology,Phones,Aastra 6757i CT Wireless VoIP phone,861.76,4,0.0,249.91039999999998,0
7995,US-2015-165743,2015-11-20,2015-11-23,Second Class,MM-18055,Michelle Moray,Consumer,United States,Aurora,Colorado,80013,West,FUR-BO-10002268,Furniture,Bookcases,Sauder Barrister Bookcases,145.764,6,0.7,-247.79879999999997,0
8001,US-2015-151407,2015-11-08,2015-11-12,Standard Class,RD-19585,Rob Dowd,Consumer,United States,Dubuque,Iowa,52001,Central,TEC-PH-10003885,Technology,Phones,Cisco SPA508G,263.96,4,0.0,76.54839999999999,0
8008,CA-2015-110863,2015-11-17,2015-11-24,Standard Class,AA-10645,Anna Andreadi,Consumer,United States,Oklahoma City,Oklahoma,73120,Central,OFF-ST-10002756,Office Supplies,Storage,"Tennsco Stur-D-Stor Boltless Shelving, 5 Shelves, 24"" Deep, Sand",541.24,4,0.0,5.412400000000048,0
8164,CA-2015-168207,2015-11-02,2015-11-06,Standard Class,LT-17110,Liz Thompson,Consumer,United States,San Diego,California,92105,West,FUR-FU-10004909,Furniture,Furnishings,Contemporary Wood/Metal Frame,96.96000000000001,6,0.0,33.93599999999999,0
8165,CA-2015-168207,2015-11-02,2015-11-06,Standard Class,LT-17110,Liz Thompson,Consumer,United States,San Diego,California,92105,West,OFF-BI-10001524,Office Supplies,Binders,GBC Premium Transparent Covers with Diagonal Lined Pattern,117.48800000000001,7,0.2,41.12079999999999,0
8166,CA-2015-168207,2015-11-02,2015-11-06,Standard Class,LT-17110,Liz Thompson,Consumer,United States,San Diego,California,92105,West,OFF-BI-10003355,Office Supplies,Binders,Cardinal Holdit Business Card Pockets,11.952000000000002,3,0.2,4.1832,0
8181,CA-2015-119879,2015-11-21,2015-11-25,Standard Class,SS-20410,Shahid Shariari,Consumer,United States,Philadelphia,Pennsylvania,19120,East,FUR-TA-10002958,Furniture,Tables,"Bevis Oval Conference Table, Walnut",1252.704,8,0.4,-480.20320000000027,0
8193,CA-2015-141327,2015-11-30,2015-12-03,First Class,LR-16915,Lena Radford,Consumer,United States,Durham,North Carolina,27707,South,OFF-BI-10000546,Office Supplies,Binders,Avery Durable Binders,6.048000000000001,7,0.7,-4.233600000000001,0
8195,CA-2015-141327,2015-11-30,2015-12-03,First Class,LR-16915,Lena Radford,Consumer,United States,Durham,North Carolina,27707,South,FUR-FU-10000576,Furniture,Furnishings,Luxo Professional Fluorescent Magnifier Lamp with Clamp-Mount Base,335.744,2,0.2,25.180800000000005,0
8202,CA-2015-114811,2015-11-08,2015-11-08,Same Day,KD-16495,Keith Dawkins,Corporate,United States,New York City,New York,10024,East,OFF-ST-10000885,Office Supplies,Storage,Fellowes Desktop Hanging File Manager,67.15,5,0.0,16.7875,0
8203,CA-2015-114811,2015-11-08,2015-11-08,Same Day,KD-16495,Keith Dawkins,Corporate,United States,New York City,New York,10024,East,TEC-PH-10004165,Technology,Phones,Mitel MiVoice 5330e IP Phone,549.98,2,0.0,142.9948,0
8204,CA-2015-114811,2015-11-08,2015-11-08,Same Day,KD-16495,Keith Dawkins,Corporate,United States,New York City,New York,10024,East,FUR-FU-10002240,Furniture,Furnishings,Nu-Dell EZ-Mount Plastic Wall Frames,11.82,3,0.0,4.728,0
8206,CA-2015-114811,2015-11-08,2015-11-08,Same Day,KD-16495,Keith Dawkins,Corporate,United States,New York City,New York,10024,East,FUR-CH-10003746,Furniture,Chairs,Hon 4070 Series Pagoda Round Back Stacking Chairs,577.764,2,0.1,115.5528,0
8379,CA-2015-162964,2015-11-12,2015-11-18,Standard Class,MF-18250,Monica Federle,Corporate,United States,Houston,Texas,77095,Central,OFF-PA-10003349,Office Supplies,Paper,Xerox 1957,15.552000000000003,3,0.2,5.6376,0
8643,CA-2015-108259,2015-11-08,2015-11-15,Standard Class,NS-18640,Noel Staavos,Corporate,United States,Jacksonville,North Carolina,28540,South,OFF-FA-10000624,Office Supplies,Fasteners,OIC Binder Clips,31.504000000000005,11,0.2,11.814,0
8645,CA-2015-108259,2015-11-08,2015-11-15,Standard Class,NS-18640,Noel Staavos,Corporate,United States,Jacksonville,North Carolina,28540,South,OFF-BI-10000315,Office Supplies,Binders,Poly Designer Cover & Back,39.879,7,0.7,-29.24459999999999,0
8646,CA-2015-108259,2015-11-08,2015-11-15,Standard Class,NS-18640,Noel Staavos,Corporate,United States,Jacksonville,North Carolina,28540,South,FUR-FU-10000023,Furniture,Furnishings,Eldon Wave Desk Accessories,4.712,1,0.2,1.4136000000000002,0
8742,CA-2015-113222,2015-11-09,2015-11-09,Same Day,AG-10765,Anthony Garverick,Home Office,United States,Lawrence,Indiana,46226,Central,OFF-BI-10001890,Office Supplies,Binders,Avery Poly Binder Pockets,10.74,3,0.0,5.1552,0
8765,CA-2015-107083,2015-11-21,2015-11-27,Standard Class,BB-11545,Brenda Bowman,Corporate,United States,Fort Worth,Texas,76106,Central,OFF-AR-10002257,Office Supplies,Art,"Eldon Spacemaker Box, Quick-Snap Lid, Clear",5.344,2,0.2,0.7347999999999992,0
8766,CA-2015-107083,2015-11-21,2015-11-27,Standard Class,BB-11545,Brenda Bowman,Corporate,United States,Fort Worth,Texas,76106,Central,OFF-BI-10000756,Office Supplies,Binders,Storex DuraTech Recycled Plastic Frosted Binders,1.6959999999999997,2,0.8,-2.5440000000000005,0
8767,CA-2015-107083,2015-11-21,2015-11-27,Standard Class,BB-11545,Brenda Bowman,Corporate,United States,Fort Worth,Texas,76106,Central,OFF-AP-10004136,Office Supplies,Appliances,Kensington 6 Outlet SmartSocket Surge Protector,24.587999999999994,3,0.8,-67.61700000000002,0
8768,CA-2015-107083,2015-11-21,2015-11-27,Standard Class,BB-11545,Brenda Bowman,Corporate,United States,Fort Worth,Texas,76106,Central,OFF-BI-10002194,Office Supplies,Binders,Cardinal Hold-It CD Pocket,7.979999999999999,5,0.8,-13.167000000000002,0
8815,CA-2015-144274,2015-11-23,2015-11-25,Second Class,PW-19240,Pierre Wener,Consumer,United States,Wilmington,Delaware,19805,East,TEC-PH-10003012,Technology,Phones,Nortel Meridian M3904 Professional Digital phone,307.98,2,0.0,89.31419999999997,0
8816,CA-2015-144274,2015-11-23,2015-11-25,Second Class,PW-19240,Pierre Wener,Consumer,United States,Wilmington,Delaware,19805,East,OFF-PA-10001583,Office Supplies,Paper,"1/4 Fold Party Design Invitations & White Envelopes, 24 8-1/2"" X 11"" Cards, 25 Env./Pack",44.099999999999994,6,0.0,20.726999999999997,0
9057,CA-2015-160227,2015-11-02,2015-11-04,First Class,ED-13885,Emily Ducich,Home Office,United States,New York City,New York,10011,East,FUR-CH-10002073,Furniture,Chairs,Hon Olson Stacker Chairs,2621.322,11,0.1,553.3901999999998,0
9062,CA-2015-136420,2015-11-20,2015-11-21,First Class,CS-12250,Chris Selesnick,Corporate,United States,San Diego,California,92024,West,OFF-LA-10002762,Office Supplies,Labels,Avery 485,50.12,4,0.0,23.556399999999996,0
9076,US-2015-136259,2015-11-05,2015-11-08,First Class,CB-12415,Christy Brittain,Consumer,United States,Lakewood,Ohio,44107,East,OFF-BI-10000773,Office Supplies,Binders,Insertable Tab Post Binder Dividers,7.218,3,0.7,-5.533800000000001,0
9104,CA-2015-163181,2015-11-07,2015-11-12,Standard Class,AB-10105,Adrian Barton,Consumer,United States,Houston,Texas,77041,Central,FUR-FU-10000193,Furniture,Furnishings,Tenex Chairmats For Use with Hard Floors,64.96,5,0.6,-84.448,0
9127,CA-2015-157028,2015-11-28,2015-12-03,Standard Class,MA-17995,Michelle Arnett,Home Office,United States,Las Cruces,New Mexico,88001,West,OFF-AR-10004441,Office Supplies,Art,BIC Brite Liner Highlighters,8.28,2,0.0,3.4776,0
9193,CA-2015-141810,2015-11-02,2015-11-07,Standard Class,BB-10990,Barry Blumstein,Corporate,United States,San Antonio,Texas,78207,Central,OFF-BI-10001524,Office Supplies,Binders,GBC Premium Transparent Covers with Diagonal Lined Pattern,29.371999999999993,7,0.8,-46.995200000000025,0
9194,CA-2015-141810,2015-11-02,2015-11-07,Standard Class,BB-10990,Barry Blumstein,Corporate,United States,San Antonio,Texas,78207,Central,TEC-PH-10002200,Technology,Phones,Aastra 6757i CT Wireless VoIP phone,344.704,2,0.2,38.77919999999999,0
9314,CA-2015-111948,2015-11-11,2015-11-11,Same Day,AG-10495,Andrew Gjertsen,Corporate,United States,Detroit,Michigan,48234,Central,OFF-ST-10003282,Office Supplies,Storage,"Advantus 10-Drawer Portable Organizer, Chrome Metal Frame, Smoke Drawers",418.32,7,0.0,117.12960000000004,0
9315,CA-2015-111948,2015-11-11,2015-11-11,Same Day,AG-10495,Andrew Gjertsen,Corporate,United States,Detroit,Michigan,48234,Central,OFF-AP-10002311,Office Supplies,Appliances,"Holmes Replacement Filter for HEPA Air Cleaner, Very Large Room, HEPA Filter",123.858,2,0.1,46.790800000000004,0
9330,CA-2015-164497,2015-11-28,2015-11-30,First Class,AJ-10945,Ashley Jarboe,Consumer,United States,San Francisco,California,94110,West,OFF-AP-10004655,Office Supplies,Appliances,"Holmes Visible Mist Ultrasonic Humidifier with 2.3-Gallon Output per Day, Replacement Filter",45.28,4,0.0,15.395199999999999,0
9331,US-2015-153283,2015-11-12,2015-11-18,Standard Class,EB-14110,Eugene Barchas,Consumer,United States,New York City,New York,10035,East,OFF-EN-10001539,Office Supplies,Envelopes,Staple envelope,15.56,2,0.0,7.3132,0
9552,CA-2015-147690,2015-11-10,2015-11-14,Standard Class,SC-20020,Sam Craven,Consumer,United States,Philadelphia,Pennsylvania,19140,East,OFF-ST-10001526,Office Supplies,Storage,Iceberg Mobile Mega Data/Printer Cart ,577.5840000000001,6,0.2,43.31879999999995,0
9555,CA-2015-111612,2015-11-28,2015-12-02,Standard Class,EB-14110,Eugene Barchas,Consumer,United States,Columbus,Ohio,43229,East,FUR-FU-10003799,Furniture,Furnishings,"Seth Thomas 13 1/2"" Wall Clock",71.12,5,0.2,9.778999999999996,0
9742,CA-2015-117086,2015-11-08,2015-11-12,Standard Class,QJ-19255,Quincy Jones,Corporate,United States,Burlington,Vermont,5408,East,FUR-BO-10004834,Furniture,Bookcases,"Riverside Palais Royal Lawyers Bookcase, Royale Cherry Finish",4404.9,5,0.0,1013.1270000000001,0
9932,CA-2015-104948,2015-11-13,2015-11-17,Standard Class,KH-16510,Keith Herrera,Consumer,United States,San Bernardino,California,92404,West,FUR-BO-10004357,Furniture,Bookcases,O'Sullivan Living Dimensions 3-Shelf Bookcases,683.332,4,0.15,-40.196000000000055,0
9933,CA-2015-104948,2015-11-13,2015-11-17,Standard Class,KH-16510,Keith Herrera,Consumer,United States,San Bernardino,California,92404,West,OFF-PA-10004610,Office Supplies,Paper,Xerox 1900,29.96,7,0.0,13.481999999999998,0
