Row ID,Order ID,Order Date,Ship Date,Ship Mode,Customer ID,Customer Name,Segment,Country,City,State,Postal Code,Region,Product ID,Category,Sub-Category,Product Name,Sales,Quantity,Discount,Profit,Data_origen
5,US-2015-108966,2015-10-11,2015-10-18,Standard Class,SO-20335,Sean O'Donnell,Consumer,United States,Fort Lauderdale,Florida,33311,South,OFF-ST-10000760,Office Supplies,Storage,Eldon Fold 'N Roll Cart System,22.368000000000002,2,0.2,2.516399999999999,0
110,CA-2015-129476,2015-10-15,2015-10-20,Standard Class,PA-19060,Pete Armstrong,Home Office,United States,Orland Park,Illinois,60462,Central,TEC-AC-10000844,Technology,Accessories,Logitech Gaming G510s - Keyboard,339.96000000000004,5,0.2,67.99199999999996,0
190,CA-2015-102281,2015-10-12,2015-10-14,First Class,MP-17470,Mark Packer,Home Office,United States,New York City,New York,10035,East,FUR-BO-10002613,Furniture,Bookcases,"Atlantic Metals Mobile 4-Shelf Bookcases, Custom Colors",899.1360000000001,4,0.2,112.39199999999991,0
193,CA-2015-102281,2015-10-12,2015-10-14,First Class,MP-17470,Mark Packer,Home Office,United States,New York City,New York,10035,East,FUR-BO-10002545,Furniture,Bookcases,"Atlantic Metals Mobile 3-Shelf Bookcases, Custom Colors",626.3520000000001,3,0.2,46.97640000000001,0
194,CA-2015-102281,2015-10-12,2015-10-14,First Class,MP-17470,Mark Packer,Home Office,United States,New York City,New York,10035,East,OFF-AR-10003514,Office Supplies,Art,4009 Highlighters by Sanford,19.9,5,0.0,6.566999999999998,0
398,CA-2015-122259,2015-10-31,2015-11-04,Standard Class,HP-14815,Harold Pawlan,Home Office,United States,Jackson,Michigan,49201,Central,OFF-SU-10002573,Office Supplies,Supplies,"Acme 10"" Easy Grip Assistive Scissors",70.12,4,0.0,21.035999999999994,0
783,US-2015-157014,2015-10-03,2015-10-06,Second Class,BM-11785,Bryan Mills,Consumer,United States,Columbus,Ohio,43229,East,TEC-AC-10002167,Technology,Accessories,Imation 8gb Micro Traveldrive Usb 2.0 Flash Drive,24.0,2,0.2,-2.6999999999999993,0
784,US-2015-157014,2015-10-03,2015-10-06,Second Class,BM-11785,Bryan Mills,Consumer,United States,Columbus,Ohio,43229,East,FUR-BO-10004409,Furniture,Bookcases,"Safco Value Mate Series Steel Bookcases, Baked Enamel Finish on Steel, Gray",35.49,1,0.5,-15.6156,0
848,CA-2015-114300,2015-10-13,2015-10-17,Standard Class,AF-10885,Art Foster,Consumer,United States,Louisville,Kentucky,40214,South,FUR-CH-10001891,Furniture,Chairs,Global Deluxe Office Fabric Chairs,287.94,3,0.0,77.74380000000002,0
872,CA-2015-131128,2015-10-19,2015-10-20,First Class,TB-21520,Tracy Blumstein,Consumer,United States,Concord,New Hampshire,3301,East,OFF-PA-10003591,Office Supplies,Paper,Southworth 100% Cotton The Best Paper,34.44,3,0.0,17.22,0
882,CA-2015-129098,2015-10-09,2015-10-13,Standard Class,DK-13090,Dave Kipp,Consumer,United States,Springfield,Virginia,22153,South,OFF-ST-10001321,Office Supplies,Storage,"Decoflex Hanging Personal Folder File, Blue",30.84,2,0.0,8.326800000000002,0
928,CA-2015-115091,2015-10-05,2015-10-09,Standard Class,JJ-15760,Joel Jenkins,Home Office,United States,Springfield,Virginia,22153,South,OFF-AR-10000658,Office Supplies,Art,Newell 324,46.2,4,0.0,12.936,0
929,CA-2015-115091,2015-10-05,2015-10-09,Standard Class,JJ-15760,Joel Jenkins,Home Office,United States,Springfield,Virginia,22153,South,OFF-AP-10000696,Office Supplies,Appliances,Holmes Odor Grabber,28.84,2,0.0,9.517199999999999,0
997,CA-2015-162537,2015-10-28,2015-11-03,Standard Class,RD-19585,Rob Dowd,Consumer,United States,Henderson,Kentucky,42420,South,OFF-EN-10003862,Office Supplies,Envelopes,Laser & Ink Jet Business Envelopes,10.67,1,0.0,4.9082,0
998,CA-2015-162537,2015-10-28,2015-11-03,Standard Class,RD-19585,Rob Dowd,Consumer,United States,Henderson,Kentucky,42420,South,OFF-ST-10004258,Office Supplies,Storage,Portable Personal File Box,36.63,3,0.0,9.890100000000004,0
1000,CA-2015-162537,2015-10-28,2015-11-03,Standard Class,RD-19585,Rob Dowd,Consumer,United States,Henderson,Kentucky,42420,South,FUR-FU-10001918,Furniture,Furnishings,C-Line Cubicle Keepers Polyproplyene Holder With Velcro Backings,33.11,7,0.0,12.912900000000004,0
1174,US-2015-104430,2015-10-22,2015-10-26,Standard Class,LT-17110,Liz Thompson,Consumer,United States,Bloomington,Illinois,61701,Central,OFF-BI-10000301,Office Supplies,Binders,GBC Instant Report Kit,5.175999999999998,4,0.8,-7.764000000000001,0
1233,CA-2015-132570,2015-10-31,2015-11-02,Second Class,KT-16480,Kean Thornton,Consumer,United States,Buffalo,New York,14215,East,OFF-EN-10003055,Office Supplies,Envelopes,"Blue String-Tie & Button Interoffice Envelopes, 10 x 13",79.96,2,0.0,35.98199999999999,0
1300,CA-2015-121391,2015-10-04,2015-10-07,First Class,AA-10315,Alex Avila,Consumer,United States,San Francisco,California,94109,West,OFF-ST-10001590,Office Supplies,Storage,"Tenex Personal Project File with Scoop Front Design, Black",26.96,2,0.0,7.009599999999999,0
1427,US-2015-164448,2015-10-31,2015-11-04,Second Class,DK-12835,Damala Kotsonis,Corporate,United States,Salinas,California,93905,West,OFF-BI-10002949,Office Supplies,Binders,Prestige Round Ring Binders,9.728000000000002,2,0.2,3.283199999999999,0
1429,US-2015-164448,2015-10-31,2015-11-04,Second Class,DK-12835,Damala Kotsonis,Corporate,United States,Salinas,California,93905,West,OFF-BI-10003708,Office Supplies,Binders,"Acco Four Pocket Poly Ring Binder with Label Holder, Smoke, 1""",29.800000000000004,5,0.2,9.312499999999998,0
1438,CA-2015-139731,2015-10-15,2015-10-15,Same Day,JE-15745,Joel Eaton,Consumer,United States,Amarillo,Texas,79109,Central,TEC-AC-10004975,Technology,Accessories,Plantronics Audio 995 Wireless Stereo Headset,263.88,3,0.2,42.88050000000001,0
1439,CA-2015-139731,2015-10-15,2015-10-15,Same Day,JE-15745,Joel Eaton,Consumer,United States,Amarillo,Texas,79109,Central,FUR-CH-10002024,Furniture,Chairs,HON 5400 Series Task Chairs for Big and Tall,2453.43,5,0.3,-350.4899999999999,0
1919,CA-2015-123673,2015-10-30,2015-11-01,Second Class,CH-12070,Cathy Hwang,Home Office,United States,Detroit,Michigan,48227,Central,TEC-PH-10001809,Technology,Phones,Panasonic KX T7736-B Digital phone,299.9,2,0.0,74.975,0
1922,CA-2015-125178,2015-10-03,2015-10-09,Standard Class,MZ-17515,Mary Zewe,Corporate,United States,Reading,Pennsylvania,19601,East,OFF-ST-10002562,Office Supplies,Storage,Staple magnet,15.008000000000003,2,0.2,1.5008,0
2043,CA-2015-104493,2015-10-02,2015-10-08,Standard Class,EB-13705,Ed Braxton,Corporate,United States,San Diego,California,92105,West,OFF-BI-10004817,Office Supplies,Binders,GBC Personal VeloBind Strips,57.504000000000005,6,0.2,20.1264,0
2090,CA-2015-139290,2015-10-26,2015-10-30,Standard Class,MY-17380,Maribeth Yedwab,Corporate,United States,Rancho Cucamonga,California,91730,West,OFF-LA-10004008,Office Supplies,Labels,Avery 507,5.76,2,0.0,2.6495999999999995,0
2108,CA-2015-164882,2015-10-31,2015-10-31,Same Day,SG-20080,Sandra Glassco,Consumer,United States,Redlands,California,92374,West,OFF-PA-10000157,Office Supplies,Paper,Xerox 191,19.98,1,0.0,9.3906,0
2109,CA-2015-164882,2015-10-31,2015-10-31,Same Day,SG-20080,Sandra Glassco,Consumer,United States,Redlands,California,92374,West,OFF-BI-10004519,Office Supplies,Binders,GBC DocuBind P100 Manual Binding Machine,398.352,3,0.2,124.48499999999999,0
2110,CA-2015-164882,2015-10-31,2015-10-31,Same Day,SG-20080,Sandra Glassco,Consumer,United States,Redlands,California,92374,West,OFF-AR-10004272,Office Supplies,Art,Newell 308,5.04,3,0.0,1.2599999999999998,0
2114,CA-2015-164882,2015-10-31,2015-10-31,Same Day,SG-20080,Sandra Glassco,Consumer,United States,Redlands,California,92374,West,TEC-PH-10001578,Technology,Phones,Polycom SoundStation2 EX Conference phone,1295.8400000000001,4,0.2,145.78199999999993,0
2115,CA-2015-164882,2015-10-31,2015-10-31,Same Day,SG-20080,Sandra Glassco,Consumer,United States,Redlands,California,92374,West,OFF-ST-10003638,Office Supplies,Storage,Mobile Personal File Cube,46.84,2,0.0,12.646799999999999,0
2116,CA-2015-164882,2015-10-31,2015-10-31,Same Day,SG-20080,Sandra Glassco,Consumer,United States,Redlands,California,92374,West,FUR-BO-10002213,Furniture,Bookcases,DMI Eclipse Executive Suite Bookcases,425.833,1,0.15,20.03919999999998,0
2117,CA-2015-159786,2015-10-12,2015-10-17,Second Class,RK-19300,Ralph Kennedy,Consumer,United States,Rochester,New York,14609,East,FUR-TA-10001307,Furniture,Tables,"SAFCO PlanMaster Heigh-Adjustable Drafting Table Base, 43w x 30d x 30-37h, Black",209.67,1,0.4,-13.978000000000009,0
2128,CA-2015-134859,2015-10-04,2015-10-09,Standard Class,JK-16120,Julie Kriz,Home Office,United States,Philadelphia,Pennsylvania,19134,East,FUR-FU-10003623,Furniture,Furnishings,"DataProducts Ampli Magnifier Task Lamp, Black,",64.944,3,0.2,6.494399999999995,0
2491,CA-2015-141040,2015-10-09,2015-10-13,Second Class,TB-21250,Tim Brockman,Consumer,United States,New York City,New York,10024,East,OFF-PA-10002245,Office Supplies,Paper,Xerox 1895,23.92,4,0.0,10.764,0
2916,CA-2015-134747,2015-10-12,2015-10-17,Second Class,DL-12925,Daniel Lacy,Consumer,United States,Noblesville,Indiana,46060,Central,OFF-BI-10001308,Office Supplies,Binders,GBC Standard Plastic Binding Systems' Combs,12.56,2,0.0,5.651999999999999,0
3075,CA-2015-126137,2015-10-03,2015-10-08,Standard Class,BS-11755,Bruce Stewart,Consumer,United States,Los Angeles,California,90032,West,FUR-BO-10004409,Furniture,Bookcases,"Safco Value Mate Series Steel Bookcases, Baked Enamel Finish on Steel, Gray",120.666,2,0.15,18.454800000000002,0
3222,US-2015-137008,2015-10-02,2015-10-08,Standard Class,JP-15460,Jennifer Patt,Corporate,United States,Lakewood,New Jersey,8701,East,TEC-AC-10000892,Technology,Accessories,NETGEAR N750 Dual Band Wi-Fi Gigabit Router,90.0,1,0.0,32.4,0
3405,CA-2015-152527,2015-10-17,2015-10-17,Same Day,CM-12190,Charlotte Melton,Consumer,United States,Los Angeles,California,90004,West,OFF-ST-10003479,Office Supplies,Storage,"Eldon Base for stackable storage shelf, platinum",77.88,2,0.0,3.8939999999999912,0
3691,US-2015-131359,2015-10-30,2015-11-02,Second Class,FA-14230,Frank Atkinson,Corporate,United States,Denver,Colorado,80219,West,TEC-MA-10000597,Technology,Machines,Lexmark S315 Color Inkjet Printer,59.99400000000001,2,0.7,-45.995400000000004,0
3694,US-2015-131359,2015-10-30,2015-11-02,Second Class,FA-14230,Frank Atkinson,Corporate,United States,Denver,Colorado,80219,West,FUR-FU-10003026,Furniture,Furnishings,"Eldon Regeneration Recycled Desk Accessories, Black",15.488,4,0.2,3.6784,0
3869,CA-2015-132486,2015-10-23,2015-10-27,Second Class,JF-15355,Jay Fein,Consumer,United States,San Diego,California,92105,West,FUR-CH-10004495,Furniture,Chairs,"Global Leather and Oak Executive Chair, Black",240.78400000000002,1,0.2,27.088199999999965,0
3870,CA-2015-132486,2015-10-23,2015-10-27,Second Class,JF-15355,Jay Fein,Consumer,United States,San Diego,California,92105,West,FUR-CH-10004540,Furniture,Chairs,Global Chrome Stack Chair,191.96800000000002,7,0.2,16.797200000000004,0
3871,CA-2015-132486,2015-10-23,2015-10-27,Second Class,JF-15355,Jay Fein,Consumer,United States,San Diego,California,92105,West,OFF-PA-10004971,Office Supplies,Paper,Xerox 196,11.56,2,0.0,5.6644000000000005,0
3872,CA-2015-132486,2015-10-23,2015-10-27,Second Class,JF-15355,Jay Fein,Consumer,United States,San Diego,California,92105,West,OFF-EN-10002600,Office Supplies,Envelopes,"Redi-Strip #10 Envelopes, 4 1/8 x 9 1/2",11.8,4,0.0,5.664,0
3903,US-2015-119312,2015-10-02,2015-10-07,Second Class,CS-12400,Christopher Schild,Home Office,United States,Los Angeles,California,90045,West,OFF-ST-10000943,Office Supplies,Storage,Eldon ProFile File 'N Store Portable File Tub Letter/Legal Size Black,270.34,14,0.0,75.6952,0
3962,CA-2015-113901,2015-10-19,2015-10-24,Standard Class,NH-18610,Nicole Hansen,Corporate,United States,Detroit,Michigan,48227,Central,TEC-PH-10002564,Technology,Phones,OtterBox Defender Series Case - Samsung Galaxy S4,149.95,5,0.0,44.984999999999985,0
4253,CA-2015-155068,2015-10-23,2015-10-23,Same Day,RA-19285,Ralph Arnett,Consumer,United States,Lakeland,Florida,33801,South,OFF-AR-10002656,Office Supplies,Art,Sanford Liquid Accent Highlighters,10.688,2,0.2,2.271199999999999,0
4254,CA-2015-155068,2015-10-23,2015-10-23,Same Day,RA-19285,Ralph Arnett,Consumer,United States,Lakeland,Florida,33801,South,TEC-PH-10004924,Technology,Phones,"SKILCRAFT Telephone Shoulder Rest, 2"" x 6.5"" x 2.5"", Black",11.824,2,0.2,1.0346000000000006,0
4622,CA-2015-161214,2015-10-05,2015-10-08,Second Class,SF-20965,Sylvia Foulston,Corporate,United States,Wilmington,Delaware,19805,East,OFF-ST-10001328,Office Supplies,Storage,"Personal Filing Tote with Lid, Black/Gray",77.55,5,0.0,21.714000000000002,0
4631,US-2015-126235,2015-10-15,2015-10-15,Same Day,GA-14725,Guy Armstrong,Consumer,United States,Mount Pleasant,Michigan,48858,Central,FUR-FU-10000719,Furniture,Furnishings,"DAX Cubicle Frames, 8-1/2 x 11",17.14,2,0.0,6.170400000000001,0
4719,CA-2015-109736,2015-10-10,2015-10-11,First Class,DJ-13420,Denny Joy,Corporate,United States,San Francisco,California,94109,West,OFF-PA-10004101,Office Supplies,Paper,Xerox 1894,45.36,7,0.0,21.772800000000004,0
5161,CA-2015-156146,2015-10-26,2015-10-30,Second Class,AG-10495,Andrew Gjertsen,Corporate,United States,Peoria,Arizona,85345,West,TEC-PH-10001527,Technology,Phones,Plantronics MX500i Earset,68.72000000000001,2,0.2,-14.603000000000005,0
5345,CA-2015-112053,2015-10-11,2015-10-13,Second Class,SH-20395,Shahid Hopkins,Consumer,United States,Rochester,New York,14609,East,TEC-AC-10002550,Technology,Accessories,"Memorex 25GB 6X Branded Blu-Ray Recordable Disc, 30/Pack",31.95,1,0.0,2.2364999999999995,0
5487,CA-2015-156608,2015-10-24,2015-10-29,Standard Class,MT-18070,Michelle Tran,Home Office,United States,San Antonio,Texas,78207,Central,OFF-BI-10004140,Office Supplies,Binders,Avery Non-Stick Binders,3.591999999999999,4,0.8,-6.286000000000003,0
5509,CA-2015-168529,2015-10-08,2015-10-12,Standard Class,MB-17305,Maria Bertelson,Consumer,United States,San Francisco,California,94122,West,FUR-FU-10001588,Furniture,Furnishings,"Deflect-o SuperTray Unbreakable Stackable Tray, Letter, Black",145.9,5,0.0,62.736999999999995,0
5716,CA-2015-124107,2015-10-09,2015-10-12,Second Class,BM-11650,Brian Moss,Corporate,United States,Ann Arbor,Michigan,48104,Central,TEC-AC-10002049,Technology,Accessories,Logitech G19 Programmable Gaming Keyboard,619.9499999999999,5,0.0,111.59099999999995,0
5717,CA-2015-124107,2015-10-09,2015-10-12,Second Class,BM-11650,Brian Moss,Corporate,United States,Ann Arbor,Michigan,48104,Central,TEC-PH-10003875,Technology,Phones,KLD Oscar II Style Snap-on Ultra Thin Side Flip Synthetic Leather Cover Case for HTC One HTC M7,29.160000000000004,3,0.0,8.456399999999999,0
5718,CA-2015-124107,2015-10-09,2015-10-12,Second Class,BM-11650,Brian Moss,Corporate,United States,Ann Arbor,Michigan,48104,Central,OFF-EN-10003286,Office Supplies,Envelopes,Staple envelope,57.959999999999994,7,0.0,27.241199999999996,0
5719,CA-2015-124107,2015-10-09,2015-10-12,Second Class,BM-11650,Brian Moss,Corporate,United States,Ann Arbor,Michigan,48104,Central,OFF-AP-10003971,Office Supplies,Appliances,Belkin 6 Outlet Metallic Surge Strip,29.403,3,0.1,5.227200000000001,0
6137,CA-2015-105613,2015-10-18,2015-10-22,Standard Class,KN-16705,Kristina Nunn,Home Office,United States,Mcallen,Texas,78501,Central,OFF-AP-10000026,Office Supplies,Appliances,Tripp Lite Isotel 6 Outlet Surge Protector with Fax/Modem Protection,73.16399999999999,6,0.8,-186.56820000000005,0
6539,CA-2015-109862,2015-10-25,2015-10-30,Standard Class,HK-14890,Heather Kirkland,Corporate,United States,Newark,Delaware,19711,East,TEC-PH-10004042,Technology,Phones,ClearOne Communications CHAT 70 OC Speaker Phone,158.99,1,0.0,41.3374,0
6540,CA-2015-109862,2015-10-25,2015-10-30,Standard Class,HK-14890,Heather Kirkland,Corporate,United States,Newark,Delaware,19711,East,FUR-CH-10002439,Furniture,Chairs,"Iceberg Nesting Folding Chair, 19w x 6d x 43h",291.1,5,0.0,75.686,0
6630,CA-2015-125696,2015-10-02,2015-10-06,Standard Class,NP-18685,Nora Pelletier,Home Office,United States,Wilson,North Carolina,27893,South,OFF-BI-10001757,Office Supplies,Binders,Pressboard Hanging Data Binders for Unburst Sheets,7.380000000000001,5,0.7,-5.412000000000001,0
6833,CA-2015-112522,2015-10-10,2015-10-17,Standard Class,DP-13165,David Philippe,Consumer,United States,Chicago,Illinois,60610,Central,OFF-AR-10003183,Office Supplies,Art,Avery Fluorescent Highlighter Four-Color Set,8.016,3,0.2,1.0019999999999993,0
6953,CA-2015-129917,2015-10-02,2015-10-03,First Class,HM-14980,Henry MacAllister,Consumer,United States,Los Angeles,California,90008,West,OFF-BI-10001757,Office Supplies,Binders,Pressboard Hanging Data Binders for Unburst Sheets,11.808,3,0.2,4.1328,0
6954,CA-2015-129917,2015-10-02,2015-10-03,First Class,HM-14980,Henry MacAllister,Consumer,United States,Los Angeles,California,90008,West,OFF-BI-10004828,Office Supplies,Binders,GBC Poly Designer Binding Covers,53.568,4,0.2,19.418399999999995,0
6955,CA-2015-129917,2015-10-02,2015-10-03,First Class,HM-14980,Henry MacAllister,Consumer,United States,Los Angeles,California,90008,West,TEC-PH-10000369,Technology,Phones,HTC One Mini,503.96000000000004,5,0.2,50.396000000000015,0
6969,CA-2015-110765,2015-10-16,2015-10-20,Second Class,MP-17965,Michael Paige,Corporate,United States,New York City,New York,10011,East,TEC-PH-10004165,Technology,Phones,Mitel MiVoice 5330e IP Phone,824.97,3,0.0,214.4922,0
7089,CA-2015-105844,2015-10-25,2015-10-27,Second Class,JF-15415,Jennifer Ferguson,Consumer,United States,Sparks,Nevada,89431,West,OFF-AR-10001955,Office Supplies,Art,Newell 319,79.36,4,0.0,23.807999999999993,0
7313,CA-2015-162761,2015-10-09,2015-10-13,Standard Class,SC-20575,Sonia Cooley,Consumer,United States,Miami,Florida,33178,South,OFF-BI-10002498,Office Supplies,Binders,Clear Mylar Reinforcing Strips,11.214000000000002,2,0.7,-8.5974,0
7314,CA-2015-162761,2015-10-09,2015-10-13,Standard Class,SC-20575,Sonia Cooley,Consumer,United States,Miami,Florida,33178,South,OFF-AR-10001761,Office Supplies,Art,Avery Hi-Liter Smear-Safe Highlighters,37.376,8,0.2,7.475199999999999,0
7797,US-2015-145121,2015-10-02,2015-10-06,Standard Class,MP-17965,Michael Paige,Corporate,United States,Middletown,Connecticut,6457,East,OFF-BI-10001078,Office Supplies,Binders,"Acco PRESSTEX Data Binder with Storage Hooks, Dark Blue, 14 7/8"" X 11""",26.9,5,0.0,13.181000000000001,0
7862,CA-2015-142993,2015-10-12,2015-10-17,Standard Class,KA-16525,Kelly Andreada,Consumer,United States,Seattle,Washington,98103,West,TEC-AC-10003038,Technology,Accessories,Kingston Digital DataTraveler 16GB USB 2.0,17.9,2,0.0,3.400999999999998,0
7863,CA-2015-142993,2015-10-12,2015-10-17,Standard Class,KA-16525,Kelly Andreada,Consumer,United States,Seattle,Washington,98103,West,OFF-ST-10000934,Office Supplies,Storage,"Contico 72""H Heavy-Duty Storage System",81.96,2,0.0,0.0,0
7906,US-2015-118766,2015-10-15,2015-10-22,Standard Class,LS-16975,Lindsay Shagiari,Home Office,United States,Dallas,Texas,75217,Central,OFF-EN-10001415,Office Supplies,Envelopes,Staple envelope,4.464,1,0.2,1.674,0
7907,US-2015-118766,2015-10-15,2015-10-22,Standard Class,LS-16975,Lindsay Shagiari,Home Office,United States,Dallas,Texas,75217,Central,OFF-BI-10002813,Office Supplies,Binders,Avery Reinforcements for Hole-Punch Pages,3.959999999999999,10,0.8,-6.93,0
8069,US-2015-160563,2015-10-20,2015-10-24,Standard Class,NS-18640,Noel Staavos,Corporate,United States,San Francisco,California,94109,West,FUR-FU-10001731,Furniture,Furnishings,Acrylic Self-Standing Desk Frames,16.02,6,0.0,6.0876,0
8082,CA-2015-150714,2015-10-26,2015-11-01,Standard Class,KH-16690,Kristen Hastings,Corporate,United States,Springfield,Oregon,97477,West,OFF-PA-10001497,Office Supplies,Paper,Xerox 1914,131.904,3,0.2,47.815200000000004,0
8083,CA-2015-150714,2015-10-26,2015-11-01,Standard Class,KH-16690,Kristen Hastings,Corporate,United States,Springfield,Oregon,97477,West,OFF-AP-10003287,Office Supplies,Appliances,Tripp Lite TLP810NET Broadband Surge for Modem/Fax,203.88000000000002,5,0.2,20.387999999999998,0
8084,CA-2015-150714,2015-10-26,2015-11-01,Standard Class,KH-16690,Kristen Hastings,Corporate,United States,Springfield,Oregon,97477,West,OFF-BI-10002982,Office Supplies,Binders,Avery Self-Adhesive Photo Pockets for Polaroid Photos,14.301000000000002,7,0.7,-10.487400000000001,0
8085,CA-2015-150714,2015-10-26,2015-11-01,Standard Class,KH-16690,Kristen Hastings,Corporate,United States,Springfield,Oregon,97477,West,OFF-ST-10001809,Office Supplies,Storage,Fellowes Officeware Wire Shelving,718.6400000000001,10,0.2,-161.69400000000005,0
8189,CA-2015-140375,2015-10-02,2015-10-05,Second Class,SG-20470,Sheri Gordon,Consumer,United States,Rockville,Maryland,20852,East,OFF-PA-10001870,Office Supplies,Paper,Xerox 202,19.44,3,0.0,9.3312,0
8190,CA-2015-140375,2015-10-02,2015-10-05,Second Class,SG-20470,Sheri Gordon,Consumer,United States,Rockville,Maryland,20852,East,OFF-BI-10000320,Office Supplies,Binders,GBC Plastic Binding Combs,7.38,1,0.0,3.6162,0
8427,CA-2015-128356,2015-10-02,2015-10-07,Standard Class,RP-19390,Resi Pölking,Consumer,United States,Thornton,Colorado,80229,West,OFF-SU-10004290,Office Supplies,Supplies,"Acme Design Line 8"" Stainless Steel Bent Scissors w/Champagne Handles, 3-1/8"" Cut",10.944,2,0.2,0.9575999999999998,0
8478,CA-2015-145758,2015-10-30,2015-10-30,Same Day,BF-11020,Barry Französisch,Corporate,United States,New York City,New York,10024,East,TEC-MA-10004552,Technology,Machines,Star Micronics TSP100 TSP143LAN Receipt Printer,1035.8,4,0.0,269.308,0
8495,CA-2015-109190,2015-10-23,2015-10-28,Standard Class,CC-12685,Craig Carroll,Consumer,United States,Lubbock,Texas,79424,Central,OFF-BI-10000977,Office Supplies,Binders,Ibico Plastic Spiral Binding Combs,6.079999999999998,1,0.8,-10.336000000000002,0
9036,CA-2015-148873,2015-10-01,2015-10-05,Standard Class,EM-13960,Eric Murdock,Consumer,United States,Quincy,Illinois,62301,Central,TEC-AC-10003657,Technology,Accessories,Lenovo 17-Key USB Numeric Keypad,108.76800000000001,4,0.2,2.71919999999999,0
9059,CA-2015-149097,2015-10-20,2015-10-24,Standard Class,SV-20785,Stewart Visinsky,Consumer,United States,Los Angeles,California,90045,West,FUR-TA-10001086,Furniture,Tables,"SAFCO PlanMaster Boards, 60w x 37-1/2d, White Melamine",364.77600000000007,3,0.2,27.35820000000001,0
9264,CA-2015-124499,2015-10-09,2015-10-13,Standard Class,FM-14380,Fred McMath,Consumer,United States,Detroit,Michigan,48227,Central,OFF-AP-10002191,Office Supplies,Appliances,Belkin 8 Outlet SurgeMaster II Gold Surge Protector,269.90999999999997,5,0.1,53.982000000000006,0
9393,CA-2015-130848,2015-10-25,2015-10-25,Same Day,DG-13300,Deirdre Greer,Corporate,United States,Denver,Colorado,80219,West,FUR-CH-10000422,Furniture,Chairs,Global Highback Leather Tilter in Burgundy,582.336,8,0.2,-29.116799999999955,0
9416,CA-2015-127824,2015-10-18,2015-10-22,Standard Class,JC-15775,John Castell,Consumer,United States,Seattle,Washington,98115,West,OFF-PA-10001184,Office Supplies,Paper,Xerox 1903,17.94,3,0.0,8.790600000000001,0
9417,CA-2015-127824,2015-10-18,2015-10-22,Standard Class,JC-15775,John Castell,Consumer,United States,Seattle,Washington,98115,West,FUR-FU-10002505,Furniture,Furnishings,Eldon 100 Class Desk Accessories,10.11,3,0.0,3.2351999999999994,0
9913,CA-2015-132388,2015-10-10,2015-10-12,First Class,KN-16390,Katherine Nockton,Corporate,United States,Santa Barbara,California,93101,West,FUR-CH-10001714,Furniture,Chairs,"Global Leather & Oak Executive Chair, Burgundy",362.13599999999997,3,0.2,-54.32039999999998,0
9914,CA-2015-132388,2015-10-10,2015-10-12,First Class,KN-16390,Katherine Nockton,Corporate,United States,Santa Barbara,California,93101,West,OFF-LA-10000414,Office Supplies,Labels,Avery 503,31.049999999999997,3,0.0,14.904,0
