Row ID,Order ID,Order Date,Ship Date,Ship Mode,Customer ID,Customer Name,Segment,Country,City,State,Postal Code,Region,Product ID,Category,Sub-Category,Product Name,Sales,Quantity,Discount,Profit,Data_origen
28,US-2015-150630,2015-09-17,2015-09-21,Standard Class,TB-21520,Tracy Blumstein,Consumer,United States,Philadelphia,Pennsylvania,19140,East,FUR-BO-10004834,Furniture,Bookcases,"Riverside Palais Royal Lawyers Bookcase, Royale Cherry Finish",3083.4300000000003,7,0.5,-1665.0522,0
29,US-2015-150630,2015-09-17,2015-09-21,Standard Class,TB-21520,Tracy Blumstein,Consumer,United States,Philadelphia,Pennsylvania,19140,East,OFF-BI-10000474,Office Supplies,Binders,Avery Recycled Flexi-View Covers for Binding Systems,9.618000000000002,2,0.7,-7.0532,0
30,US-2015-150630,2015-09-17,2015-09-21,Standard Class,TB-21520,Tracy Blumstein,Consumer,United States,Philadelphia,Pennsylvania,19140,East,FUR-FU-10004848,Furniture,Furnishings,"Howard Miller 13-3/4"" Diameter Brushed Chrome Round Wall Clock",124.20000000000002,3,0.2,15.524999999999991,0
31,US-2015-150630,2015-09-17,2015-09-21,Standard Class,TB-21520,Tracy Blumstein,Consumer,United States,Philadelphia,Pennsylvania,19140,East,OFF-EN-10001509,Office Supplies,Envelopes,Poly String Tie Envelopes,3.2640000000000002,2,0.2,1.1015999999999997,0
282,US-2015-161991,2015-09-26,2015-09-28,Second Class,SC-20725,Steven Cartwright,Consumer,United States,Houston,Texas,77070,Central,TEC-PH-10001760,Technology,Phones,Bose SoundLink Bluetooth Speaker,1114.4,7,0.2,376.11,0
284,CA-2015-130883,2015-09-26,2015-10-02,Standard Class,TB-21520,Tracy Blumstein,Consumer,United States,Portland,Oregon,97206,West,OFF-PA-10000474,Office Supplies,Paper,Easy-staple paper,141.76,5,0.2,47.843999999999994,0
285,CA-2015-130883,2015-09-26,2015-10-02,Standard Class,TB-21520,Tracy Blumstein,Consumer,United States,Portland,Oregon,97206,West,TEC-AC-10001956,Technology,Accessories,Microsoft Arc Touch Mouse,239.80000000000004,5,0.2,47.95999999999999,0
335,CA-2015-137946,2015-09-01,2015-09-04,Second Class,DB-13615,Doug Bickford,Consumer,United States,Los Angeles,California,90045,West,OFF-BI-10001922,Office Supplies,Binders,Storex Dura Pro Binders,4.752000000000001,1,0.2,1.6037999999999997,0
529,US-2015-138303,2015-09-03,2015-09-07,Standard Class,MG-18145,Mike Gockenbach,Consumer,United States,Philadelphia,Pennsylvania,19134,East,OFF-ST-10004963,Office Supplies,Storage,Eldon Gobal File Keepers,36.336000000000006,3,0.2,-7.267200000000004,0
530,US-2015-138303,2015-09-03,2015-09-07,Standard Class,MG-18145,Mike Gockenbach,Consumer,United States,Philadelphia,Pennsylvania,19134,East,OFF-SU-10002881,Office Supplies,Supplies,Martin Yale Chadless Opener Electric Letter Opener,666.248,1,0.2,-149.9058,0
577,CA-2015-149713,2015-09-18,2015-09-22,Second Class,TG-21640,Trudy Glocke,Consumer,United States,Long Beach,California,90805,West,OFF-PA-10001450,Office Supplies,Paper,Rediform S.O.S. Phone Message Books,19.92,4,0.0,9.760800000000001,0
578,CA-2015-149713,2015-09-18,2015-09-22,Second Class,TG-21640,Trudy Glocke,Consumer,United States,Long Beach,California,90805,West,OFF-SU-10001574,Office Supplies,Supplies,Acme Value Line Scissors,7.3,2,0.0,2.1899999999999995,0
581,CA-2015-132906,2015-09-10,2015-09-14,Standard Class,CC-12145,Charles Crestani,Consumer,United States,Los Angeles,California,90004,West,OFF-SU-10004498,Office Supplies,Supplies,Martin-Yale Premier Letter Opener,51.52,4,0.0,1.5456000000000003,0
960,CA-2015-112571,2015-09-22,2015-09-22,Same Day,DL-12925,Daniel Lacy,Consumer,United States,Oceanside,California,92054,West,FUR-FU-10004188,Furniture,Furnishings,Luxo Professional Combination Clamp-On Lamps,204.6,2,0.0,53.196,0
1118,CA-2015-142755,2015-09-04,2015-09-08,Standard Class,CS-12355,Christine Sundaresam,Consumer,United States,Roswell,Georgia,30076,South,OFF-PA-10001970,Office Supplies,Paper,Xerox 1908,279.9,5,0.0,137.151,0
1119,CA-2015-142755,2015-09-04,2015-09-08,Standard Class,CS-12355,Christine Sundaresam,Consumer,United States,Roswell,Georgia,30076,South,TEC-AC-10002049,Technology,Accessories,Logitech G19 Programmable Gaming Keyboard,619.9499999999999,5,0.0,111.59099999999995,0
1120,CA-2015-142755,2015-09-04,2015-09-08,Standard Class,CS-12355,Christine Sundaresam,Consumer,United States,Roswell,Georgia,30076,South,OFF-PA-10000141,Office Supplies,Paper,"Ampad Evidence Wirebond Steno Books, 6"" x 9""",4.36,2,0.0,2.0492,0
1194,US-2015-130519,2015-09-15,2015-09-15,Same Day,NG-18355,Nat Gilpin,Corporate,United States,Coral Springs,Florida,33065,South,OFF-PA-10001937,Office Supplies,Paper,Xerox 21,15.552000000000003,3,0.2,5.4432,0
1195,US-2015-130519,2015-09-15,2015-09-15,Same Day,NG-18355,Nat Gilpin,Corporate,United States,Coral Springs,Florida,33065,South,FUR-FU-10002268,Furniture,Furnishings,Ultra Door Push Plate,15.712000000000002,4,0.2,2.553199999999999,0
1197,US-2015-130519,2015-09-15,2015-09-15,Same Day,NG-18355,Nat Gilpin,Corporate,United States,Coral Springs,Florida,33065,South,FUR-FU-10003394,Furniture,Furnishings,"Tenex ""The Solids"" Textured Chair Mats",55.967999999999996,1,0.2,-2.098800000000006,0
1417,CA-2015-126697,2015-09-21,2015-09-24,First Class,SV-20815,Stuart Van,Corporate,United States,Houston,Texas,77041,Central,TEC-PH-10002922,Technology,Phones,ShoreTel ShorePhone IP 230 VoIP phone,946.344,7,0.2,118.29299999999989,0
1418,CA-2015-126697,2015-09-21,2015-09-24,First Class,SV-20815,Stuart Van,Corporate,United States,Houston,Texas,77041,Central,TEC-AC-10004353,Technology,Accessories,Hypercom P1300 Pinpad,151.20000000000002,3,0.2,32.13,0
1422,CA-2015-124800,2015-09-26,2015-09-30,Standard Class,RW-19540,Rick Wilson,Corporate,United States,Mesa,Arizona,85204,West,OFF-AP-10004980,Office Supplies,Appliances,3M Replacement Filter for Office Air Cleaner for 20' x 33' Room,60.672000000000004,2,0.2,14.409600000000003,0
1423,CA-2015-124800,2015-09-26,2015-09-30,Standard Class,RW-19540,Rick Wilson,Corporate,United States,Mesa,Arizona,85204,West,OFF-BI-10003984,Office Supplies,Binders,Lock-Up Easel 'Spel-Binder',77.031,9,0.7,-59.057100000000005,0
1424,CA-2015-124800,2015-09-26,2015-09-30,Standard Class,RW-19540,Rick Wilson,Corporate,United States,Mesa,Arizona,85204,West,OFF-ST-10000798,Office Supplies,Storage,2300 Heavy-Duty Transfer File Systems by Perma,119.90400000000001,6,0.2,-1.4988000000000135,0
1425,CA-2015-124800,2015-09-26,2015-09-30,Standard Class,RW-19540,Rick Wilson,Corporate,United States,Mesa,Arizona,85204,West,TEC-PH-10001750,Technology,Phones,Samsung Rugby III,263.96000000000004,5,0.2,23.096500000000006,0
1426,CA-2015-124800,2015-09-26,2015-09-30,Standard Class,RW-19540,Rick Wilson,Corporate,United States,Mesa,Arizona,85204,West,OFF-ST-10002743,Office Supplies,Storage,SAFCO Boltless Steel Shelving,363.648,4,0.2,-86.36640000000003,0
1675,CA-2015-143077,2015-09-17,2015-09-21,Standard Class,SF-20965,Sylvia Foulston,Corporate,United States,Houston,Texas,77041,Central,FUR-FU-10003535,Furniture,Furnishings,Howard Miller Distant Time Traveler Alarm Clock,21.936000000000003,2,0.6,-10.419600000000003,0
1738,CA-2015-130204,2015-09-03,2015-09-09,Standard Class,DB-13120,David Bremer,Corporate,United States,San Francisco,California,94122,West,OFF-ST-10001325,Office Supplies,Storage,Sterilite Officeware Hinged File Box,31.44,3,0.0,8.488800000000001,0
1739,CA-2015-130204,2015-09-03,2015-09-09,Standard Class,DB-13120,David Bremer,Corporate,United States,San Francisco,California,94122,West,TEC-AC-10003038,Technology,Accessories,Kingston Digital DataTraveler 16GB USB 2.0,17.9,2,0.0,3.400999999999998,0
1761,CA-2015-130785,2015-09-05,2015-09-09,Standard Class,AG-10900,Arthur Gainer,Consumer,United States,San Diego,California,92105,West,FUR-BO-10000330,Furniture,Bookcases,"Sauder Camden County Barrister Bookcase, Planked Cherry Finish",411.332,4,0.15,-4.839199999999977,0
1762,CA-2015-130785,2015-09-05,2015-09-09,Standard Class,AG-10900,Arthur Gainer,Consumer,United States,San Diego,California,92105,West,OFF-BI-10001900,Office Supplies,Binders,"DXL Angle-View Binders with Locking Rings, Black",28.752000000000002,6,0.2,9.7038,0
1815,CA-2015-131597,2015-09-14,2015-09-18,Standard Class,SP-20620,Stefania Perrino,Corporate,United States,Los Angeles,California,90045,West,FUR-TA-10002607,Furniture,Tables,KI Conference Tables,170.13600000000002,3,0.2,-8.506799999999991,0
1859,CA-2015-121608,2015-09-03,2015-09-05,First Class,JB-15400,Jennifer Braxton,Corporate,United States,Bristol,Connecticut,6010,East,OFF-AP-10002311,Office Supplies,Appliances,"Holmes Replacement Filter for HEPA Air Cleaner, Very Large Room, HEPA Filter",137.62,2,0.0,60.552800000000005,0
1860,CA-2015-121608,2015-09-03,2015-09-05,First Class,JB-15400,Jennifer Braxton,Corporate,United States,Bristol,Connecticut,6010,East,TEC-PH-10004959,Technology,Phones,Classic Ivory Antique Telephone ZL1810,100.49,1,0.0,25.122500000000002,0
2203,CA-2015-138002,2015-09-06,2015-09-12,Standard Class,BT-11305,Beth Thompson,Home Office,United States,Seattle,Washington,98103,West,OFF-BI-10002160,Office Supplies,Binders,Acco Hanging Data Binders,6.096,2,0.2,2.1336,0
2236,CA-2015-145849,2015-09-15,2015-09-17,Second Class,CT-11995,Carol Triggs,Consumer,United States,Indianapolis,Indiana,46203,Central,OFF-ST-10000025,Office Supplies,Storage,Fellowes Stor/Drawer Steel Plus Storage Drawers,190.86,2,0.0,11.451599999999985,0
2237,CA-2015-145849,2015-09-15,2015-09-17,Second Class,CT-11995,Carol Triggs,Consumer,United States,Indianapolis,Indiana,46203,Central,OFF-AR-10000817,Office Supplies,Art,Manco Dry-Lighter Erasable Highlighter,24.32,8,0.0,8.268799999999999,0
2254,CA-2015-169201,2015-09-28,2015-10-01,First Class,HG-14965,Henry Goldwyn,Corporate,United States,San Francisco,California,94110,West,OFF-AP-10000696,Office Supplies,Appliances,Holmes Odor Grabber,43.26,3,0.0,14.275799999999998,0
2272,CA-2015-102036,2015-09-21,2015-09-27,Standard Class,CS-12130,Chad Sievert,Consumer,United States,Seattle,Washington,98105,West,OFF-ST-10003123,Office Supplies,Storage,Fellowes Bases and Tops For Staxonsteel/High-Stak Systems,199.74,6,0.0,47.937599999999996,0
2326,CA-2015-105102,2015-09-15,2015-09-19,Second Class,BM-11575,Brendan Murry,Corporate,United States,New York City,New York,10035,East,OFF-BI-10002082,Office Supplies,Binders,GBC Twin Loop Wire Binding Elements,79.87200000000001,3,0.2,29.951999999999998,0
2327,CA-2015-105102,2015-09-15,2015-09-19,Second Class,BM-11575,Brendan Murry,Corporate,United States,New York City,New York,10035,East,FUR-BO-10004709,Furniture,Bookcases,"Bush Westfield Collection Bookcases, Medium Cherry Finish",46.384,1,0.2,1.159600000000001,0
2328,CA-2015-105102,2015-09-15,2015-09-19,Second Class,BM-11575,Brendan Murry,Corporate,United States,New York City,New York,10035,East,OFF-PA-10002365,Office Supplies,Paper,Xerox 1967,12.96,2,0.0,6.2208000000000006,0
2497,CA-2015-122371,2015-09-26,2015-10-01,Standard Class,BS-11800,Bryan Spruell,Home Office,United States,San Diego,California,92037,West,OFF-ST-10002370,Office Supplies,Storage,"Sortfiler Multipurpose Personal File Organizer, Black",64.17,3,0.0,18.609299999999998,0
2498,CA-2015-122371,2015-09-26,2015-10-01,Standard Class,BS-11800,Bryan Spruell,Home Office,United States,San Diego,California,92037,West,OFF-EN-10000056,Office Supplies,Envelopes,Cameo Buff Policy Envelopes,124.46,2,0.0,58.49619999999999,0
2536,CA-2015-143238,2015-09-06,2015-09-08,First Class,LO-17170,Lori Olson,Corporate,United States,La Quinta,California,92253,West,TEC-AC-10003499,Technology,Accessories,Memorex Mini Travel Drive 8 GB USB 2.0 Flash Drive,46.32,4,0.0,18.0648,0
2786,CA-2015-149972,2015-09-21,2015-09-23,First Class,CD-12790,Cynthia Delaney,Home Office,United States,Los Angeles,California,90036,West,FUR-CH-10004997,Furniture,Chairs,Hon Every-Day Series Multi-Task Chairs,601.536,4,0.2,0.0,0
2787,CA-2015-149972,2015-09-21,2015-09-23,First Class,CD-12790,Cynthia Delaney,Home Office,United States,Los Angeles,California,90036,West,OFF-FA-10002763,Office Supplies,Fasteners,Advantus Map Pennant Flags and Round Head Tacks,7.9,2,0.0,2.5279999999999996,0
2806,CA-2015-122623,2015-09-07,2015-09-11,Standard Class,CC-12145,Charles Crestani,Consumer,United States,El Paso,Texas,79907,Central,FUR-CH-10000553,Furniture,Chairs,"Metal Folding Chairs, Beige, 4/Carton",47.51599999999999,2,0.3,-2.0364000000000004,0
2816,CA-2015-104626,2015-09-01,2015-09-08,Standard Class,DR-12940,Daniel Raglin,Home Office,United States,Franklin,Massachusetts,2038,East,OFF-BI-10001510,Office Supplies,Binders,Deluxe Heavy-Duty Vinyl Round Ring Binder,114.60000000000001,5,0.0,51.57,0
2817,CA-2015-104626,2015-09-01,2015-09-08,Standard Class,DR-12940,Daniel Raglin,Home Office,United States,Franklin,Massachusetts,2038,East,FUR-CH-10003817,Furniture,Chairs,"Global Value Steno Chair, Gray",60.74,1,0.0,15.185000000000002,0
2818,CA-2015-104626,2015-09-01,2015-09-08,Standard Class,DR-12940,Daniel Raglin,Home Office,United States,Franklin,Massachusetts,2038,East,FUR-FU-10000308,Furniture,Furnishings,Deflect-o Glass Clear Studded Chair Mats,124.36,2,0.0,27.3592,0
2819,CA-2015-104626,2015-09-01,2015-09-08,Standard Class,DR-12940,Daniel Raglin,Home Office,United States,Franklin,Massachusetts,2038,East,OFF-ST-10003208,Office Supplies,Storage,Adjustable Depth Letter/Legal Cart,1088.76,6,0.0,315.74039999999985,0
2901,CA-2015-166464,2015-09-12,2015-09-17,Standard Class,PG-18895,Paul Gonzalez,Consumer,United States,New York City,New York,10035,East,OFF-LA-10001317,Office Supplies,Labels,Avery 520,12.6,4,0.0,6.048,0
3016,US-2015-138919,2015-09-17,2015-09-21,Standard Class,LS-16975,Lindsay Shagiari,Home Office,United States,New York City,New York,10035,East,FUR-TA-10004154,Furniture,Tables,"Riverside Furniture Oval Coffee Table, Oval End Table, End Table with Drawer",344.22,2,0.4,-103.26600000000002,0
3426,CA-2015-153381,2015-09-24,2015-09-28,Standard Class,DE-13255,Deanra Eno,Home Office,United States,Dubuque,Iowa,52001,Central,OFF-BI-10001525,Office Supplies,Binders,"Acco Pressboard Covers with Storage Hooks, 14 7/8"" x 11"", Executive Red",15.24,4,0.0,6.857999999999999,0
3427,CA-2015-153381,2015-09-24,2015-09-28,Standard Class,DE-13255,Deanra Eno,Home Office,United States,Dubuque,Iowa,52001,Central,FUR-CH-10000988,Furniture,Chairs,Hon Olson Stacker Stools,1408.1,10,0.0,394.26800000000003,0
3466,US-2015-147242,2015-09-10,2015-09-14,Standard Class,EH-13765,Edward Hooks,Corporate,United States,Revere,Massachusetts,2151,East,OFF-AP-10003842,Office Supplies,Appliances,Euro-Pro Shark Turbo Vacuum,61.96,2,0.0,16.1096,0
3467,US-2015-147242,2015-09-10,2015-09-14,Standard Class,EH-13765,Edward Hooks,Corporate,United States,Revere,Massachusetts,2151,East,FUR-BO-10004695,Furniture,Bookcases,O'Sullivan 2-Door Barrister Bookcase in Odessa Pine,361.96,2,0.0,83.25079999999997,0
3732,CA-2015-109575,2015-09-18,2015-09-23,Standard Class,KH-16630,Ken Heidel,Corporate,United States,Clinton,Maryland,20735,East,TEC-PH-10000730,Technology,Phones,Samsung Galaxy S4 Active,499.99,1,0.0,129.99740000000003,0
3733,CA-2015-109575,2015-09-18,2015-09-23,Standard Class,KH-16630,Ken Heidel,Corporate,United States,Clinton,Maryland,20735,East,TEC-PH-10000895,Technology,Phones,Polycom VVX 310 VoIP phone,1259.93,7,0.0,327.58180000000004,0
3734,CA-2015-109575,2015-09-18,2015-09-23,Standard Class,KH-16630,Ken Heidel,Corporate,United States,Clinton,Maryland,20735,East,OFF-BI-10000962,Office Supplies,Binders,"Acco Flexible ACCOHIDE Square Ring Data Binder, Dark Blue, 11 1/2"" X 14"" 7/8""",65.08,4,0.0,31.889199999999995,0
3759,CA-2015-167745,2015-09-18,2015-09-23,Standard Class,GB-14530,George Bell,Corporate,United States,Los Angeles,California,90049,West,OFF-AR-10003602,Office Supplies,Art,"Quartet Omega Colored Chalk, 12/Pack",11.68,2,0.0,5.489599999999999,0
3760,CA-2015-167745,2015-09-18,2015-09-23,Standard Class,GB-14530,George Bell,Corporate,United States,Los Angeles,California,90049,West,OFF-SU-10004782,Office Supplies,Supplies,"Elite 5"" Scissors",16.9,2,0.0,5.0699999999999985,0
3761,CA-2015-167745,2015-09-18,2015-09-23,Standard Class,GB-14530,George Bell,Corporate,United States,Los Angeles,California,90049,West,FUR-FU-10001591,Furniture,Furnishings,Advantus Panel Wall Certificate Holder - 8.5x11,24.4,2,0.0,10.248000000000001,0
3818,CA-2015-102582,2015-09-15,2015-09-19,Standard Class,NW-18400,Natalie Webber,Consumer,United States,Mobile,Alabama,36608,South,TEC-PH-10003187,Technology,Phones,Anker Astro Mini 3000mAh Ultra-Compact Portable Charger,59.97,3,0.0,0.0,0
3825,CA-2015-140984,2015-09-14,2015-09-18,Standard Class,CC-12685,Craig Carroll,Consumer,United States,New York City,New York,10011,East,TEC-CO-10001571,Technology,Copiers,Sharp 1540cs Digital Laser Copier,879.984,2,0.2,329.994,0
3826,CA-2015-140984,2015-09-14,2015-09-18,Standard Class,CC-12685,Craig Carroll,Consumer,United States,New York City,New York,10011,East,OFF-BI-10002012,Office Supplies,Binders,Wilson Jones Easy Flow II Sheet Lifters,12.96,9,0.2,4.536,0
3852,CA-2015-127593,2015-09-21,2015-09-21,Same Day,DH-13675,Duane Huffman,Home Office,United States,Quincy,Massachusetts,2169,East,FUR-FU-10004006,Furniture,Furnishings,"Deflect-o DuraMat Lighweight, Studded, Beveled Mat for Low Pile Carpeting",85.3,2,0.0,14.50099999999999,0
4074,US-2015-164308,2015-09-24,2015-09-27,First Class,SC-20680,Steve Carroll,Home Office,United States,Broken Arrow,Oklahoma,74012,Central,TEC-PH-10004120,Technology,Phones,AT&T 1080 Phone,821.94,6,0.0,213.70440000000002,0
4457,US-2015-146745,2015-09-03,2015-09-08,Standard Class,AS-10630,Ann Steele,Home Office,United States,San Francisco,California,94110,West,OFF-BI-10003274,Office Supplies,Binders,"Avery Durable Slant Ring Binders, No Labels",6.368,2,0.2,2.1492,0
4618,CA-2015-117800,2015-09-21,2015-09-26,Standard Class,TH-21550,Tracy Hopkins,Home Office,United States,Everett,Massachusetts,2149,East,TEC-PH-10002415,Technology,Phones,Polycom VoiceStation 500 Conference phone,589.9,2,0.0,147.47500000000002,0
4935,CA-2015-106978,2015-09-28,2015-10-04,Standard Class,ZC-21910,Zuschuss Carroll,Consumer,United States,Aurora,Colorado,80013,West,OFF-FA-10003021,Office Supplies,Fasteners,Staples,4.5120000000000005,3,0.2,0.8459999999999996,0
4976,CA-2015-142202,2015-09-18,2015-09-23,Second Class,JR-16210,Justin Ritter,Corporate,United States,Jacksonville,Florida,32216,South,TEC-AC-10003198,Technology,Accessories,Enermax Acrylux Wireless Keyboard,717.1200000000001,9,0.2,152.38799999999992,0
5010,CA-2015-102876,2015-09-07,2015-09-14,Standard Class,LR-17035,Lisa Ryan,Corporate,United States,Philadelphia,Pennsylvania,19134,East,TEC-PH-10002680,Technology,Phones,Samsung Galaxy Note 3,791.9639999999999,6,0.4,-131.9940000000002,0
5051,CA-2015-150511,2015-09-18,2015-09-24,Standard Class,AB-10060,Adam Bellavance,Home Office,United States,Des Moines,Washington,98198,West,OFF-PA-10001776,Office Supplies,Paper,"Wirebound Message Books, Four 2 3/4"" x 5"" Forms per Page, 600 Sets per Book",18.54,2,0.0,8.713799999999999,0
5058,CA-2015-162166,2015-09-08,2015-09-11,First Class,NM-18520,Neoma Murray,Consumer,United States,Moreno Valley,California,92553,West,OFF-ST-10002486,Office Supplies,Storage,Eldon Shelf Savers Cubes and Bins,41.88,6,0.0,0.8375999999999983,0
5119,CA-2015-127173,2015-09-26,2015-10-03,Standard Class,GM-14500,Gene McClure,Consumer,United States,Oceanside,New York,11572,East,TEC-MA-10002859,Technology,Machines,Ativa MDM8000 8-Sheet Micro-Cut Shredder,629.93,7,0.0,296.0671,0
5189,CA-2015-115567,2015-09-13,2015-09-18,Standard Class,ZC-21910,Zuschuss Carroll,Consumer,United States,Columbus,Indiana,47201,Central,FUR-CH-10000015,Furniture,Chairs,Hon Multipurpose Stacking Arm Chairs,1516.2,7,0.0,394.212,0
5205,CA-2015-102015,2015-09-12,2015-09-18,Standard Class,TM-21010,Tamara Manning,Consumer,United States,Auburn,New York,13021,East,OFF-AR-10004685,Office Supplies,Art,"Binney & Smith Crayola Metallic Colored Pencils, 8-Color Set",9.26,2,0.0,3.0557999999999996,0
5207,CA-2015-102015,2015-09-12,2015-09-18,Standard Class,TM-21010,Tamara Manning,Consumer,United States,Auburn,New York,13021,East,OFF-FA-10000490,Office Supplies,Fasteners,"OIC Binder Clips, Mini, 1/4"" Capacity, Black",1.24,1,0.0,0.5828,0
5209,CA-2015-102015,2015-09-12,2015-09-18,Standard Class,TM-21010,Tamara Manning,Consumer,United States,Auburn,New York,13021,East,OFF-PA-10002464,Office Supplies,Paper,HP Office Recycled Paper (20Lb. and 87 Bright),28.900000000000002,5,0.0,14.161000000000001,0
5597,CA-2015-159779,2015-09-25,2015-09-29,Standard Class,SB-20185,Sarah Brown,Consumer,United States,Concord,New Hampshire,3301,East,OFF-BI-10002735,Office Supplies,Binders,GBC Prestige Therm-A-Bind Covers,68.62,2,0.0,32.251400000000004,0
5915,US-2015-126977,2015-09-17,2015-09-23,Standard Class,PF-19120,Peter Fuller,Consumer,United States,New York City,New York,10035,East,OFF-LA-10002762,Office Supplies,Labels,Avery 485,87.71,7,0.0,41.223699999999994,0
5917,US-2015-126977,2015-09-17,2015-09-23,Standard Class,PF-19120,Peter Fuller,Consumer,United States,New York City,New York,10035,East,OFF-ST-10003058,Office Supplies,Storage,Eldon Mobile Mega Data Cart  Mega Stackable  Add-On Trays,94.6,4,0.0,27.433999999999997,0
5921,US-2015-126977,2015-09-17,2015-09-23,Standard Class,PF-19120,Peter Fuller,Consumer,United States,New York City,New York,10035,East,TEC-AC-10003033,Technology,Accessories,Plantronics CS510 - Over-the-Head monaural Wireless Headset System,659.9,2,0.0,217.76699999999994,0
5922,US-2015-126977,2015-09-17,2015-09-23,Standard Class,PF-19120,Peter Fuller,Consumer,United States,New York City,New York,10035,East,OFF-PA-10004071,Office Supplies,Paper,"Eaton Premium Continuous-Feed Paper, 25% Cotton, Letter Size, White, 1000 Shts/Box",110.96,2,0.0,53.260799999999996,0
5948,CA-2015-115924,2015-09-14,2015-09-18,Second Class,BE-11455,Brad Eason,Home Office,United States,Des Moines,Iowa,50315,Central,OFF-BI-10004040,Office Supplies,Binders,Wilson Jones Impact Binders,25.9,5,0.0,12.690999999999999,0
6169,CA-2015-132815,2015-09-19,2015-09-22,Second Class,RW-19540,Rick Wilson,Corporate,United States,Los Angeles,California,90008,West,OFF-PA-10004530,Office Supplies,Paper,Personal Creations Ink Jet Cards and Labels,22.96,2,0.0,11.2504,0
6178,CA-2015-158421,2015-09-21,2015-09-26,Standard Class,GB-14575,Giulietta Baptist,Consumer,United States,Columbia,South Carolina,29203,South,OFF-EN-10001453,Office Supplies,Envelopes,"Tyvek Interoffice Envelopes, 9 1/2"" x 12 1/2"", 100/Box",121.96,2,0.0,57.32119999999999,0
6180,CA-2015-158421,2015-09-21,2015-09-26,Standard Class,GB-14575,Giulietta Baptist,Consumer,United States,Columbia,South Carolina,29203,South,OFF-ST-10000563,Office Supplies,Storage,Fellowes Bankers Box Stor/Drawer Steel Plus,63.96,2,0.0,6.396000000000001,0
6182,CA-2015-158421,2015-09-21,2015-09-26,Standard Class,GB-14575,Giulietta Baptist,Consumer,United States,Columbia,South Carolina,29203,South,TEC-PH-10002538,Technology,Phones,Grandstream GXP1160 VoIP phone,113.72999999999999,3,0.0,32.98169999999999,0
6183,CA-2015-158421,2015-09-21,2015-09-26,Standard Class,GB-14575,Giulietta Baptist,Consumer,United States,Columbia,South Carolina,29203,South,OFF-BI-10000050,Office Supplies,Binders,"Angle-D Binders with Locking Rings, Label Holders",14.6,2,0.0,6.861999999999999,0
6450,CA-2015-156510,2015-09-25,2015-09-29,Standard Class,EH-13990,Erica Hackney,Consumer,United States,Meriden,Connecticut,6450,East,OFF-BI-10000822,Office Supplies,Binders,"Acco PRESSTEX Data Binder with Storage Hooks, Light Blue, 9 1/2"" X 11""",10.76,2,0.0,5.1648,0
6452,CA-2015-156510,2015-09-25,2015-09-29,Standard Class,EH-13990,Erica Hackney,Consumer,United States,Meriden,Connecticut,6450,East,OFF-AR-10004930,Office Supplies,Art,Turquoise Lead Holder with Pocket Clip,6.7,1,0.0,2.2109999999999994,0
6674,CA-2015-135510,2015-09-05,2015-09-12,Standard Class,TW-21025,Tamara Willingham,Home Office,United States,Charlottesville,Virginia,22901,South,FUR-FU-10000820,Furniture,Furnishings,Tensor Brushed Steel Torchiere Floor Lamp,67.96,4,0.0,12.232799999999997,0
6788,CA-2015-118843,2015-09-13,2015-09-20,Standard Class,JH-15910,Jonathan Howell,Consumer,United States,Atlanta,Georgia,30318,South,FUR-FU-10003975,Furniture,Furnishings,Eldon Advantage Chair Mats for Low to Medium Pile Carpets,129.93,3,0.0,12.992999999999988,0
6789,CA-2015-118843,2015-09-13,2015-09-20,Standard Class,JH-15910,Jonathan Howell,Consumer,United States,Atlanta,Georgia,30318,South,OFF-PA-10001712,Office Supplies,Paper,Xerox 1948,69.93,7,0.0,31.4685,0
6901,CA-2015-140557,2015-09-07,2015-09-11,Standard Class,TN-21040,Tanja Norvell,Home Office,United States,New York City,New York,10009,East,TEC-AC-10002402,Technology,Accessories,Razer Kraken PRO Over Ear PC and Music Headset,559.93,7,0.0,167.97899999999996,0
7205,CA-2015-136658,2015-09-10,2015-09-17,Standard Class,BO-11425,Bobby Odegard,Consumer,United States,New York City,New York,10024,East,OFF-AR-10000817,Office Supplies,Art,Manco Dry-Lighter Erasable Highlighter,6.08,2,0.0,2.0671999999999997,0
7471,CA-2015-100734,2015-09-15,2015-09-20,Standard Class,AC-10615,Ann Chong,Corporate,United States,Philadelphia,Pennsylvania,19143,East,OFF-BI-10002609,Office Supplies,Binders,Avery Hidden Tab Dividers for Binding Systems,3.5760000000000005,4,0.7,-2.8608000000000002,0
7491,CA-2015-108672,2015-09-10,2015-09-16,Standard Class,FA-14230,Frank Atkinson,Corporate,United States,Los Angeles,California,90032,West,FUR-FU-10003799,Furniture,Furnishings,"Seth Thomas 13 1/2"" Wall Clock",106.68,6,0.0,33.07079999999999,0
7590,CA-2015-139738,2015-09-25,2015-09-29,Standard Class,DK-12895,Dana Kaydos,Consumer,United States,Rockford,Illinois,61107,Central,OFF-AR-10004602,Office Supplies,Art,Boston KS Multi-Size Manual Pencil Sharpener,128.744,7,0.2,12.874400000000001,0
7724,CA-2015-139374,2015-09-10,2015-09-14,Standard Class,AR-10345,Alex Russell,Corporate,United States,Austin,Texas,78745,Central,FUR-CH-10003981,Furniture,Chairs,Global Commerce Series Low-Back Swivel/Tilt Chairs,179.886,1,0.3,-2.569800000000029,0
7742,CA-2015-147816,2015-09-24,2015-09-26,Second Class,CM-11935,Carlos Meador,Consumer,United States,Tucson,Arizona,85705,West,TEC-PH-10003095,Technology,Phones,Samsung HM1900 Bluetooth Headset,35.12,2,0.2,13.17,0
7804,CA-2015-102260,2015-09-22,2015-09-26,Standard Class,SJ-20125,Sanjit Jacobs,Home Office,United States,Franklin,Tennessee,37064,South,OFF-ST-10003716,Office Supplies,Storage,Tennsco Double-Tier Lockers,720.0640000000001,4,0.2,-63.005600000000015,0
7805,CA-2015-102260,2015-09-22,2015-09-26,Standard Class,SJ-20125,Sanjit Jacobs,Home Office,United States,Franklin,Tennessee,37064,South,OFF-ST-10002289,Office Supplies,Storage,"Safco Wire Cube Shelving System, For Use as 4 or 5 14"" Cubes, Black",25.424000000000003,1,0.2,-4.767000000000002,0
7806,CA-2015-102260,2015-09-22,2015-09-26,Standard Class,SJ-20125,Sanjit Jacobs,Home Office,United States,Franklin,Tennessee,37064,South,OFF-AR-10001315,Office Supplies,Art,Newell 310,2.8160000000000003,2,0.2,0.31679999999999986,0
7807,CA-2015-102260,2015-09-22,2015-09-26,Standard Class,SJ-20125,Sanjit Jacobs,Home Office,United States,Franklin,Tennessee,37064,South,OFF-BI-10000042,Office Supplies,Binders,"Pressboard Data Binder, Crimson, 12"" X 8 1/2""",3.204,2,0.7,-2.5631999999999993,0
7837,CA-2015-149083,2015-09-25,2015-09-30,Standard Class,SH-19975,Sally Hughsby,Corporate,United States,Seattle,Washington,98103,West,FUR-CH-10004289,Furniture,Chairs,Global Super Steno Chair,307.136,4,0.2,-11.51760000000003,0
7838,CA-2015-149083,2015-09-25,2015-09-30,Standard Class,SH-19975,Sally Hughsby,Corporate,United States,Seattle,Washington,98103,West,OFF-LA-10002945,Office Supplies,Labels,"Permanent Self-Adhesive File Folder Labels for Typewriters, 1 1/8 x 3 1/2, White",12.6,2,0.0,5.795999999999999,0
7839,CA-2015-149083,2015-09-25,2015-09-30,Standard Class,SH-19975,Sally Hughsby,Corporate,United States,Seattle,Washington,98103,West,TEC-AC-10002567,Technology,Accessories,Logitech G602 Wireless Gaming Mouse,159.98,2,0.0,57.5928,0
7846,CA-2015-125976,2015-09-27,2015-10-02,Standard Class,JK-15205,Jamie Kunitz,Consumer,United States,Arlington,Virginia,22204,South,OFF-PA-10001125,Office Supplies,Paper,Xerox 1988,154.9,5,0.0,69.705,0
7847,CA-2015-125976,2015-09-27,2015-10-02,Standard Class,JK-15205,Jamie Kunitz,Consumer,United States,Arlington,Virginia,22204,South,TEC-PH-10002496,Technology,Phones,Cisco SPA301,1871.88,12,0.0,561.564,0
8026,CA-2015-132465,2015-09-11,2015-09-15,Second Class,DM-13525,Don Miller,Corporate,United States,New York City,New York,10035,East,FUR-FU-10000277,Furniture,Furnishings,Deflect-o DuraMat Antistatic Studded Beveled Mat for Medium Pile Carpeting,210.68,2,0.0,50.563199999999995,0
8028,CA-2015-132465,2015-09-11,2015-09-15,Second Class,DM-13525,Don Miller,Corporate,United States,New York City,New York,10035,East,TEC-AC-10001998,Technology,Accessories,Logitech LS21 Speaker System - PC Multimedia - 2.1-CH - Wired,19.99,1,0.0,6.796599999999998,0
8029,CA-2015-132465,2015-09-11,2015-09-15,Second Class,DM-13525,Don Miller,Corporate,United States,New York City,New York,10035,East,OFF-ST-10001932,Office Supplies,Storage,Fellowes Staxonsteel Drawer Files,772.68,4,0.0,108.17520000000002,0
8061,CA-2015-156013,2015-09-20,2015-09-26,Standard Class,TC-20980,Tamara Chand,Corporate,United States,Long Beach,New York,11561,East,OFF-PA-10001970,Office Supplies,Paper,Xerox 1881,61.4,5,0.0,28.857999999999997,0
8162,CA-2015-120915,2015-09-28,2015-10-03,Second Class,JJ-15445,Jennifer Jackson,Consumer,United States,New York City,New York,10035,East,OFF-AP-10002578,Office Supplies,Appliances,"Fellowes Premier Superior Surge Suppressor, 10-Outlet, With Phone and Remote",293.52,6,0.0,76.3152,0
8186,CA-2015-136728,2015-09-13,2015-09-17,Second Class,AG-10900,Arthur Gainer,Consumer,United States,Chicago,Illinois,60623,Central,OFF-EN-10002621,Office Supplies,Envelopes,Staple envelope,7.824,1,0.2,2.9339999999999997,0
8210,CA-2015-141565,2015-09-20,2015-09-24,Standard Class,BG-11035,Barry Gonzalez,Consumer,United States,Nashville,Tennessee,37211,South,OFF-ST-10001522,Office Supplies,Storage,"Gould Plastics 18-Pocket Panel Bin, 34w x 5-1/4d x 20-1/2h",294.368,4,0.2,-58.873600000000025,0
8216,CA-2015-120845,2015-09-25,2015-10-02,Standard Class,ML-17395,Marina Lichtenstein,Corporate,United States,Murfreesboro,Tennessee,37130,South,OFF-BI-10004506,Office Supplies,Binders,Wilson Jones data.warehouse D-Ring Binders with DublLock,2.4690000000000003,1,0.7,-1.8106,0
8437,CA-2015-151470,2015-09-20,2015-09-26,Standard Class,AM-10705,Anne McFarland,Consumer,United States,Las Vegas,Nevada,89115,West,OFF-BI-10004040,Office Supplies,Binders,Wilson Jones Impact Binders,45.584,11,0.2,16.524199999999997,0
8550,CA-2015-126186,2015-09-11,2015-09-12,First Class,GB-14530,George Bell,Corporate,United States,Aurora,Colorado,80013,West,FUR-FU-10000073,Furniture,Furnishings,Deflect-O Glasstique Clear Desk Accessories,24.64,4,0.2,4.003999999999998,0
8627,CA-2015-164084,2015-09-07,2015-09-12,Standard Class,AG-10525,Andy Gerbode,Corporate,United States,New York City,New York,10011,East,OFF-ST-10003638,Office Supplies,Storage,Mobile Personal File Cube,70.26,3,0.0,18.9702,0
8628,CA-2015-164084,2015-09-07,2015-09-12,Standard Class,AG-10525,Andy Gerbode,Corporate,United States,New York City,New York,10011,East,TEC-AC-10002305,Technology,Accessories,KeyTronic E03601U1 - Keyboard - Beige,90.0,5,0.0,16.199999999999992,0
8854,US-2015-115343,2015-09-22,2015-09-25,First Class,FO-14305,Frank Olsen,Consumer,United States,Philadelphia,Pennsylvania,19143,East,OFF-SU-10000898,Office Supplies,Supplies,"Acme Hot Forged Carbon Steel Scissors with Nickel-Plated Handles, 3 7/8"" Cut, 8""L",55.60000000000001,5,0.2,6.254999999999992,0
8855,US-2015-115343,2015-09-22,2015-09-25,First Class,FO-14305,Frank Olsen,Consumer,United States,Philadelphia,Pennsylvania,19143,East,TEC-AC-10003832,Technology,Accessories,Logitech P710e Mobile Speakerphone,617.9760000000001,3,0.2,-7.724700000000098,0
8862,CA-2015-125934,2015-09-11,2015-09-18,Standard Class,SN-20560,Skye Norling,Home Office,United States,Paterson,New Jersey,7501,East,FUR-FU-10002107,Furniture,Furnishings,Eldon Pizzaz Desk Accessories,8.92,4,0.0,3.9248000000000003,0
8865,CA-2015-125934,2015-09-11,2015-09-18,Standard Class,SN-20560,Skye Norling,Home Office,United States,Paterson,New Jersey,7501,East,OFF-PA-10000556,Office Supplies,Paper,Xerox 208,38.88,6,0.0,18.6624,0
9043,CA-2015-168760,2015-09-22,2015-09-26,Second Class,MM-18280,Muhammed MacIntyre,Corporate,United States,Los Angeles,California,90049,West,OFF-AP-10004532,Office Supplies,Appliances,Kensington 6 Outlet Guardian Standard Surge Protector,61.44,3,0.0,16.5888,0
9056,CA-2015-128993,2015-09-12,2015-09-17,Second Class,CC-12670,Craig Carreira,Consumer,United States,Seattle,Washington,98103,West,TEC-AC-10004209,Technology,Accessories,Memorex Froggy Flash Drive 4 GB,21.98,2,0.0,8.5722,0
9146,CA-2015-126970,2015-09-20,2015-09-24,Standard Class,TP-21130,Theone Pippenger,Consumer,United States,Naperville,Illinois,60540,Central,OFF-BI-10000138,Office Supplies,Binders,Acco Translucent Poly Ring Binders,2.807999999999999,3,0.8,-4.492799999999999,0
9154,US-2015-106873,2015-09-24,2015-09-29,Second Class,KM-16720,Kunst Miller,Consumer,United States,Avondale,Arizona,85323,West,OFF-AR-10001246,Office Supplies,Art,Newell 317,16.464,7,0.2,1.852199999999999,0
9268,CA-2015-151869,2015-09-25,2015-09-25,Same Day,CS-11950,Carlos Soltero,Consumer,United States,Freeport,New York,11520,East,FUR-CH-10001545,Furniture,Chairs,Hon Comfortask Task/Swivel Chairs,102.58200000000001,1,0.1,6.838800000000001,0
9306,CA-2015-137603,2015-09-19,2015-09-24,Standard Class,MH-17290,Marc Harrigan,Home Office,United States,Santa Fe,New Mexico,87505,West,OFF-AR-10001972,Office Supplies,Art,Newell 323,8.4,5,0.0,2.184,0
9453,CA-2015-129546,2015-09-28,2015-10-05,Standard Class,RP-19855,Roy Phan,Corporate,United States,Los Angeles,California,90032,West,OFF-BI-10004001,Office Supplies,Binders,GBC Recycled VeloBinder Covers,81.792,6,0.2,26.582399999999986,0
9454,CA-2015-129546,2015-09-28,2015-10-05,Standard Class,RP-19855,Roy Phan,Corporate,United States,Los Angeles,California,90032,West,OFF-SU-10004884,Office Supplies,Supplies,Acme Galleria Hot Forged Steel Scissors with Colored Handles,47.19,3,0.0,13.685099999999995,0
9455,CA-2015-129546,2015-09-28,2015-10-05,Standard Class,RP-19855,Roy Phan,Corporate,United States,Los Angeles,California,90032,West,TEC-PH-10003555,Technology,Phones,Motorola HK250 Universal Bluetooth Headset,36.784,2,0.2,-8.276399999999997,0
9570,CA-2015-113131,2015-09-24,2015-09-24,Same Day,MB-17305,Maria Bertelson,Consumer,United States,Columbus,Ohio,43229,East,OFF-BI-10003196,Office Supplies,Binders,Accohide Poly Flexible Ring Binders,6.732000000000002,6,0.7,-4.487999999999998,0
9571,CA-2015-113131,2015-09-24,2015-09-24,Same Day,MB-17305,Maria Bertelson,Consumer,United States,Columbus,Ohio,43229,East,OFF-ST-10001172,Office Supplies,Storage,"Tennsco Lockers, Sand",33.568000000000005,2,0.2,1.6783999999999981,0
9572,CA-2015-113131,2015-09-24,2015-09-24,Same Day,MB-17305,Maria Bertelson,Consumer,United States,Columbus,Ohio,43229,East,OFF-EN-10003068,Office Supplies,Envelopes,#6 3/4 Gummed Flap White Envelopes,15.840000000000002,2,0.2,5.543999999999999,0
9574,CA-2015-113131,2015-09-24,2015-09-24,Same Day,MB-17305,Maria Bertelson,Consumer,United States,Columbus,Ohio,43229,East,OFF-AR-10003504,Office Supplies,Art,Newell 347,17.12,5,0.2,1.9259999999999975,0
9909,US-2015-129007,2015-09-13,2015-09-15,First Class,KD-16615,Ken Dana,Corporate,United States,Anaheim,California,92804,West,FUR-FU-10002379,Furniture,Furnishings,Eldon Econocleat Chair Mats for Low Pile Carpets,207.35,5,0.0,24.88199999999999,0
9919,CA-2015-105508,2015-09-24,2015-09-29,Standard Class,JF-15190,Jamie Frazer,Consumer,United States,New York City,New York,10035,East,OFF-EN-10003055,Office Supplies,Envelopes,"Blue String-Tie & Button Interoffice Envelopes, 10 x 13",39.98,1,0.0,17.990999999999996,0
