Row ID,Order ID,Order Date,Ship Date,Ship Mode,Customer ID,Customer Name,Segment,Country,City,State,Postal Code,Region,Product ID,Category,Sub-Category,Product Name,Sales,Quantity,Discount,Profit,Data_origen
177,US-2017-152366,2017-04-21,2017-04-25,Second Class,SJ-20500,Shirley Jackson,Consumer,United States,Houston,Texas,77036,Central,OFF-AP-10002684,Office Supplies,Appliances,"Acco 7-Outlet Masterpiece Power Center, Wihtout Fax/Phone Line Protection",97.26399999999998,4,0.8,-243.16000000000008,0
232,US-2017-100930,2017-04-07,2017-04-12,Standard Class,CS-12400,Christopher Schild,Home Office,United States,Tampa,Florida,33614,South,FUR-TA-10001705,Furniture,Tables,Bush Advantage Collection Round Conference Table,233.86,2,0.45,-102.04800000000003,0
233,US-2017-100930,2017-04-07,2017-04-12,Standard Class,CS-12400,Christopher Schild,Home Office,United States,Tampa,Florida,33614,South,FUR-TA-10003473,Furniture,Tables,Bretford Rectangular Conference Table Tops,620.6145000000001,3,0.45,-248.24579999999992,0
234,US-2017-100930,2017-04-07,2017-04-12,Standard Class,CS-12400,Christopher Schild,Home Office,United States,Tampa,Florida,33614,South,OFF-BI-10001679,Office Supplies,Binders,GBC Instant Index System for Binding Systems,5.328000000000001,2,0.7,-3.5519999999999996,0
235,US-2017-100930,2017-04-07,2017-04-12,Standard Class,CS-12400,Christopher Schild,Home Office,United States,Tampa,Florida,33614,South,FUR-FU-10004017,Furniture,Furnishings,"Tenex Contemporary Contur Chairmats for Low and Medium Pile Carpet, Computer, 39"" x 49""",258.072,3,0.2,0.0,0
859,CA-2017-161984,2017-04-10,2017-04-15,Standard Class,SJ-20125,Sanjit Jacobs,Home Office,United States,New Brunswick,New Jersey,8901,East,OFF-PA-10004569,Office Supplies,Paper,"Wirebound Message Books, Two 4 1/4"" x 5"" Forms per Page",7.61,1,0.0,3.5766999999999998,0
860,CA-2017-161984,2017-04-10,2017-04-15,Standard Class,SJ-20125,Sanjit Jacobs,Home Office,United States,New Brunswick,New Jersey,8901,East,OFF-FA-10000624,Office Supplies,Fasteners,OIC Binder Clips,7.16,2,0.0,3.58,0
930,CA-2017-144932,2017-04-14,2017-04-17,First Class,AB-10165,Alan Barnes,Consumer,United States,Toledo,Ohio,43615,East,OFF-AR-10003560,Office Supplies,Art,Zebra Zazzle Fluorescent Highlighters,14.592000000000002,3,0.2,2.5535999999999985,0
931,CA-2017-144932,2017-04-14,2017-04-17,First Class,AB-10165,Alan Barnes,Consumer,United States,Toledo,Ohio,43615,East,OFF-AR-10001468,Office Supplies,Art,"Sanford Prismacolor Professional Thick Lead Art Pencils, 36-Color Set",89.856,3,0.2,21.3408,0
932,CA-2017-144932,2017-04-14,2017-04-17,First Class,AB-10165,Alan Barnes,Consumer,United States,Toledo,Ohio,43615,East,OFF-PA-10004971,Office Supplies,Paper,Xerox 196,13.872000000000002,3,0.2,5.028600000000001,0
953,CA-2017-131156,2017-04-03,2017-04-07,Standard Class,KH-16360,Katherine Hughes,Consumer,United States,Philadelphia,Pennsylvania,19143,East,FUR-FU-10001940,Furniture,Furnishings,Staple-based wall hangings,25.472,4,0.2,7.641600000000002,0
965,CA-2017-135279,2017-04-09,2017-04-11,First Class,BS-11800,Bryan Spruell,Home Office,United States,New York City,New York,10011,East,OFF-LA-10004055,Office Supplies,Labels,Color-Coded Legal Exhibit Labels,9.82,2,0.0,4.8118,0
967,CA-2017-135279,2017-04-09,2017-04-11,First Class,BS-11800,Bryan Spruell,Home Office,United States,New York City,New York,10011,East,OFF-PA-10004621,Office Supplies,Paper,Xerox 212,12.96,2,0.0,6.2208000000000006,0
1284,CA-2017-122154,2017-04-09,2017-04-11,First Class,SA-20830,Sue Ann Reed,Consumer,United States,Jacksonville,Florida,32216,South,OFF-PA-10000994,Office Supplies,Paper,Xerox 1915,251.64,3,0.2,88.07399999999998,0
1359,CA-2017-160045,2017-04-26,2017-04-27,First Class,LB-16735,Larry Blacks,Consumer,United States,Fort Worth,Texas,76106,Central,FUR-FU-10000010,Furniture,Furnishings,"DAX Value U-Channel Document Frames, Easel Back",1.988,1,0.6,-1.4413,0
1521,CA-2017-109946,2017-04-16,2017-04-21,Standard Class,PL-18925,Paul Lucas,Home Office,United States,Chicago,Illinois,60610,Central,OFF-AR-10001419,Office Supplies,Art,Newell 325,16.520000000000003,5,0.2,2.0649999999999986,0
1663,CA-2017-144526,2017-04-30,2017-05-06,Standard Class,QJ-19255,Quincy Jones,Corporate,United States,Philadelphia,Pennsylvania,19143,East,OFF-BI-10002353,Office Supplies,Binders,GBC VeloBind Cover Sets,13.896,3,0.7,-9.264,0
1685,CA-2017-149489,2017-04-24,2017-04-27,First Class,DK-12835,Damala Kotsonis,Corporate,United States,Philadelphia,Pennsylvania,19143,East,OFF-AP-10002495,Office Supplies,Appliances,"Acco Smartsocket Table Surge Protector, 6 Color-Coded Adapter Outlets",99.28,2,0.2,12.40999999999999,0
1686,CA-2017-149489,2017-04-24,2017-04-27,First Class,DK-12835,Damala Kotsonis,Corporate,United States,Philadelphia,Pennsylvania,19143,East,OFF-BI-10002813,Office Supplies,Binders,Avery Reinforcements for Hole-Punch Pages,1.1880000000000002,2,0.7,-0.9899999999999998,0
1728,US-2017-164056,2017-04-29,2017-05-04,Second Class,FM-14215,Filia McAdams,Corporate,United States,Dublin,Ohio,43017,East,FUR-TA-10001307,Furniture,Tables,"SAFCO PlanMaster Heigh-Adjustable Drafting Table Base, 43w x 30d x 30-37h, Black",1048.35,5,0.4,-69.88999999999999,0
1867,CA-2017-118857,2017-04-15,2017-04-18,First Class,AH-10075,Adam Hart,Corporate,United States,Henderson,Nevada,89015,West,FUR-FU-10004460,Furniture,Furnishings,"Howard Miller 12"" Round Wall Clock",196.45,5,0.0,70.72199999999998,0
1916,CA-2017-124597,2017-04-30,2017-05-05,Standard Class,AS-10630,Ann Steele,Home Office,United States,Boynton Beach,Florida,33437,South,OFF-AR-10002280,Office Supplies,Art,Staples in misc. colors,15.528,3,0.2,4.852499999999999,0
2002,CA-2017-166128,2017-04-11,2017-04-18,Standard Class,LW-17215,Luke Weiss,Consumer,United States,Pasadena,California,91104,West,OFF-AR-10001221,Office Supplies,Art,"Dixon Ticonderoga Erasable Colored Pencil Set, 12-Color",41.86,7,0.0,14.232399999999998,0
2119,CA-2017-155460,2017-04-13,2017-04-15,First Class,RW-19630,Rob Williams,Corporate,United States,Seattle,Washington,98105,West,OFF-PA-10002479,Office Supplies,Paper,Xerox 4200 Series MultiUse Premium Copy Paper (20Lb. and 84 Bright),5.28,1,0.0,2.376,0
2120,CA-2017-155460,2017-04-13,2017-04-15,First Class,RW-19630,Rob Williams,Corporate,United States,Seattle,Washington,98105,West,OFF-BI-10003091,Office Supplies,Binders,GBC DocuBind TL200 Manual Binding Machine,895.92,5,0.2,302.37299999999993,0
2239,CA-2017-166849,2017-04-20,2017-04-26,Standard Class,SJ-20125,Sanjit Jacobs,Home Office,United States,Chicago,Illinois,60610,Central,FUR-FU-10004597,Furniture,Furnishings,Eldon Cleatmat Chair Mats for Medium Pile Carpets,44.400000000000006,2,0.6,-52.16999999999999,0
2402,CA-2017-145877,2017-04-01,2017-04-04,Second Class,AS-10090,Adam Shillingsburg,Consumer,United States,Springfield,Missouri,65807,Central,OFF-ST-10000649,Office Supplies,Storage,Hanging Personal Folder File,94.19999999999999,6,0.0,23.550000000000004,0
2600,CA-2017-108553,2017-04-23,2017-04-29,Standard Class,SK-19990,Sally Knutson,Consumer,United States,New York City,New York,10024,East,OFF-AP-10000026,Office Supplies,Appliances,Tripp Lite Isotel 6 Outlet Surge Protector with Fax/Modem Protection,121.94,2,0.0,35.362599999999986,0
2617,CA-2017-147942,2017-04-01,2017-04-05,Standard Class,MS-17365,Maribeth Schnelling,Consumer,United States,San Francisco,California,94110,West,OFF-LA-10003663,Office Supplies,Labels,Avery 498,5.78,2,0.0,2.7166,0
2961,CA-2017-143665,2017-04-26,2017-05-01,Standard Class,PO-19180,Philisse Overcash,Home Office,United States,Seattle,Washington,98115,West,OFF-PA-10003673,Office Supplies,Paper,Strathmore Photo Mount Cards,20.34,3,0.0,9.356399999999999,0
2962,CA-2017-143665,2017-04-26,2017-05-01,Standard Class,PO-19180,Philisse Overcash,Home Office,United States,Seattle,Washington,98115,West,OFF-LA-10002034,Office Supplies,Labels,Avery 478,39.28,8,0.0,19.2472,0
3011,CA-2017-134845,2017-04-17,2017-04-23,Standard Class,SR-20425,Sharelle Roach,Home Office,United States,Louisville,Colorado,80027,West,OFF-BI-10000773,Office Supplies,Binders,Insertable Tab Post Binder Dividers,12.030000000000001,5,0.7,-9.222999999999999,0
3049,CA-2017-121419,2017-04-02,2017-04-04,First Class,TC-21475,Tony Chapman,Home Office,United States,Columbus,Georgia,31907,South,FUR-TA-10004534,Furniture,Tables,Bevis 44 x 96 Conference Tables,411.8,2,0.0,70.00599999999997,0
3100,CA-2017-131233,2017-04-14,2017-04-19,Standard Class,CS-12355,Christine Sundaresam,Consumer,United States,New York City,New York,10024,East,OFF-BI-10000829,Office Supplies,Binders,Avery Non-Stick Binders,10.776000000000002,3,0.2,3.502199999999999,0
3101,CA-2017-131233,2017-04-14,2017-04-19,Standard Class,CS-12355,Christine Sundaresam,Consumer,United States,New York City,New York,10024,East,FUR-BO-10003441,Furniture,Bookcases,"Bush Westfield Collection Bookcases, Fully Assembled",242.35200000000003,3,0.2,9.088199999999972,0
3232,US-2017-156356,2017-04-16,2017-04-22,Standard Class,ND-18370,Natalie DeCherney,Consumer,United States,Houston,Texas,77095,Central,OFF-BI-10000632,Office Supplies,Binders,Satellite Sectional Post Binders,26.045999999999992,3,0.8,-44.2782,0
3233,US-2017-156356,2017-04-16,2017-04-22,Standard Class,ND-18370,Natalie DeCherney,Consumer,United States,Houston,Texas,77095,Central,OFF-BI-10001107,Office Supplies,Binders,"GBC White Gloss Covers, Plain Front",2.8959999999999995,1,0.8,-4.778400000000001,0
3234,US-2017-156356,2017-04-16,2017-04-22,Standard Class,ND-18370,Natalie DeCherney,Consumer,United States,Houston,Texas,77095,Central,OFF-ST-10002301,Office Supplies,Storage,Tennsco Commercial Shelving,32.544000000000004,2,0.2,-7.729200000000004,0
3252,CA-2017-119389,2017-04-17,2017-04-19,First Class,BG-11740,Bruce Geld,Consumer,United States,Philadelphia,Pennsylvania,19120,East,FUR-FU-10001473,Furniture,Furnishings,"Eldon Executive Woodline II Desk Accessories, Mahogany",60.312,3,0.2,5.2773,0
3410,US-2017-150847,2017-04-30,2017-05-06,Standard Class,JF-15490,Jeremy Farry,Consumer,United States,Columbus,Ohio,43229,East,OFF-PA-10004451,Office Supplies,Paper,Xerox 222,10.368000000000002,2,0.2,3.6288,0
3656,CA-2017-168102,2017-04-24,2017-04-30,Standard Class,CP-12340,Christine Phan,Corporate,United States,Jacksonville,Florida,32216,South,OFF-ST-10001370,Office Supplies,Storage,Sensible Storage WireTech Storage Systems,113.56800000000001,2,0.2,-21.29400000000002,0
3713,CA-2017-166198,2017-04-21,2017-04-24,First Class,JW-15955,Joni Wasserman,Consumer,United States,Seattle,Washington,98103,West,TEC-AC-10000521,Technology,Accessories,"Verbatim Slim CD and DVD Storage Cases, 50/Pack",11.54,1,0.0,3.4619999999999997,0
3867,CA-2017-146360,2017-04-23,2017-04-25,Second Class,SC-20305,Sean Christensen,Consumer,United States,Lawrence,Indiana,46226,Central,TEC-AC-10003590,Technology,Accessories,"TRENDnet 56K USB 2.0 Phone, Internet and Fax Modem",155.34,6,0.0,55.922399999999996,0
3987,CA-2017-112333,2017-04-08,2017-04-14,Standard Class,KF-16285,Karen Ferguson,Home Office,United States,Plainfield,New Jersey,7060,East,OFF-ST-10001780,Office Supplies,Storage,Tennsco 16-Compartment Lockers with Coat Rack,2591.56,4,0.0,621.9744000000001,0
3988,CA-2017-112333,2017-04-08,2017-04-14,Standard Class,KF-16285,Karen Ferguson,Home Office,United States,Plainfield,New Jersey,7060,East,OFF-AP-10001962,Office Supplies,Appliances,Black & Decker Filter for Double Action Dustbuster Cordless Vac BLDV7210,41.95,5,0.0,10.4875,0
4329,CA-2017-118360,2017-04-01,2017-04-07,Standard Class,JC-15775,John Castell,Consumer,United States,New York City,New York,10011,East,OFF-PA-10000791,Office Supplies,Paper,"Wirebound Message Books, Four 2 3/4 x 5 Forms per Page, 200 Sets per Book",42.92999999999999,9,0.0,19.318499999999997,0
4352,US-2017-100482,2017-04-11,2017-04-15,Standard Class,JL-15130,Jack Lebron,Consumer,United States,Lancaster,Ohio,43130,East,TEC-AC-10003441,Technology,Accessories,Kingston Digital DataTraveler 32GB USB 2.0,27.12,2,0.2,-4.746000000000001,0
4637,CA-2017-168228,2017-04-27,2017-04-29,First Class,AP-10915,Arthur Prichep,Consumer,United States,Los Angeles,California,90045,West,OFF-AR-10003373,Office Supplies,Art,"Boston School Pro Electric Pencil Sharpener, 1670",123.92,4,0.0,33.4584,0
4639,CA-2017-168228,2017-04-27,2017-04-29,First Class,AP-10915,Arthur Prichep,Consumer,United States,Los Angeles,California,90045,West,OFF-AR-10001725,Office Supplies,Art,Boston Home & Office Model 2000 Electric Pencil Sharpeners,47.3,2,0.0,12.298000000000002,0
4651,CA-2017-150987,2017-04-08,2017-04-12,Standard Class,AH-10120,Adrian Hane,Home Office,United States,San Francisco,California,94110,West,OFF-PA-10001878,Office Supplies,Paper,Xerox 1891,244.54999999999998,5,0.0,114.93849999999998,0
4652,CA-2017-150987,2017-04-08,2017-04-12,Standard Class,AH-10120,Adrian Hane,Home Office,United States,San Francisco,California,94110,West,OFF-PA-10002923,Office Supplies,Paper,Xerox 1942,195.76,4,0.0,97.88,0
4758,US-2017-144582,2017-04-30,2017-05-05,Standard Class,TC-21475,Tony Chapman,Home Office,United States,Danville,Illinois,61832,Central,OFF-BI-10001575,Office Supplies,Binders,GBC Linen Binding Covers,43.37199999999999,7,0.8,-69.39520000000003,0
5075,CA-2017-151071,2017-04-25,2017-04-29,Second Class,MB-18085,Mick Brown,Consumer,United States,Los Angeles,California,90049,West,OFF-BI-10002103,Office Supplies,Binders,"Cardinal Slant-D Ring Binder, Heavy Gauge Vinyl",13.904,2,0.2,4.5188,0
5108,CA-2017-132213,2017-04-25,2017-04-26,First Class,PN-18775,Parhena Norris,Home Office,United States,Nashville,Tennessee,37211,South,OFF-AR-10004078,Office Supplies,Art,Newell 312,42.047999999999995,9,0.2,5.2559999999999985,0
5109,CA-2017-132213,2017-04-25,2017-04-26,First Class,PN-18775,Parhena Norris,Home Office,United States,Nashville,Tennessee,37211,South,OFF-AR-10001958,Office Supplies,Art,Stanley Bostitch Contemporary Electric Pencil Sharpeners,67.92,5,0.2,6.792000000000002,0
5218,CA-2017-134635,2017-04-15,2017-04-17,Second Class,NS-18640,Noel Staavos,Corporate,United States,Los Angeles,California,90049,West,OFF-PA-10002254,Office Supplies,Paper,Xerox 1883,79.14,3,0.0,36.404399999999995,0
5289,US-2017-136784,2017-04-30,2017-05-05,Standard Class,AD-10180,Alan Dominguez,Home Office,United States,San Francisco,California,94122,West,OFF-PA-10000675,Office Supplies,Paper,Xerox 1919,163.96,4,0.0,80.3404,0
5315,CA-2017-137876,2017-04-30,2017-05-05,Standard Class,DJ-13510,Don Jones,Corporate,United States,San Francisco,California,94110,West,OFF-EN-10001219,Office Supplies,Envelopes,"#10- 4 1/8"" x 9 1/2"" Security-Tint Envelopes",30.56,4,0.0,14.9744,0
5372,US-2017-136721,2017-04-08,2017-04-12,Standard Class,NH-18610,Nicole Hansen,Corporate,United States,Oak Park,Michigan,48237,Central,FUR-FU-10004188,Furniture,Furnishings,Luxo Professional Combination Clamp-On Lamps,306.9,3,0.0,79.794,0
5455,CA-2017-160962,2017-04-28,2017-05-02,Standard Class,MC-17605,Matt Connell,Corporate,United States,Philadelphia,Pennsylvania,19143,East,OFF-ST-10001325,Office Supplies,Storage,Sterilite Officeware Hinged File Box,8.384,1,0.2,0.7336,0
5456,CA-2017-160962,2017-04-28,2017-05-02,Standard Class,MC-17605,Matt Connell,Corporate,United States,Philadelphia,Pennsylvania,19143,East,OFF-AR-10003056,Office Supplies,Art,Newell 341,6.848000000000001,2,0.2,0.7703999999999991,0
5489,CA-2017-134495,2017-04-01,2017-04-04,Second Class,BF-11020,Barry Französisch,Corporate,United States,Jacksonville,Florida,32216,South,OFF-LA-10000262,Office Supplies,Labels,Avery 494,6.264,3,0.2,2.0358,0
5490,CA-2017-134495,2017-04-01,2017-04-04,Second Class,BF-11020,Barry Französisch,Corporate,United States,Jacksonville,Florida,32216,South,OFF-AP-10002222,Office Supplies,Appliances,Staple holder,20.808,3,0.2,1.8207000000000013,0
5526,CA-2017-154501,2017-04-30,2017-05-05,Standard Class,EA-14035,Erin Ashbrook,Corporate,United States,Los Angeles,California,90008,West,OFF-AR-10002804,Office Supplies,Art,Faber Castell Col-Erase Pencils,9.78,2,0.0,4.0098,0
5527,CA-2017-166933,2017-04-24,2017-04-28,Standard Class,MG-17890,Michael Granlund,Home Office,United States,Santa Barbara,California,93101,West,OFF-FA-10002676,Office Supplies,Fasteners,Colored Push Pins,1.81,1,0.0,0.6516,0
5642,CA-2017-106355,2017-04-02,2017-04-05,First Class,AT-10435,Alyssa Tate,Home Office,United States,Meriden,Connecticut,6450,East,OFF-AR-10000246,Office Supplies,Art,Newell 318,11.12,4,0.0,2.8911999999999995,0
5646,CA-2017-127117,2017-04-14,2017-04-19,Standard Class,HM-14860,Harry Marie,Corporate,United States,Morristown,New Jersey,7960,East,FUR-FU-10004018,Furniture,Furnishings,Tensor Computer Mounted Lamp,74.45,5,0.0,20.1015,0
5953,US-2017-141698,2017-04-15,2017-04-21,Standard Class,SD-20485,Shirley Daniels,Home Office,United States,Houston,Texas,77041,Central,OFF-PA-10001826,Office Supplies,Paper,Xerox 207,20.736000000000004,4,0.2,7.2576,0
6008,CA-2017-129028,2017-04-01,2017-04-03,First Class,GB-14530,George Bell,Corporate,United States,Florence,South Carolina,29501,South,FUR-FU-10004006,Furniture,Furnishings,"Deflect-o DuraMat Lighweight, Studded, Beveled Mat for Low Pile Carpeting",127.94999999999999,3,0.0,21.751499999999986,0
6033,CA-2017-104010,2017-04-23,2017-04-25,First Class,TD-20995,Tamara Dahlen,Consumer,United States,New York City,New York,10011,East,OFF-SU-10001218,Office Supplies,Supplies,Fiskars Softgrip Scissors,54.900000000000006,5,0.0,15.372000000000003,0
6155,CA-2017-151484,2017-04-20,2017-04-23,First Class,CV-12805,Cynthia Voltz,Corporate,United States,Philadelphia,Pennsylvania,19120,East,OFF-ST-10002370,Office Supplies,Storage,"Sortfiler Multipurpose Personal File Organizer, Black",51.336000000000006,3,0.2,5.775299999999996,0
6190,CA-2017-157903,2017-04-04,2017-04-08,Standard Class,AM-10705,Anne McFarland,Consumer,United States,Des Plaines,Illinois,60016,Central,TEC-PH-10004345,Technology,Phones,Cisco SPA 502G IP Phone,383.84000000000003,4,0.2,47.97999999999999,0
6366,CA-2017-144848,2017-04-04,2017-04-05,First Class,DS-13030,Darrin Sayre,Home Office,United States,New York City,New York,10009,East,TEC-PH-10004006,Technology,Phones,Panasonic KX - TS880B Telephone,41.22,1,0.0,11.1294,0
6367,CA-2017-144848,2017-04-04,2017-04-05,First Class,DS-13030,Darrin Sayre,Home Office,United States,New York City,New York,10009,East,OFF-SU-10000646,Office Supplies,Supplies,Premier Automatic Letter Opener,240.37,1,0.0,7.211100000000016,0
6368,CA-2017-144848,2017-04-04,2017-04-05,First Class,DS-13030,Darrin Sayre,Home Office,United States,New York City,New York,10009,East,TEC-PH-10002262,Technology,Phones,LG Electronics Tone+ HBS-730 Bluetooth Headset,119.02,2,0.0,33.32560000000001,0
6380,CA-2017-150623,2017-04-10,2017-04-14,Standard Class,DB-13360,Dennis Bolton,Home Office,United States,Waterbury,Connecticut,6708,East,OFF-ST-10003692,Office Supplies,Storage,Recycled Steel Personal File for Hanging File Folders,286.15,5,0.0,71.5375,0
6768,CA-2017-100615,2017-04-20,2017-04-24,Standard Class,SJ-20215,Sarah Jordon,Consumer,United States,Chicago,Illinois,60653,Central,FUR-FU-10002456,Furniture,Furnishings,"Master Caster Door Stop, Large Neon Orange",14.560000000000002,5,0.6,-6.187999999999999,0
6859,CA-2017-128965,2017-04-17,2017-04-22,Standard Class,PS-18760,Pamela Stobb,Consumer,United States,Los Angeles,California,90008,West,OFF-LA-10001404,Office Supplies,Labels,Avery 517,7.38,2,0.0,3.4686,0
6861,CA-2017-128965,2017-04-17,2017-04-22,Standard Class,PS-18760,Pamela Stobb,Consumer,United States,Los Angeles,California,90008,West,TEC-AC-10001383,Technology,Accessories,Logitech Wireless Touch Keyboard K400,274.89,11,0.0,46.73129999999996,0
6862,CA-2017-128965,2017-04-17,2017-04-22,Standard Class,PS-18760,Pamela Stobb,Consumer,United States,Los Angeles,California,90008,West,OFF-LA-10003190,Office Supplies,Labels,Avery 474,23.04,8,0.0,11.2896,0
6863,CA-2017-128965,2017-04-17,2017-04-22,Standard Class,PS-18760,Pamela Stobb,Consumer,United States,Los Angeles,California,90008,West,FUR-CH-10003774,Furniture,Chairs,"Global Wood Trimmed Manager's Task Chair, Khaki",218.35200000000003,3,0.2,-19.105800000000016,0
6889,CA-2017-120222,2017-04-25,2017-05-02,Standard Class,LL-16840,Lauren Leatherbury,Consumer,United States,Los Angeles,California,90032,West,OFF-BI-10000666,Office Supplies,Binders,Surelock Post Binders,73.344,3,0.2,27.503999999999998,0
7157,CA-2017-126718,2017-04-29,2017-05-04,Standard Class,KT-16480,Kean Thornton,Consumer,United States,Orange,New Jersey,7050,East,OFF-LA-10004055,Office Supplies,Labels,Color-Coded Legal Exhibit Labels,4.91,1,0.0,2.4059,0
7172,CA-2017-125381,2017-04-25,2017-04-27,Second Class,SG-20605,Speros Goranitis,Consumer,United States,San Francisco,California,94109,West,TEC-AC-10000158,Technology,Accessories,Sony 64GB Class 10 Micro SDHC R40 Memory Card,107.97,3,0.0,22.6737,0
7242,CA-2017-136651,2017-04-23,2017-04-25,Second Class,JF-15355,Jay Fein,Consumer,United States,Pasadena,California,91104,West,OFF-BI-10003638,Office Supplies,Binders,GBC Durable Plastic Covers,92.88000000000001,6,0.2,30.185999999999996,0
7425,CA-2017-135069,2017-04-10,2017-04-14,Standard Class,BS-11755,Bruce Stewart,Consumer,United States,Philadelphia,Pennsylvania,19143,East,FUR-FU-10003878,Furniture,Furnishings,"Linden 10"" Round Wall Clock, Black",36.672,3,0.2,6.4176,0
7595,CA-2017-119655,2017-04-20,2017-04-24,Standard Class,CV-12295,Christina VanderZanden,Consumer,United States,Detroit,Michigan,48234,Central,OFF-BI-10001989,Office Supplies,Binders,Premium Transparent Presentation Covers by GBC,146.86,7,0.0,70.49279999999999,0
8200,CA-2017-125269,2017-04-24,2017-04-30,Standard Class,AF-10870,Art Ferguson,Consumer,United States,Chicago,Illinois,60610,Central,OFF-BI-10001628,Office Supplies,Binders,"Acco Data Flex Cable Posts For Top & Bottom Load Binders, 6"" Capacity",10.429999999999996,5,0.8,-18.2525,0
8280,CA-2017-146192,2017-04-22,2017-04-26,Standard Class,BD-11725,Bruce Degenhardt,Consumer,United States,Columbus,Georgia,31907,South,OFF-ST-10003716,Office Supplies,Storage,Tennsco Double-Tier Lockers,675.0600000000001,3,0.0,87.7578,0
8319,CA-2017-130904,2017-04-11,2017-04-16,Standard Class,HM-14980,Henry MacAllister,Consumer,United States,Burlington,North Carolina,27217,South,OFF-AR-10000127,Office Supplies,Art,Newell 321,20.992,8,0.2,2.3615999999999966,0
8416,CA-2017-107265,2017-04-06,2017-04-12,Standard Class,ML-17755,Max Ludwig,Home Office,United States,Marion,Iowa,52302,Central,OFF-PA-10000474,Office Supplies,Paper,Easy-staple paper,106.32,3,0.0,49.97039999999999,0
8470,US-2017-132031,2017-04-23,2017-04-27,Standard Class,PN-18775,Parhena Norris,Home Office,United States,Clarksville,Tennessee,37042,South,FUR-BO-10001972,Furniture,Bookcases,O'Sullivan 4-Shelf Bookcase in Odessa Pine,387.136,4,0.2,-14.51760000000003,0
8473,US-2017-132031,2017-04-23,2017-04-27,Standard Class,PN-18775,Parhena Norris,Home Office,United States,Clarksville,Tennessee,37042,South,OFF-LA-10000081,Office Supplies,Labels,Avery 496,3.0,1,0.2,1.0499999999999998,0
8476,CA-2017-169404,2017-04-09,2017-04-14,Standard Class,NC-18625,Noah Childs,Corporate,United States,York,Pennsylvania,17403,East,OFF-PA-10001033,Office Supplies,Paper,Xerox 1893,65.584,2,0.2,23.7742,0
8564,US-2017-108315,2017-04-30,2017-05-04,Standard Class,MH-18115,Mick Hernandez,Home Office,United States,Sanford,Florida,32771,South,OFF-BI-10000822,Office Supplies,Binders,"Acco PRESSTEX Data Binder with Storage Hooks, Light Blue, 9 1/2"" X 11""",4.8420000000000005,3,0.7,-3.550799999999999,0
8565,US-2017-108315,2017-04-30,2017-05-04,Standard Class,MH-18115,Mick Hernandez,Home Office,United States,Sanford,Florida,32771,South,FUR-FU-10000747,Furniture,Furnishings,Tenex B1-RE Series Chair Mats for Low Pile Carpets,220.704,6,0.2,-8.276400000000038,0
8592,CA-2017-101700,2017-04-23,2017-04-26,First Class,SO-20335,Sean O'Donnell,Consumer,United States,Greeley,Colorado,80634,West,OFF-EN-10003134,Office Supplies,Envelopes,Staple envelope,18.688,2,0.2,7.008,0
8593,CA-2017-101700,2017-04-23,2017-04-26,First Class,SO-20335,Sean O'Donnell,Consumer,United States,Greeley,Colorado,80634,West,FUR-FU-10001025,Furniture,Furnishings,"Eldon Imàge Series Desk Accessories, Clear",11.664000000000001,3,0.2,3.3534000000000006,0
8638,CA-2017-151281,2017-04-27,2017-05-02,Standard Class,HM-14980,Henry MacAllister,Consumer,United States,Seattle,Washington,98105,West,FUR-FU-10000397,Furniture,Furnishings,Luxo Economy Swing Arm Lamp,139.58,7,0.0,39.08240000000001,0
8738,CA-2017-161592,2017-04-06,2017-04-10,Standard Class,CS-12175,Charles Sheldon,Corporate,United States,Chattanooga,Tennessee,37421,South,OFF-BI-10003669,Office Supplies,Binders,3M Organizer Strips,8.100000000000001,5,0.7,-5.939999999999998,0
8974,CA-2017-159226,2017-04-25,2017-04-27,Second Class,RL-19615,Rob Lucas,Consumer,United States,Los Angeles,California,90008,West,FUR-BO-10004709,Furniture,Bookcases,"Bush Westfield Collection Bookcases, Medium Cherry Finish",344.98099999999994,7,0.15,28.410200000000017,0
9405,CA-2017-141663,2017-04-13,2017-04-17,Standard Class,DP-13105,Dave Poirier,Corporate,United States,Philadelphia,Pennsylvania,19134,East,OFF-FA-10004076,Office Supplies,Fasteners,Translucent Push Pins by OIC,7.92,5,0.2,1.6829999999999994,0
9443,CA-2017-165904,2017-04-07,2017-04-11,Standard Class,HR-14770,Hallie Redmond,Home Office,United States,Jacksonville,Florida,32216,South,OFF-AR-10003156,Office Supplies,Art,50 Colored Long Pencils,16.256,2,0.2,1.2192000000000007,0
9670,CA-2017-145275,2017-04-02,2017-04-06,Standard Class,AH-10465,Amy Hunt,Consumer,United States,Decatur,Alabama,35601,South,OFF-LA-10001569,Office Supplies,Labels,Avery 499,14.940000000000001,3,0.0,6.8724,0
9691,CA-2017-140536,2017-04-04,2017-04-05,First Class,TA-21385,Tom Ashbrook,Home Office,United States,New York City,New York,10035,East,OFF-AR-10001545,Office Supplies,Art,Newell 326,7.04,4,0.0,2.0416,0
9879,US-2017-166324,2017-04-20,2017-04-21,First Class,BE-11455,Brad Eason,Home Office,United States,Cleveland,Ohio,44105,East,TEC-PH-10004080,Technology,Phones,Avaya 5410 Digital phone,122.38199999999999,3,0.4,-24.476399999999998,0
