Row ID,Order ID,Order Date,Ship Date,Ship Mode,Customer ID,Customer Name,Segment,Country,City,State,Postal Code,Region,Product ID,Category,Sub-Category,Product Name,Sales,Quantity,Discount,Profit,Data_origen
425,CA-2017-155705,2017-08-21,2017-08-23,Second Class,NF-18385,Natalie Fritzler,Consumer,United States,Jackson,Mississippi,39212,South,FUR-CH-10000015,Furniture,Chairs,Hon Multipurpose Stacking Arm Chairs,866.4,4,0.0,225.264,0
617,CA-2017-117947,2017-08-18,2017-08-23,Second Class,NG-18355,Nat Gilpin,Corporate,United States,New York City,New York,10011,East,FUR-FU-10003849,Furniture,Furnishings,"DAX Metal Frame, Desktop, Stepped-Edge",40.48,2,0.0,15.787199999999999,0
618,CA-2017-117947,2017-08-18,2017-08-23,Second Class,NG-18355,Nat Gilpin,Corporate,United States,New York City,New York,10011,East,FUR-FU-10000010,Furniture,Furnishings,"DAX Value U-Channel Document Frames, Easel Back",9.94,2,0.0,3.0813999999999995,0
827,CA-2017-126956,2017-08-21,2017-08-28,Standard Class,GT-14710,Greg Tran,Consumer,United States,Lakeville,Minnesota,55044,Central,OFF-FA-10002280,Office Supplies,Fasteners,Advantus Plastic Paper Clips,35.0,7,0.0,16.8,0
828,CA-2017-126956,2017-08-21,2017-08-28,Standard Class,GT-14710,Greg Tran,Consumer,United States,Lakeville,Minnesota,55044,Central,OFF-SU-10000381,Office Supplies,Supplies,Acme Forged Steel Scissors with Black Enamel Handles,37.24,4,0.0,10.799599999999998,0
829,CA-2017-126956,2017-08-21,2017-08-28,Standard Class,GT-14710,Greg Tran,Consumer,United States,Lakeville,Minnesota,55044,Central,OFF-EN-10004459,Office Supplies,Envelopes,Security-Tint Envelopes,15.28,2,0.0,7.4872,0
1206,CA-2017-133235,2017-08-01,2017-08-04,First Class,LH-16750,Larry Hughes,Consumer,United States,Charlotte,North Carolina,28205,South,TEC-PH-10002660,Technology,Phones,Nortel Networks T7316 E Nt8 B27,271.96,5,0.2,16.997500000000016,0
1443,CA-2017-117695,2017-08-05,2017-08-08,First Class,PW-19030,Pauline Webber,Corporate,United States,Richmond,Kentucky,40475,South,OFF-PA-10002713,Office Supplies,Paper,"Adams Phone Message Book, 200 Message Capacity, 8 1/16” x 11”",13.76,2,0.0,6.329599999999999,0
1483,CA-2017-101210,2017-08-25,2017-08-28,Second Class,DW-13540,Don Weiss,Consumer,United States,Jackson,Tennessee,38301,South,OFF-AR-10003560,Office Supplies,Art,Zebra Zazzle Fluorescent Highlighters,9.728000000000002,2,0.2,1.702399999999999,0
1484,CA-2017-101210,2017-08-25,2017-08-28,Second Class,DW-13540,Don Weiss,Consumer,United States,Jackson,Tennessee,38301,South,OFF-PA-10000130,Office Supplies,Paper,Xerox 199,3.4240000000000004,1,0.2,1.0699999999999996,0
1513,CA-2017-112809,2017-08-18,2017-08-22,Standard Class,RA-19915,Russell Applegate,Consumer,United States,Dallas,Texas,75220,Central,OFF-ST-10002276,Office Supplies,Storage,Safco Steel Mobile File Cart,200.06400000000002,3,0.2,12.504000000000005,0
1532,CA-2017-159884,2017-08-31,2017-09-05,Standard Class,JF-15490,Jeremy Farry,Consumer,United States,Tempe,Arizona,85281,West,OFF-ST-10000344,Office Supplies,Storage,"Neat Ideas Personal Hanging Folder Files, Black",10.744,1,0.2,0.8057999999999996,0
1798,US-2017-139465,2017-08-27,2017-08-30,First Class,MR-17545,Mathew Reese,Home Office,United States,New York City,New York,10024,East,OFF-BI-10003910,Office Supplies,Binders,DXL Angle-View Binders with Locking Rings by Samsill,37.008,6,0.2,11.565,0
1834,CA-2017-162691,2017-08-01,2017-08-07,Standard Class,AS-10045,Aaron Smayling,Corporate,United States,Austin,Texas,78745,Central,TEC-MA-10000488,Technology,Machines,Bady BDG101FRU Card Printer,1439.982,3,0.4,-263.99670000000026,0
1835,CA-2017-162691,2017-08-01,2017-08-07,Standard Class,AS-10045,Aaron Smayling,Corporate,United States,Austin,Texas,78745,Central,OFF-PA-10003729,Office Supplies,Paper,Xerox 1998,36.28800000000001,7,0.2,12.700800000000001,0
1920,US-2017-111423,2017-08-17,2017-08-19,First Class,EH-13765,Edward Hooks,Corporate,United States,Watertown,New York,13601,East,OFF-BI-10003091,Office Supplies,Binders,GBC DocuBind TL200 Manual Binding Machine,895.92,5,0.2,302.37299999999993,0
1934,CA-2017-161200,2017-08-06,2017-08-10,Second Class,SV-20365,Seth Vernon,Consumer,United States,Lafayette,Louisiana,70506,South,FUR-FU-10001706,Furniture,Furnishings,Longer-Life Soft White Bulbs,15.4,5,0.0,7.3919999999999995,0
1942,CA-2017-144064,2017-08-29,2017-09-01,First Class,CP-12085,Cathy Prescott,Corporate,United States,Quincy,Illinois,62301,Central,OFF-LA-10004544,Office Supplies,Labels,Avery 505,47.36000000000001,4,0.2,17.759999999999998,0
1944,CA-2017-144064,2017-08-29,2017-09-01,First Class,CP-12085,Cathy Prescott,Corporate,United States,Quincy,Illinois,62301,Central,OFF-BI-10002012,Office Supplies,Binders,Wilson Jones Easy Flow II Sheet Lifters,3.2399999999999993,9,0.8,-5.184000000000001,0
2008,CA-2017-165386,2017-08-03,2017-08-04,First Class,CM-12190,Charlotte Melton,Consumer,United States,Chicago,Illinois,60623,Central,FUR-BO-10003034,Furniture,Bookcases,"O'Sullivan Elevations Bookcase, Cherry Finish",183.37199999999999,2,0.3,-36.67439999999999,0
2025,US-2017-111241,2017-08-20,2017-08-22,Second Class,GM-14500,Gene McClure,Consumer,United States,Fresno,California,93727,West,OFF-BI-10002867,Office Supplies,Binders,GBC Recycled Regency Composition Covers,239.12000000000003,5,0.2,77.71399999999997,0
2186,CA-2017-124576,2017-08-01,2017-08-04,Second Class,HK-14890,Heather Kirkland,Corporate,United States,Salinas,California,93905,West,OFF-BI-10002735,Office Supplies,Binders,GBC Prestige Therm-A-Bind Covers,54.89600000000001,2,0.2,18.5274,0
2189,CA-2017-143063,2017-08-10,2017-08-15,Standard Class,IL-15100,Ivan Liston,Consumer,United States,Columbus,Indiana,47201,Central,FUR-FU-10003708,Furniture,Furnishings,"Tenex Traditional Chairmats for Medium Pile Carpet, Standard Lip, 36"" x 48""",121.3,2,0.0,25.473,0
2190,CA-2017-143063,2017-08-10,2017-08-15,Standard Class,IL-15100,Ivan Liston,Consumer,United States,Columbus,Indiana,47201,Central,TEC-PH-10003645,Technology,Phones,Aastra 57i VoIP phone,1454.4900000000002,9,0.0,378.16740000000004,0
2399,CA-2017-169264,2017-08-14,2017-08-16,Second Class,NP-18700,Nora Preis,Consumer,United States,San Francisco,California,94109,West,OFF-AR-10000246,Office Supplies,Art,Newell 318,16.68,6,0.0,4.336799999999999,0
2484,CA-2017-126067,2017-08-28,2017-09-03,Standard Class,KN-16705,Kristina Nunn,Home Office,United States,Seattle,Washington,98105,West,FUR-TA-10000617,Furniture,Tables,"Hon Practical Foundations 30 x 60 Training Table, Light Gray/Charcoal",1137.75,5,0.0,250.30500000000004,0
2486,CA-2017-126067,2017-08-28,2017-09-03,Standard Class,KN-16705,Kristina Nunn,Home Office,United States,Seattle,Washington,98105,West,OFF-AR-10003856,Office Supplies,Art,Newell 344,5.56,2,0.0,1.4455999999999998,0
2535,US-2017-117723,2017-08-15,2017-08-18,Second Class,DL-13495,Dionis Lloyd,Corporate,United States,Philadelphia,Pennsylvania,19120,East,OFF-ST-10004459,Office Supplies,Storage,Tennsco Single-Tier Lockers,1801.632,6,0.2,-337.80600000000004,0
2746,CA-2017-163321,2017-08-07,2017-08-11,Second Class,FM-14380,Fred McMath,Consumer,United States,Jacksonville,North Carolina,28540,South,TEC-AC-10004571,Technology,Accessories,Logitech G700s Rechargeable Gaming Mouse,79.992,1,0.2,21.9978,0
2842,US-2017-135062,2017-08-31,2017-09-04,Second Class,RL-19615,Rob Lucas,Consumer,United States,Fayetteville,North Carolina,28314,South,OFF-PA-10000100,Office Supplies,Paper,Xerox 1945,229.544,7,0.2,83.2097,0
2855,CA-2017-137344,2017-08-20,2017-08-20,Same Day,EM-13810,Eleni McCrary,Corporate,United States,Franklin,Massachusetts,2038,East,OFF-ST-10000344,Office Supplies,Storage,"Neat Ideas Personal Hanging Folder Files, Black",40.29,3,0.0,10.475399999999999,0
2863,CA-2017-106537,2017-08-12,2017-08-17,Standard Class,RH-19495,Rick Hansen,Consumer,United States,Orlando,Florida,32839,South,OFF-PA-10000223,Office Supplies,Paper,Xerox 2000,20.736000000000004,4,0.2,7.2576,0
2865,US-2017-103828,2017-08-13,2017-08-13,Same Day,JK-15370,Jay Kimmel,Consumer,United States,San Francisco,California,94122,West,OFF-AP-10004249,Office Supplies,Appliances,Staple holder,83.79,7,0.0,22.623299999999997,0
2867,US-2017-103828,2017-08-13,2017-08-13,Same Day,JK-15370,Jay Kimmel,Consumer,United States,San Francisco,California,94122,West,OFF-SU-10000946,Office Supplies,Supplies,Staple remover,31.92,4,0.0,9.256799999999998,0
3336,US-2017-109253,2017-08-21,2017-08-22,First Class,PR-18880,Patrick Ryan,Consumer,United States,Oakland,California,94601,West,TEC-PH-10004667,Technology,Phones,Cisco 8x8 Inc. 6753i IP Business Phone System,431.9680000000001,4,0.2,37.797199999999975,0
3337,US-2017-109253,2017-08-21,2017-08-22,First Class,PR-18880,Patrick Ryan,Consumer,United States,Oakland,California,94601,West,FUR-FU-10000193,Furniture,Furnishings,Tenex Chairmats For Use with Hard Floors,129.92,4,0.0,10.393599999999992,0
3338,US-2017-109253,2017-08-21,2017-08-22,First Class,PR-18880,Patrick Ryan,Consumer,United States,Oakland,California,94601,West,FUR-TA-10001539,Furniture,Tables,Chromcraft Rectangular Conference Tables,568.7280000000001,3,0.2,28.436399999999935,0
3339,US-2017-109253,2017-08-21,2017-08-22,First Class,PR-18880,Patrick Ryan,Consumer,United States,Oakland,California,94601,West,OFF-BI-10000962,Office Supplies,Binders,"Acco Flexible ACCOHIDE Square Ring Data Binder, Dark Blue, 11 1/2"" X 14"" 7/8""",117.144,9,0.2,42.46469999999999,0
3340,US-2017-109253,2017-08-21,2017-08-22,First Class,PR-18880,Patrick Ryan,Consumer,United States,Oakland,California,94601,West,OFF-AP-10002867,Office Supplies,Appliances,Fellowes Command Center 5-outlet power strip,203.52,3,0.0,54.9504,0
3382,US-2017-162208,2017-08-27,2017-08-30,First Class,SP-20620,Stefania Perrino,Corporate,United States,Tampa,Florida,33614,South,OFF-EN-10004030,Office Supplies,Envelopes,Convenience Packs of Business Envelopes,2.8960000000000004,1,0.2,0.9773999999999999,0
3574,CA-2017-117023,2017-08-07,2017-08-12,Standard Class,JW-15955,Joni Wasserman,Consumer,United States,Long Beach,New York,11561,East,OFF-AR-10003602,Office Supplies,Art,"Quartet Omega Colored Chalk, 12/Pack",11.68,2,0.0,5.489599999999999,0
3604,CA-2017-112956,2017-08-21,2017-08-27,Standard Class,TH-21550,Tracy Hopkins,Home Office,United States,Columbia,Maryland,21044,East,OFF-PA-10000357,Office Supplies,Paper,Xerox 1888,277.4,5,0.0,133.152,0
3605,CA-2017-112956,2017-08-21,2017-08-27,Standard Class,TH-21550,Tracy Hopkins,Home Office,United States,Columbia,Maryland,21044,East,FUR-FU-10003976,Furniture,Furnishings,"DAX Executive Solid Wood Document Frame, Desktop or Hang, Mahogany, 5 x 7",25.16,2,0.0,8.554399999999998,0
3748,CA-2017-161956,2017-08-27,2017-08-29,Second Class,DR-12880,Dan Reichenbach,Corporate,United States,Inglewood,California,90301,West,FUR-FU-10002937,Furniture,Furnishings,"GE 48"" Fluorescent Tube, Cool White Energy Saver, 34 Watts, 30/Box",198.46,2,0.0,99.23,0
3749,CA-2017-161956,2017-08-27,2017-08-29,Second Class,DR-12880,Dan Reichenbach,Corporate,United States,Inglewood,California,90301,West,OFF-AP-10001242,Office Supplies,Appliances,APC 7 Outlet Network SurgeArrest Surge Protector,321.92,4,0.0,96.576,0
3750,CA-2017-161956,2017-08-27,2017-08-29,Second Class,DR-12880,Dan Reichenbach,Corporate,United States,Inglewood,California,90301,West,TEC-CO-10001571,Technology,Copiers,Sharp 1540cs Digital Laser Copier,879.984,2,0.2,329.994,0
3751,CA-2017-161956,2017-08-27,2017-08-29,Second Class,DR-12880,Dan Reichenbach,Corporate,United States,Inglewood,California,90301,West,OFF-SU-10002503,Office Supplies,Supplies,Acme Preferred Stainless Steel Scissors,28.4,5,0.0,8.235999999999999,0
3923,CA-2017-146920,2017-08-28,2017-09-01,Standard Class,SC-20305,Sean Christensen,Consumer,United States,Chicago,Illinois,60623,Central,OFF-PA-10002479,Office Supplies,Paper,Xerox 4200 Series MultiUse Premium Copy Paper (20Lb. and 84 Bright),25.344,6,0.2,7.92,0
4028,CA-2017-139311,2017-08-11,2017-08-13,First Class,SF-20965,Sylvia Foulston,Corporate,United States,Bedford,Texas,76021,Central,TEC-PH-10001557,Technology,Phones,Pyle PMP37LED,153.584,2,0.2,13.438599999999994,0
4029,CA-2017-139311,2017-08-11,2017-08-13,First Class,SF-20965,Sylvia Foulston,Corporate,United States,Bedford,Texas,76021,Central,OFF-BI-10004209,Office Supplies,Binders,"Fellowes Twister Kit, Gray/Clear, 3/pkg",12.863999999999995,8,0.8,-22.512,0
4105,US-2017-155999,2017-08-07,2017-08-13,Standard Class,JK-15370,Jay Kimmel,Consumer,United States,San Diego,California,92105,West,TEC-PH-10000439,Technology,Phones,GE DSL Phone Line Filter,159.96000000000004,5,0.2,17.99549999999998,0
4106,US-2017-155999,2017-08-07,2017-08-13,Standard Class,JK-15370,Jay Kimmel,Consumer,United States,San Diego,California,92105,West,OFF-BI-10000404,Office Supplies,Binders,Avery Printable Repositionable Plastic Tabs,13.76,2,0.2,4.644,0
4238,CA-2017-104024,2017-08-29,2017-09-03,Second Class,MD-17860,Michael Dominguez,Corporate,United States,Philadelphia,Pennsylvania,19134,East,OFF-AR-10001972,Office Supplies,Art,Newell 323,9.408000000000001,7,0.2,0.7056000000000004,0
4262,CA-2017-158344,2017-08-07,2017-08-11,Standard Class,CC-12475,Cindy Chapman,Consumer,United States,Moorhead,Minnesota,56560,Central,TEC-AC-10002006,Technology,Accessories,Memorex Micro Travel Drive 16 GB,63.96,4,0.0,19.827599999999997,0
4302,CA-2017-129021,2017-08-23,2017-08-26,Second Class,PO-18850,Patrick O'Brill,Consumer,United States,Tallahassee,Florida,32303,South,OFF-PA-10000141,Office Supplies,Paper,"Ampad Evidence Wirebond Steno Books, 6"" x 9""",8.72,5,0.2,2.942999999999999,0
4340,CA-2017-133501,2017-08-27,2017-09-01,Standard Class,DK-12895,Dana Kaydos,Consumer,United States,Franklin,Tennessee,37064,South,OFF-PA-10004888,Office Supplies,Paper,Xerox 217,5.184000000000001,1,0.2,1.8144,0
4415,CA-2017-132339,2017-08-19,2017-08-23,Standard Class,JB-15400,Jennifer Braxton,Corporate,United States,Lawrence,Massachusetts,1841,East,OFF-BI-10003925,Office Supplies,Binders,Fellowes PB300 Plastic Comb Binding Machine,387.99,1,0.0,182.3553,0
4599,US-2017-169502,2017-08-28,2017-09-01,Standard Class,MG-17650,Matthew Grinstein,Home Office,United States,Milwaukee,Wisconsin,53209,Central,OFF-AP-10001947,Office Supplies,Appliances,Acco 6 Outlet Guardian Premium Plus Surge Suppressor,91.6,5,0.0,26.563999999999997,0
4921,CA-2017-101728,2017-08-19,2017-08-23,Standard Class,SC-20575,Sonia Cooley,Consumer,United States,Chicago,Illinois,60653,Central,OFF-BI-10002393,Office Supplies,Binders,Binder Posts,2.2959999999999994,2,0.8,-3.903200000000001,0
4990,CA-2017-107321,2017-08-31,2017-09-04,Standard Class,AW-10930,Arthur Wiediger,Home Office,United States,San Francisco,California,94110,West,OFF-BI-10004022,Office Supplies,Binders,Acco Suede Grain Vinyl Round Ring Binder,6.671999999999999,3,0.2,2.1683999999999997,0
5091,CA-2017-132738,2017-08-04,2017-08-07,First Class,HM-14860,Harry Marie,Corporate,United States,Loveland,Colorado,80538,West,OFF-EN-10001141,Office Supplies,Envelopes,"Manila Recycled Extra-Heavyweight Clasp Envelopes, 6"" x 9""",8.784,1,0.2,3.1842,0
5403,CA-2017-123043,2017-08-24,2017-08-29,Standard Class,AH-10195,Alan Haines,Corporate,United States,New York City,New York,10024,East,OFF-BI-10003910,Office Supplies,Binders,DXL Angle-View Binders with Locking Rings by Samsill,24.672,4,0.2,7.71,0
5404,CA-2017-123043,2017-08-24,2017-08-29,Standard Class,AH-10195,Alan Haines,Corporate,United States,New York City,New York,10024,East,OFF-BI-10000138,Office Supplies,Binders,Acco Translucent Poly Ring Binders,3.7439999999999998,1,0.2,1.3104,0
5530,CA-2017-136609,2017-08-06,2017-08-11,Standard Class,TB-21355,Todd Boyes,Corporate,United States,Cedar Hill,Texas,75104,Central,OFF-PA-10004381,Office Supplies,Paper,14-7/8 x 11 Blue Bar Computer Printout Paper,115.296,3,0.2,40.353599999999986,0
5610,CA-2017-117198,2017-08-31,2017-09-05,Standard Class,BG-11035,Barry Gonzalez,Consumer,United States,Monroe,Louisiana,71203,South,TEC-AC-10003033,Technology,Accessories,Plantronics CS510 - Over-the-Head monaural Wireless Headset System,659.9,2,0.0,217.76699999999994,0
5612,CA-2017-121027,2017-08-18,2017-08-22,Standard Class,HW-14935,Helen Wasserman,Corporate,United States,Seattle,Washington,98105,West,TEC-AC-10002049,Technology,Accessories,Plantronics Savi W720 Multi-Device Wireless Headset System,843.9,2,0.0,371.31600000000003,0
5613,CA-2017-121027,2017-08-18,2017-08-22,Standard Class,HW-14935,Helen Wasserman,Corporate,United States,Seattle,Washington,98105,West,TEC-AC-10002253,Technology,Accessories,Imation Bio 8GB USB Flash Drive Imation Corp,1496.16,9,0.0,224.42400000000006,0
5763,CA-2017-158169,2017-08-12,2017-08-15,First Class,JM-16195,Justin MacKendrick,Consumer,United States,Lake Forest,California,92630,West,FUR-FU-10001473,Furniture,Furnishings,DAX Wood Document Frame,54.92,4,0.0,19.7712,0
5966,CA-2017-119011,2017-08-20,2017-08-25,Standard Class,LR-17035,Lisa Ryan,Corporate,United States,San Francisco,California,94109,West,OFF-ST-10000777,Office Supplies,Storage,"Companion Letter/Legal File, Black",226.56,6,0.0,63.436800000000005,0
6025,CA-2017-139717,2017-08-24,2017-08-26,Second Class,DM-13015,Darrin Martin,Consumer,United States,Lancaster,Ohio,43130,East,OFF-AP-10000938,Office Supplies,Appliances,Avanti 1.7 Cu. Ft. Refrigerator,646.272,8,0.2,64.62719999999999,0
6081,CA-2017-154676,2017-08-05,2017-08-08,First Class,NZ-18565,Nick Zandusky,Home Office,United States,Houston,Texas,77070,Central,OFF-ST-10001172,Office Supplies,Storage,"Tennsco Lockers, Sand",151.056,9,0.2,7.552799999999998,0
6211,CA-2017-119809,2017-08-18,2017-08-25,Standard Class,YS-21880,Yana Sorensen,Corporate,United States,Seattle,Washington,98103,West,OFF-ST-10003306,Office Supplies,Storage,Letter Size Cart,1000.0200000000001,7,0.0,290.0057999999999,0
6212,CA-2017-119809,2017-08-18,2017-08-25,Standard Class,YS-21880,Yana Sorensen,Corporate,United States,Seattle,Washington,98103,West,FUR-FU-10001475,Furniture,Furnishings,"Contract Clock, 14"", Brown",65.94,3,0.0,22.419600000000003,0
6399,CA-2017-151981,2017-08-06,2017-08-12,Standard Class,GM-14455,Gary Mitchum,Home Office,United States,Concord,New Hampshire,3301,East,TEC-PH-10003601,Technology,Phones,"Ativa D5772 2-Line 5.8GHz Digital Expandable Corded/Cordless Phone System with Answering & Caller ID/Call Waiting, Black/Silver",824.95,5,0.0,247.48499999999993,0
6400,CA-2017-151981,2017-08-06,2017-08-12,Standard Class,GM-14455,Gary Mitchum,Home Office,United States,Concord,New Hampshire,3301,East,OFF-LA-10002195,Office Supplies,Labels,Avery 481,24.64,8,0.0,11.8272,0
6406,CA-2017-154074,2017-08-31,2017-09-02,Second Class,BW-11110,Bart Watters,Corporate,United States,Spokane,Washington,99207,West,FUR-CH-10002331,Furniture,Chairs,Hon 4700 Series Mobuis Mid-Back Task Chairs with Adjustable Arms,569.5680000000001,2,0.2,7.119599999999906,0
6407,CA-2017-154074,2017-08-31,2017-09-02,Second Class,BW-11110,Bart Watters,Corporate,United States,Spokane,Washington,99207,West,OFF-ST-10002370,Office Supplies,Storage,"Sortfiler Multipurpose Personal File Organizer, Black",149.73000000000002,7,0.0,43.421699999999994,0
6414,CA-2017-151211,2017-08-17,2017-08-23,Standard Class,AH-10120,Adrian Hane,Home Office,United States,Louisville,Kentucky,40214,South,TEC-AC-10004510,Technology,Accessories,Logitech Desktop MK120 Mouse and keyboard Combo,98.16,6,0.0,9.815999999999995,0
6425,CA-2017-115777,2017-08-19,2017-08-24,Standard Class,DO-13645,Doug O'Connell,Consumer,United States,Lawrence,Massachusetts,1841,East,OFF-PA-10000552,Office Supplies,Paper,Xerox 200,19.44,3,0.0,9.3312,0
6641,CA-2017-128328,2017-08-05,2017-08-09,Standard Class,PO-18865,Patrick O'Donnell,Consumer,United States,Indianapolis,Indiana,46203,Central,OFF-BI-10001989,Office Supplies,Binders,Premium Transparent Presentation Covers by GBC,125.88,6,0.0,60.422399999999996,0
6898,CA-2017-122028,2017-08-18,2017-08-25,Standard Class,CK-12205,Chloris Kastensmidt,Consumer,United States,Lakewood,Ohio,44107,East,OFF-BI-10004817,Office Supplies,Binders,GBC Personal VeloBind Strips,10.782000000000002,3,0.7,-7.906799999999997,0
6912,CA-2017-168942,2017-08-01,2017-08-05,Second Class,EM-13960,Eric Murdock,Consumer,United States,San Francisco,California,94109,West,OFF-ST-10004340,Office Supplies,Storage,"Fellowes Mobile File Cart, Black",186.54,3,0.0,50.36580000000001,0
7064,CA-2017-127712,2017-08-31,2017-09-05,Standard Class,MG-17890,Michael Granlund,Home Office,United States,Salem,Oregon,97301,West,OFF-SU-10002522,Office Supplies,Supplies,Acme Kleen Earth Office Shears,6.208,2,0.2,0.698399999999999,0
7088,US-2017-143175,2017-08-03,2017-08-06,Second Class,GA-14515,George Ashbrook,Consumer,United States,Los Angeles,California,90004,West,OFF-ST-10003123,Office Supplies,Storage,Fellowes Bases and Tops For Staxonsteel/High-Stak Systems,99.87,3,0.0,23.968799999999998,0
7185,CA-2017-133102,2017-08-17,2017-08-24,Standard Class,ED-13885,Emily Ducich,Home Office,United States,Houston,Texas,77095,Central,OFF-SU-10000432,Office Supplies,Supplies,Acco Side-Punched Conventional Columnar Pads,5.5520000000000005,2,0.2,-1.0410000000000006,0
7186,CA-2017-133102,2017-08-17,2017-08-24,Standard Class,ED-13885,Emily Ducich,Home Office,United States,Houston,Texas,77095,Central,OFF-AR-10003183,Office Supplies,Art,Avery Fluorescent Highlighter Four-Color Set,8.016,3,0.2,1.0019999999999993,0
7188,CA-2017-133102,2017-08-17,2017-08-24,Standard Class,ED-13885,Emily Ducich,Home Office,United States,Houston,Texas,77095,Central,FUR-FU-10003247,Furniture,Furnishings,36X48 HARDFLOOR CHAIRMAT,16.784000000000002,2,0.6,-22.2388,0
7267,CA-2017-122987,2017-08-16,2017-08-16,Same Day,SJ-20215,Sarah Jordon,Consumer,United States,Columbia,Tennessee,38401,South,OFF-BI-10002824,Office Supplies,Binders,Recycled Easel Ring Binders,13.428000000000003,3,0.7,-11.190000000000001,0
7268,CA-2017-122987,2017-08-16,2017-08-16,Same Day,SJ-20215,Sarah Jordon,Consumer,United States,Columbia,Tennessee,38401,South,OFF-ST-10004950,Office Supplies,Storage,Acco Perma 3000 Stacking Storage Drawers,67.13600000000001,4,0.2,-0.8392000000000017,0
7376,CA-2017-100580,2017-08-13,2017-08-20,Standard Class,MK-17905,Michael Kennedy,Corporate,United States,San Diego,California,92037,West,OFF-BI-10000069,Office Supplies,Binders,"GBC Prepunched Paper, 19-Hole, for Binding Systems, 24-lb",36.024,3,0.2,11.707799999999995,0
7743,CA-2017-105326,2017-08-20,2017-08-27,Standard Class,KT-16480,Kean Thornton,Consumer,United States,Los Angeles,California,90036,West,OFF-PA-10001639,Office Supplies,Paper,Xerox 203,25.92,4,0.0,12.441600000000001,0
7765,US-2017-118941,2017-08-12,2017-08-12,Same Day,BB-11545,Brenda Bowman,Corporate,United States,Columbia,Maryland,21044,East,OFF-AR-10004078,Office Supplies,Art,Newell 312,17.52,3,0.0,5.255999999999999,0
7766,US-2017-118941,2017-08-12,2017-08-12,Same Day,BB-11545,Brenda Bowman,Corporate,United States,Columbia,Maryland,21044,East,FUR-CH-10002331,Furniture,Chairs,Hon 4700 Series Mobuis Mid-Back Task Chairs with Adjustable Arms,1779.9,5,0.0,373.7789999999998,0
7767,US-2017-118941,2017-08-12,2017-08-12,Same Day,BB-11545,Brenda Bowman,Corporate,United States,Columbia,Maryland,21044,East,OFF-AR-10001953,Office Supplies,Art,Boston 1645 Deluxe Heavier-Duty Electric Pencil Sharpener,219.89999999999998,5,0.0,59.373000000000005,0
7900,CA-2017-128363,2017-08-13,2017-08-18,Standard Class,DC-12850,Dan Campbell,Consumer,United States,Memphis,Tennessee,38109,South,OFF-FA-10003495,Office Supplies,Fasteners,Staples,24.320000000000004,5,0.2,9.119999999999997,0
7934,CA-2017-166093,2017-08-17,2017-08-24,Standard Class,RW-19540,Rick Wilson,Corporate,United States,Brentwood,California,94513,West,OFF-EN-10003134,Office Supplies,Envelopes,Staple envelope,23.36,2,0.0,11.68,0
7936,CA-2017-166093,2017-08-17,2017-08-24,Standard Class,RW-19540,Rick Wilson,Corporate,United States,Brentwood,California,94513,West,OFF-PA-10003893,Office Supplies,Paper,Xerox 1962,8.56,2,0.0,3.8519999999999994,0
7937,CA-2017-166093,2017-08-17,2017-08-24,Standard Class,RW-19540,Rick Wilson,Corporate,United States,Brentwood,California,94513,West,OFF-BI-10000174,Office Supplies,Binders,"Wilson Jones Clip & Carry Folder Binder Tool for Ring Binders, Clear",13.919999999999998,3,0.2,4.872000000000001,0
7938,CA-2017-166093,2017-08-17,2017-08-24,Standard Class,RW-19540,Rick Wilson,Corporate,United States,Brentwood,California,94513,West,OFF-AP-10001058,Office Supplies,Appliances,Sanyo 2.5 Cubic Foot Mid-Size Office Refrigerators,2518.29,9,0.0,654.7553999999999,0
7940,CA-2017-166093,2017-08-17,2017-08-24,Standard Class,RW-19540,Rick Wilson,Corporate,United States,Brentwood,California,94513,West,OFF-BI-10004230,Office Supplies,Binders,GBC Recycled Grain Textured Covers,221.056,8,0.2,77.36959999999999,0
8040,CA-2017-121489,2017-08-21,2017-08-25,Second Class,CM-11815,Candace McMahon,Corporate,United States,Seattle,Washington,98115,West,FUR-CH-10004698,Furniture,Chairs,"Padded Folding Chairs, Black, 4/Carton",388.70400000000006,6,0.2,38.87040000000002,0
8041,CA-2017-121489,2017-08-21,2017-08-25,Second Class,CM-11815,Candace McMahon,Corporate,United States,Seattle,Washington,98115,West,OFF-ST-10000025,Office Supplies,Storage,Fellowes Stor/Drawer Steel Plus Storage Drawers,572.58,6,0.0,34.354799999999955,0
8116,CA-2017-101014,2017-08-29,2017-09-04,Standard Class,RW-19540,Rick Wilson,Corporate,United States,Los Angeles,California,90049,West,FUR-FU-10003374,Furniture,Furnishings,Electrix Fluorescent Magnifier Lamps & Weighted Base,148.02,3,0.0,41.44560000000001,0
8129,CA-2017-157350,2017-08-26,2017-09-01,Standard Class,DP-13000,Darren Powers,Consumer,United States,Chicago,Illinois,60610,Central,FUR-FU-10000222,Furniture,Furnishings,"Seth Thomas 16"" Steel Case Clock",64.96,5,0.6,-43.847999999999985,0
8257,CA-2017-152310,2017-08-12,2017-08-19,Standard Class,DK-12895,Dana Kaydos,Consumer,United States,Seattle,Washington,98103,West,OFF-ST-10001228,Office Supplies,Storage,Personal File Boxes with Fold-Down Carry Handle,46.74,3,0.0,11.684999999999999,0
8258,CA-2017-152310,2017-08-12,2017-08-19,Standard Class,DK-12895,Dana Kaydos,Consumer,United States,Seattle,Washington,98103,West,TEC-AC-10000397,Technology,Accessories,"Perixx PERIBOARD-512B, Ergonomic Split Keyboard",174.95000000000002,5,0.0,12.246500000000005,0
8259,CA-2017-152310,2017-08-12,2017-08-19,Standard Class,DK-12895,Dana Kaydos,Consumer,United States,Seattle,Washington,98103,West,OFF-BI-10004308,Office Supplies,Binders,Avery Legal 4-Ring Binder,100.70400000000001,6,0.2,37.763999999999996,0
8576,CA-2017-101273,2017-08-27,2017-08-30,Second Class,ST-20530,Shui Tom,Consumer,United States,Port Saint Lucie,Florida,34952,South,OFF-AP-10000804,Office Supplies,Appliances,Hoover Portapower Portable Vacuum,14.336000000000002,4,0.2,0.8959999999999999,0
8607,CA-2017-162936,2017-08-18,2017-08-22,Standard Class,CM-12160,Charles McCrossin,Consumer,United States,New Bedford,Massachusetts,2740,East,TEC-AC-10003614,Technology,Accessories,"Verbatim 25 GB 6x Blu-ray Single Layer Recordable Disc, 10/Pack",23.18,2,0.0,7.649399999999998,0
8635,CA-2017-159793,2017-08-25,2017-08-29,Standard Class,SV-20365,Seth Vernon,Consumer,United States,Philadelphia,Pennsylvania,19140,East,FUR-BO-10001798,Furniture,Bookcases,Bush Somerset Collection Bookcase,130.98,2,0.5,-89.06639999999999,0
8860,US-2017-114356,2017-08-20,2017-08-26,Standard Class,TT-21460,Tonja Turnell,Home Office,United States,Charlotte,North Carolina,28205,South,TEC-PH-10003171,Technology,Phones,Plantronics Encore H101 Dual Earpieces Headset,35.96,1,0.2,3.5959999999999983,0
9180,CA-2017-156776,2017-08-07,2017-08-11,Standard Class,JL-15505,Jeremy Lonsdale,Consumer,United States,Westminster,California,92683,West,TEC-PH-10002415,Technology,Phones,Polycom VoiceStation 500 Conference phone,707.88,3,0.2,44.242500000000035,0
9181,CA-2017-156776,2017-08-07,2017-08-11,Standard Class,JL-15505,Jeremy Lonsdale,Consumer,United States,Westminster,California,92683,West,OFF-BI-10003355,Office Supplies,Binders,Cardinal Holdit Business Card Pockets,11.952000000000002,3,0.2,4.1832,0
9183,CA-2017-156776,2017-08-07,2017-08-11,Standard Class,JL-15505,Jeremy Lonsdale,Consumer,United States,Westminster,California,92683,West,TEC-AC-10004803,Technology,Accessories,Sony Micro Vault Click 4 GB USB 2.0 Flash Drive,55.76,4,0.0,7.806400000000004,0
9184,CA-2017-156776,2017-08-07,2017-08-11,Standard Class,JL-15505,Jeremy Lonsdale,Consumer,United States,Westminster,California,92683,West,OFF-PA-10001970,Office Supplies,Paper,Xerox 1881,24.56,2,0.0,11.543199999999999,0
9186,CA-2017-156776,2017-08-07,2017-08-11,Standard Class,JL-15505,Jeremy Lonsdale,Consumer,United States,Westminster,California,92683,West,FUR-CH-10002317,Furniture,Chairs,Global Enterprise Series Seating Low-Back Swivel/Tilt Chairs,207.18400000000003,1,0.2,25.897999999999982,0
9187,CA-2017-156776,2017-08-07,2017-08-11,Standard Class,JL-15505,Jeremy Lonsdale,Consumer,United States,Westminster,California,92683,West,OFF-AP-10002534,Office Supplies,Appliances,3.6 Cubic Foot Counter Height Office Refrigerator,1473.1,5,0.0,412.4680000000001,0
9208,CA-2017-140781,2017-08-03,2017-08-07,Standard Class,AB-10105,Adrian Barton,Consumer,United States,Bloomington,Illinois,61701,Central,TEC-AC-10000682,Technology,Accessories,Kensington K72356US Mouse-in-a-Box USB Desktop Mouse,39.816,3,0.2,7.465499999999999,0
9271,US-2017-102183,2017-08-21,2017-08-28,Standard Class,PK-19075,Pete Kriz,Consumer,United States,New York City,New York,10035,East,OFF-BI-10001359,Office Supplies,Binders,GBC DocuBind TL300 Electric Binding System,4305.552000000001,6,0.2,1453.1237999999996,0
9386,CA-2017-163097,2017-08-27,2017-08-31,Standard Class,SF-20200,Sarah Foster,Consumer,United States,Mesa,Arizona,85204,West,FUR-FU-10004973,Furniture,Furnishings,Flat Face Poster Frame,120.57600000000001,8,0.2,33.1584,0
9585,CA-2017-132584,2017-08-26,2017-08-27,First Class,HJ-14875,Heather Jas,Home Office,United States,Detroit,Michigan,48234,Central,OFF-ST-10000344,Office Supplies,Storage,"Neat Ideas Personal Hanging Folder Files, Black",53.72,4,0.0,13.967199999999998,0
9664,CA-2017-132619,2017-08-31,2017-09-05,Standard Class,MS-17770,Maxwell Schwartz,Consumer,United States,San Francisco,California,94109,West,OFF-ST-10001511,Office Supplies,Storage,Space Solutions Commercial Steel Shelving,193.95000000000002,3,0.0,9.697499999999984,0
9901,CA-2017-117646,2017-08-21,2017-08-25,Standard Class,SC-20845,Sung Chung,Consumer,United States,Louisville,Colorado,80027,West,OFF-ST-10000036,Office Supplies,Storage,"Recycled Data-Pak for Archival Bound Computer Printouts, 12-1/2 x 12-1/2 x 16",237.09600000000003,3,0.2,20.745899999999985,0
9902,CA-2017-117646,2017-08-21,2017-08-25,Standard Class,SC-20845,Sung Chung,Consumer,United States,Louisville,Colorado,80027,West,FUR-FU-10001037,Furniture,Furnishings,"DAX Charcoal/Nickel-Tone Document Frame, 5 x 7",22.752000000000002,3,0.2,7.109999999999999,0
