Row ID,Order ID,Order Date,Ship Date,Ship Mode,Customer ID,Customer Name,Segment,Country,City,State,Postal Code,Region,Product ID,Category,Sub-Category,Product Name,Sales,Quantity,Discount,Profit,Data_origen
76,US-2017-118038,2017-12-09,2017-12-11,First Class,KB-16600,Ken Brennan,Corporate,United States,Houston,Texas,77041,Central,OFF-BI-10004182,Office Supplies,Binders,Economy Binders,1.2479999999999998,3,0.8,-1.9344000000000006,0
78,US-2017-118038,2017-12-09,2017-12-11,First Class,KB-16600,Ken Brennan,Corporate,United States,Houston,Texas,77041,Central,OFF-ST-10000615,Office Supplies,Storage,"SimpliFile Personal File, Black Granite, 15w x 6-15/16d x 11-1/4h",27.240000000000002,3,0.2,2.724000000000002,0
145,CA-2017-155376,2017-12-22,2017-12-27,Standard Class,SG-20080,Sandra Glassco,Consumer,United States,Independence,Missouri,64055,Central,OFF-AP-10001058,Office Supplies,Appliances,Sanyo 2.5 Cubic Foot Mid-Size Office Refrigerators,839.4300000000001,3,0.0,218.25179999999997,0
204,US-2017-116701,2017-12-17,2017-12-21,Second Class,LC-17140,Logan Currie,Consumer,United States,Dallas,Texas,75220,Central,OFF-AP-10003217,Office Supplies,Appliances,Eureka Sanitaire  Commercial Upright,66.28399999999999,2,0.8,-178.9668,0
206,CA-2017-108329,2017-12-09,2017-12-14,Standard Class,LE-16810,Laurel Elliston,Consumer,United States,Whittier,California,90604,West,TEC-PH-10001918,Technology,Phones,Nortel Business Series Terminal T7208 Digital phone,444.76800000000003,4,0.2,44.476800000000026,0
207,CA-2017-135860,2017-12-01,2017-12-07,Standard Class,JH-15985,Joseph Holt,Consumer,United States,Saginaw,Michigan,48601,Central,OFF-ST-10000642,Office Supplies,Storage,"Tennsco Lockers, Gray",83.92,4,0.0,5.874399999999994,0
210,CA-2017-135860,2017-12-01,2017-12-07,Standard Class,JH-15985,Joseph Holt,Consumer,United States,Saginaw,Michigan,48601,Central,OFF-FA-10000134,Office Supplies,Fasteners,"Advantus Push Pins, Aluminum Head",52.29,9,0.0,16.209899999999998,0
211,CA-2017-135860,2017-12-01,2017-12-07,Standard Class,JH-15985,Joseph Holt,Consumer,United States,Saginaw,Michigan,48601,Central,OFF-ST-10001522,Office Supplies,Storage,"Gould Plastics 18-Pocket Panel Bin, 34w x 5-1/4d x 20-1/2h",91.99,1,0.0,3.6795999999999935,0
259,CA-2017-163139,2017-12-01,2017-12-03,Second Class,CC-12670,Craig Carreira,Consumer,United States,New York City,New York,10009,East,TEC-AC-10000290,Technology,Accessories,Sabrent 4-Port USB 2.0 Hub,20.37,3,0.0,6.925800000000001,0
261,CA-2017-163139,2017-12-01,2017-12-03,Second Class,CC-12670,Craig Carreira,Consumer,United States,New York City,New York,10009,East,OFF-BI-10003460,Office Supplies,Binders,Acco 3-Hole Punch,17.52,5,0.2,6.131999999999999,0
270,US-2017-145366,2017-12-09,2017-12-13,Standard Class,CA-12310,Christine Abelman,Corporate,United States,Cincinnati,Ohio,45231,East,OFF-EN-10004386,Office Supplies,Envelopes,"Recycled Interoffice Envelopes with String and Button Closure, 10 x 13",57.576,3,0.2,21.591,0
271,CA-2017-163979,2017-12-28,2018-01-02,Second Class,KH-16690,Kristen Hastings,Corporate,United States,San Francisco,California,94110,West,OFF-ST-10003208,Office Supplies,Storage,Adjustable Depth Letter/Legal Cart,725.84,4,0.0,210.4935999999999,0
405,CA-2017-117933,2017-12-24,2017-12-29,Standard Class,RF-19840,Roy Französisch,Consumer,United States,New York City,New York,10024,East,OFF-AP-10004249,Office Supplies,Appliances,Staple holder,35.910000000000004,3,0.0,9.695699999999999,0
408,CA-2017-117457,2017-12-08,2017-12-12,Standard Class,KH-16510,Keith Herrera,Consumer,United States,San Francisco,California,94110,West,OFF-PA-10003724,Office Supplies,Paper,"Wirebound Message Book, 4 per Page",27.15,5,0.0,13.3035,0
410,CA-2017-117457,2017-12-08,2017-12-12,Standard Class,KH-16510,Keith Herrera,Consumer,United States,San Francisco,California,94110,West,OFF-PA-10002893,Office Supplies,Paper,"Wirebound Service Call Books, 5 1/2"" x 4""",9.68,1,0.0,4.6464,0
411,CA-2017-117457,2017-12-08,2017-12-12,Standard Class,KH-16510,Keith Herrera,Consumer,United States,San Francisco,California,94110,West,OFF-LA-10003766,Office Supplies,Labels,Self-Adhesive Removable Labels,28.349999999999998,9,0.0,13.608,0
413,CA-2017-117457,2017-12-08,2017-12-12,Standard Class,KH-16510,Keith Herrera,Consumer,United States,San Francisco,California,94110,West,FUR-BO-10001972,Furniture,Bookcases,O'Sullivan 4-Shelf Bookcase in Odessa Pine,1336.829,13,0.15,31.45479999999995,0
573,CA-2017-164826,2017-12-28,2018-01-04,Standard Class,JF-15415,Jennifer Ferguson,Consumer,United States,New York City,New York,10024,East,OFF-BI-10001922,Office Supplies,Binders,Storex Dura Pro Binders,33.264,7,0.2,11.2266,0
583,CA-2017-145233,2017-12-01,2017-12-05,Standard Class,DV-13465,Dianna Vittorini,Consumer,United States,Denver,Colorado,80219,West,TEC-PH-10000586,Technology,Phones,AT&T SB67148 SynJ,105.584,2,0.2,9.238600000000005,0
584,CA-2017-145233,2017-12-01,2017-12-05,Standard Class,DV-13465,Dianna Vittorini,Consumer,United States,Denver,Colorado,80219,West,OFF-AP-10000358,Office Supplies,Appliances,Fellowes Basic Home/Office Series Surge Protectors,31.152,3,0.2,3.5045999999999964,0
585,CA-2017-145233,2017-12-01,2017-12-05,Standard Class,DV-13465,Dianna Vittorini,Consumer,United States,Denver,Colorado,80219,West,OFF-BI-10002764,Office Supplies,Binders,Recycled Pressboard Report Cover with Reinforced Top Hinge,6.783,7,0.7,-4.748099999999997,0
586,CA-2017-145233,2017-12-01,2017-12-05,Standard Class,DV-13465,Dianna Vittorini,Consumer,United States,Denver,Colorado,80219,West,TEC-PH-10001254,Technology,Phones,Jabra BIZ 2300 Duo QD Duo Corded Headset,406.368,4,0.2,30.47759999999998,0
689,CA-2017-161480,2017-12-25,2017-12-29,Standard Class,RA-19285,Ralph Arnett,Consumer,United States,New York City,New York,10035,East,FUR-BO-10004015,Furniture,Bookcases,"Bush Andora Bookcase, Maple/Graphite Gray Finish",191.984,2,0.2,4.799599999999977,0
883,US-2017-123463,2017-12-23,2017-12-23,Same Day,GZ-14470,Gary Zandusky,Consumer,United States,San Francisco,California,94109,West,OFF-AR-10001118,Office Supplies,Art,"Binney & Smith Crayola Metallic Crayons, 16-Color Pack",13.48,4,0.0,5.931200000000001,0
907,CA-2017-143259,2017-12-30,2018-01-03,Standard Class,PO-18865,Patrick O'Donnell,Consumer,United States,New York City,New York,10009,East,FUR-BO-10003441,Furniture,Bookcases,"Bush Westfield Collection Bookcases, Fully Assembled",323.136,4,0.2,12.117599999999968,0
1009,US-2017-106705,2017-12-26,2018-01-01,Standard Class,PO-18850,Patrick O'Brill,Consumer,United States,Burlington,Iowa,52601,Central,OFF-PA-10001509,Office Supplies,Paper,"Recycled Desk Saver Line ""While You Were Out"" Book, 5 1/2"" X 4""",44.75,5,0.0,20.584999999999994,0
1025,CA-2017-106964,2017-12-17,2017-12-20,First Class,HR-14770,Hallie Redmond,Home Office,United States,Los Angeles,California,90045,West,OFF-BI-10000320,Office Supplies,Binders,GBC Plastic Binding Combs,11.808,2,0.2,4.2804,0
1058,CA-2017-167150,2017-12-10,2017-12-17,Standard Class,BP-11185,Ben Peterman,Corporate,United States,San Diego,California,92037,West,OFF-BI-10001097,Office Supplies,Binders,Avery Hole Reinforcements,19.936000000000003,4,0.2,7.2268,0
1114,CA-2017-140585,2017-12-18,2017-12-23,Second Class,RA-19915,Russell Applegate,Consumer,United States,Encinitas,California,92024,West,OFF-BI-10003364,Office Supplies,Binders,Binding Machine Supplies,46.672000000000004,2,0.2,16.3352,0
1168,CA-2017-145226,2017-12-08,2017-12-10,Second Class,DL-13315,Delfina Latchford,Consumer,United States,New York City,New York,10035,East,FUR-FU-10004952,Furniture,Furnishings,"C-Line Cubicle Keepers Polyproplyene Holder w/Velcro Back, 8-1/2x11, 25/Bx",109.48,2,0.0,33.9388,0
1169,CA-2017-145226,2017-12-08,2017-12-10,Second Class,DL-13315,Delfina Latchford,Consumer,United States,New York City,New York,10035,East,OFF-ST-10004123,Office Supplies,Storage,Safco Industrial Wire Shelving System,272.94,3,0.0,0.0,0
1171,CA-2017-145226,2017-12-08,2017-12-10,Second Class,DL-13315,Delfina Latchford,Consumer,United States,New York City,New York,10035,East,OFF-ST-10002352,Office Supplies,Storage,Iris Project Case,31.92,4,0.0,8.299199999999999,0
1249,CA-2017-115602,2017-12-18,2017-12-24,Standard Class,DJ-13630,Doug Jacobs,Consumer,United States,New York City,New York,10009,East,OFF-AR-10002280,Office Supplies,Art,Staples in misc. colors,38.82,6,0.0,17.468999999999998,0
1250,CA-2017-115602,2017-12-18,2017-12-24,Standard Class,DJ-13630,Doug Jacobs,Consumer,United States,New York City,New York,10009,East,FUR-CH-10001708,Furniture,Chairs,Office Star - Contemporary Swivel Chair with Padded Adjustable Arms and Flex Back,1141.9379999999999,9,0.1,139.5701999999999,0
1252,CA-2017-115602,2017-12-18,2017-12-24,Standard Class,DJ-13630,Doug Jacobs,Consumer,United States,New York City,New York,10009,East,OFF-AR-10000462,Office Supplies,Art,Sanford Pocket Accent Highlighters,3.2,2,0.0,1.3760000000000003,0
1297,CA-2017-115427,2017-12-30,2018-01-03,Standard Class,EB-13975,Erica Bern,Corporate,United States,Fairfield,California,94533,West,OFF-BI-10002103,Office Supplies,Binders,"Cardinal Slant-D Ring Binder, Heavy Gauge Vinyl",13.904,2,0.2,4.5188,0
1298,CA-2017-115427,2017-12-30,2018-01-03,Standard Class,EB-13975,Erica Bern,Corporate,United States,Fairfield,California,94533,West,OFF-BI-10004632,Office Supplies,Binders,GBC Binding covers,20.72,2,0.2,6.474999999999998,0
1442,CA-2017-128160,2017-12-19,2017-12-24,Second Class,MM-17920,Michael Moore,Consumer,United States,San Francisco,California,94110,West,OFF-BI-10001510,Office Supplies,Binders,Deluxe Heavy-Duty Vinyl Round Ring Binder,36.672000000000004,2,0.2,11.459999999999999,0
1509,CA-2017-108294,2017-12-10,2017-12-10,Same Day,LS-16975,Lindsay Shagiari,Home Office,United States,Omaha,Nebraska,68104,Central,OFF-BI-10004965,Office Supplies,Binders,Ibico Covers for Plastic or Wire Binding Elements,34.5,3,0.0,15.524999999999999,0
1516,US-2017-160759,2017-12-11,2017-12-17,Standard Class,AI-10855,Arianne Irving,Consumer,United States,Philadelphia,Pennsylvania,19120,East,FUR-CH-10002961,Furniture,Chairs,"Leather Task Chair, Black",63.686,1,0.3,-9.098000000000003,0
1517,CA-2017-148446,2017-12-10,2017-12-14,Second Class,MC-17845,Michael Chen,Consumer,United States,North Las Vegas,Nevada,89031,West,FUR-TA-10004256,Furniture,Tables,Bretford “Just In Time” Height-Adjustable Multi-Task Work Tables,1669.6,4,0.0,116.87199999999984,0
1691,CA-2017-129833,2017-12-09,2017-12-15,Standard Class,HF-14995,Herbert Flentye,Consumer,United States,Indianapolis,Indiana,46203,Central,OFF-PA-10000575,Office Supplies,Paper,"Wirebound Message Books, Four 2 3/4 x 5 White Forms per Page",33.45,5,0.0,15.387,0
1753,CA-2017-116715,2017-12-02,2017-12-05,First Class,VW-21775,Victoria Wilson,Corporate,United States,San Francisco,California,94122,West,OFF-ST-10004340,Office Supplies,Storage,"Fellowes Mobile File Cart, Black",559.62,9,0.0,151.09740000000002,0
1754,CA-2017-116715,2017-12-02,2017-12-05,First Class,VW-21775,Victoria Wilson,Corporate,United States,San Francisco,California,94122,West,OFF-PA-10004475,Office Supplies,Paper,Xerox 1940,109.92,2,0.0,53.8608,0
1879,CA-2017-118885,2017-12-29,2018-01-02,Standard Class,JG-15160,James Galang,Consumer,United States,Los Angeles,California,90049,West,TEC-PH-10002563,Technology,Phones,Adtran 1202752G1,302.376,3,0.2,22.678200000000018,0
1893,CA-2017-145310,2017-12-22,2017-12-24,Second Class,JP-15520,Jeremy Pistek,Consumer,United States,Port Orange,Florida,32127,South,OFF-EN-10002621,Office Supplies,Envelopes,Staple envelope,7.824,1,0.2,2.9339999999999997,0
1925,CA-2017-126865,2017-12-05,2017-12-07,Second Class,NP-18325,Naresj Patel,Consumer,United States,San Diego,California,92024,West,OFF-PA-10003039,Office Supplies,Paper,Xerox 1960,92.94,3,0.0,41.82299999999999,0
1968,CA-2017-165841,2017-12-21,2017-12-28,Standard Class,DB-13210,Dean Braden,Consumer,United States,Paterson,New Jersey,7501,East,OFF-SU-10000898,Office Supplies,Supplies,"Acme Hot Forged Carbon Steel Scissors with Nickel-Plated Handles, 3 7/8"" Cut, 8""L",69.5,5,0.0,20.154999999999994,0
1969,CA-2017-165841,2017-12-21,2017-12-28,Standard Class,DB-13210,Dean Braden,Consumer,United States,Paterson,New Jersey,7501,East,OFF-PA-10001144,Office Supplies,Paper,Xerox 1913,166.44,3,0.0,79.8912,0
1996,US-2017-147221,2017-12-02,2017-12-04,Second Class,JS-16030,Joy Smith,Consumer,United States,Houston,Texas,77036,Central,OFF-AP-10002534,Office Supplies,Appliances,3.6 Cubic Foot Counter Height Office Refrigerator,294.61999999999995,5,0.8,-766.012,0
2056,CA-2017-120376,2017-12-22,2017-12-25,First Class,TP-21130,Theone Pippenger,Consumer,United States,Detroit,Michigan,48227,Central,TEC-AC-10001114,Technology,Accessories,Microsoft Wireless Mobile Mouse 4000,199.95000000000002,5,0.0,63.98399999999999,0
2058,CA-2017-120376,2017-12-22,2017-12-25,First Class,TP-21130,Theone Pippenger,Consumer,United States,Detroit,Michigan,48227,Central,TEC-AC-10000844,Technology,Accessories,Logitech Gaming G510s - Keyboard,84.99,1,0.0,30.596399999999996,0
2059,CA-2017-120376,2017-12-22,2017-12-25,First Class,TP-21130,Theone Pippenger,Consumer,United States,Detroit,Michigan,48227,Central,FUR-TA-10004534,Furniture,Tables,Bevis 44 x 96 Conference Tables,411.8,2,0.0,70.00599999999997,0
2126,CA-2017-144862,2017-12-01,2017-12-05,Standard Class,EH-14005,Erica Hernandez,Home Office,United States,Philadelphia,Pennsylvania,19143,East,TEC-PH-10000923,Technology,Phones,"Belkin SportFit Armband For iPhone 5s/5c, Fuchsia",62.958,7,0.4,9.4437,0
2269,CA-2017-105480,2017-12-20,2017-12-26,Standard Class,DK-13225,Dean Katz,Corporate,United States,Rochester,New York,14609,East,OFF-PA-10002787,Office Supplies,Paper,Xerox 227,6.48,1,0.0,3.1104000000000003,0
2271,CA-2017-164917,2017-12-02,2017-12-07,Standard Class,MK-17905,Michael Kennedy,Corporate,United States,Miami,Florida,33180,South,OFF-AR-10004344,Office Supplies,Art,Bulldog Vacuum Base Pencil Sharpener,47.96,5,0.2,4.196499999999995,0
2295,CA-2017-127929,2017-12-23,2017-12-27,Standard Class,FM-14215,Filia McAdams,Corporate,United States,Middletown,Connecticut,6457,East,FUR-FU-10003708,Furniture,Furnishings,"Tenex Traditional Chairmats for Medium Pile Carpet, Standard Lip, 36"" x 48""",181.95,3,0.0,38.2095,0
2336,CA-2017-152695,2017-12-10,2017-12-10,Same Day,CC-12220,Chris Cortes,Consumer,United States,Fairfield,Connecticut,6824,East,OFF-EN-10004030,Office Supplies,Envelopes,Convenience Packs of Business Envelopes,10.86,3,0.0,5.1042000000000005,0
2337,CA-2017-152695,2017-12-10,2017-12-10,Same Day,CC-12220,Chris Cortes,Consumer,United States,Fairfield,Connecticut,6824,East,OFF-AP-10000026,Office Supplies,Appliances,Tripp Lite Isotel 6 Outlet Surge Protector with Fax/Modem Protection,426.78999999999996,7,0.0,123.76909999999995,0
2349,CA-2017-109701,2017-12-02,2017-12-03,Same Day,AM-10360,Alice McCarthy,Corporate,United States,Los Angeles,California,90032,West,OFF-BI-10004187,Office Supplies,Binders,3-ring staple pack,9.024000000000001,6,0.2,3.1583999999999985,0
2350,CA-2017-109701,2017-12-02,2017-12-03,Same Day,AM-10360,Alice McCarthy,Corporate,United States,Los Angeles,California,90032,West,OFF-BI-10000632,Office Supplies,Binders,Satellite Sectional Post Binders,69.456,2,0.2,22.573199999999996,0
2351,CA-2017-109701,2017-12-02,2017-12-03,Same Day,AM-10360,Alice McCarthy,Corporate,United States,Los Angeles,California,90032,West,OFF-PA-10003724,Office Supplies,Paper,"Wirebound Message Book, 4 per Page",10.86,2,0.0,5.3214,0
2353,CA-2017-109701,2017-12-02,2017-12-03,Same Day,AM-10360,Alice McCarthy,Corporate,United States,Los Angeles,California,90032,West,OFF-AR-10001868,Office Supplies,Art,Prang Dustless Chalk Sticks,10.08,6,0.0,5.04,0
2424,US-2017-147669,2017-12-25,2017-12-30,Standard Class,SV-20935,Susan Vittorini,Consumer,United States,Fairfield,Ohio,45014,East,TEC-AC-10002473,Technology,Accessories,Maxell 4.7GB DVD-R,158.928,7,0.2,41.718599999999995,0
2425,US-2017-147669,2017-12-25,2017-12-30,Standard Class,SV-20935,Susan Vittorini,Consumer,United States,Fairfield,Ohio,45014,East,OFF-BI-10000632,Office Supplies,Binders,Satellite Sectional Post Binders,13.023000000000001,1,0.7,-10.418399999999998,0
2426,US-2017-147669,2017-12-25,2017-12-30,Standard Class,SV-20935,Susan Vittorini,Consumer,United States,Fairfield,Ohio,45014,East,FUR-TA-10002645,Furniture,Tables,Hon Rectangular Conference Tables,273.06,2,0.4,-104.67300000000006,0
2432,CA-2017-129805,2017-12-28,2018-01-02,Standard Class,HM-14860,Harry Marie,Corporate,United States,Seattle,Washington,98103,West,FUR-FU-10001935,Furniture,Furnishings,3M Hangers With Command Adhesive,7.4,2,0.0,3.0340000000000007,0
2464,CA-2017-148691,2017-12-03,2017-12-09,Standard Class,CS-12460,Chuck Sachs,Consumer,United States,New York City,New York,10009,East,OFF-BI-10001553,Office Supplies,Binders,SpineVue Locking Slant-D Ring Binders by Cardinal,14.624000000000002,2,0.2,5.118399999999999,0
2466,CA-2017-148691,2017-12-03,2017-12-09,Standard Class,CS-12460,Chuck Sachs,Consumer,United States,New York City,New York,10009,East,OFF-LA-10001317,Office Supplies,Labels,Avery 520,3.15,1,0.0,1.512,0
2482,CA-2017-147956,2017-12-24,2017-12-31,Standard Class,AH-10210,Alan Hwang,Consumer,United States,Seattle,Washington,98105,West,OFF-ST-10001097,Office Supplies,Storage,Office Impressions Heavy Duty Welded Shelving & Multimedia Storage Drawers,1003.6200000000001,6,0.0,0.0,0
2513,CA-2017-155089,2017-12-02,2017-12-06,Standard Class,DB-12910,Daniel Byrd,Home Office,United States,Tampa,Florida,33614,South,OFF-BI-10002429,Office Supplies,Binders,"Premier Elliptical Ring Binder, Black",45.66000000000001,5,0.7,-33.483999999999995,0
2570,CA-2017-134404,2017-12-27,2017-12-27,Same Day,DR-12880,Dan Reichenbach,Corporate,United States,Newark,Ohio,43055,East,TEC-PH-10000576,Technology,Phones,AT&T 1080 Corded phone,164.388,2,0.4,-35.6174,0
2571,CA-2017-134404,2017-12-27,2017-12-27,Same Day,DR-12880,Dan Reichenbach,Corporate,United States,Newark,Ohio,43055,East,OFF-AR-10004441,Office Supplies,Art,BIC Brite Liner Highlighters,13.248,4,0.2,3.6431999999999998,0
2619,CA-2017-115931,2017-12-22,2017-12-26,Standard Class,JM-15655,Jim Mitchum,Corporate,United States,Carlsbad,New Mexico,88220,West,OFF-AR-10000369,Office Supplies,Art,Design Ebony Sketching Pencil,4.17,3,0.0,1.0841999999999998,0
2621,CA-2017-115931,2017-12-22,2017-12-26,Standard Class,JM-15655,Jim Mitchum,Corporate,United States,Carlsbad,New Mexico,88220,West,OFF-ST-10000876,Office Supplies,Storage,Eldon Simplefile Box Office,37.32,3,0.0,10.4496,0
2675,CA-2017-136875,2017-12-03,2017-12-03,Same Day,TC-21295,Toby Carlisle,Consumer,United States,San Diego,California,92024,West,OFF-PA-10000357,Office Supplies,Paper,Xerox 1888,166.44,3,0.0,79.8912,0
2691,CA-2017-156412,2017-12-04,2017-12-08,Standard Class,CM-12160,Charles McCrossin,Consumer,United States,Philadelphia,Pennsylvania,19134,East,OFF-BI-10004364,Office Supplies,Binders,Storex Dura Pro Binders,5.346000000000002,3,0.7,-4.455,0
2719,CA-2017-144827,2017-12-21,2017-12-27,Standard Class,SE-20110,Sanjit Engle,Consumer,United States,Costa Mesa,California,92627,West,OFF-ST-10004340,Office Supplies,Storage,"Fellowes Mobile File Cart, Black",124.36,2,0.0,33.577200000000005,0
2773,CA-2017-158967,2017-12-10,2017-12-12,First Class,BT-11680,Brian Thompson,Consumer,United States,Fort Lauderdale,Florida,33311,South,FUR-FU-10001940,Furniture,Furnishings,Staple-based wall hangings,19.104,3,0.2,5.731200000000001,0
2852,CA-2017-107342,2017-12-17,2017-12-22,Standard Class,VF-21715,Vicky Freymann,Home Office,United States,Columbus,Indiana,47201,Central,OFF-PA-10001745,Office Supplies,Paper,"Wirebound Message Books, 2 7/8"" x 5"", 3 Forms per Page",28.16,4,0.0,13.235199999999999,0
2887,CA-2017-102099,2017-12-18,2017-12-19,First Class,EP-13915,Emily Phan,Consumer,United States,Los Angeles,California,90008,West,OFF-AR-10003811,Office Supplies,Art,Newell 327,6.63,3,0.0,1.7901,0
2888,CA-2017-102099,2017-12-18,2017-12-19,First Class,EP-13915,Emily Phan,Consumer,United States,Los Angeles,California,90008,West,OFF-PA-10003172,Office Supplies,Paper,Xerox 1996,12.96,2,0.0,6.2208000000000006,0
2949,CA-2017-169859,2017-12-14,2017-12-18,Standard Class,MP-18175,Mike Pelletier,Home Office,United States,San Diego,California,92024,West,OFF-EN-10000461,Office Supplies,Envelopes,"#10- 4 1/8"" x 9 1/2"" Recycled Envelopes",43.7,5,0.0,20.539,0
2963,CA-2017-137428,2017-12-16,2017-12-21,Second Class,AY-10555,Andy Yotov,Corporate,United States,Oceanside,California,92054,West,FUR-CH-10002774,Furniture,Chairs,"Global Deluxe Stacking Chair, Gray",81.568,2,0.2,9.176399999999997,0
2964,CA-2017-137428,2017-12-16,2017-12-21,Second Class,AY-10555,Andy Yotov,Corporate,United States,Oceanside,California,92054,West,FUR-CH-10003817,Furniture,Chairs,"Global Value Steno Chair, Gray",97.18400000000001,2,0.2,6.074000000000002,0
2974,CA-2017-111808,2017-12-16,2017-12-20,Standard Class,AR-10510,Andrew Roberts,Consumer,United States,Tulsa,Oklahoma,74133,Central,OFF-BI-10004656,Office Supplies,Binders,Peel & Stick Add-On Corner Pockets,10.8,5,0.0,5.183999999999999,0
3171,CA-2017-107461,2017-12-21,2017-12-26,Second Class,PK-19075,Pete Kriz,Consumer,United States,Columbia,South Carolina,29203,South,OFF-BI-10002003,Office Supplies,Binders,Ibico Presentation Index for Binding Systems,23.88,6,0.0,11.223600000000001,0
3180,CA-2017-105235,2017-12-05,2017-12-11,Standard Class,SM-20950,Suzanne McNair,Corporate,United States,New York City,New York,10011,East,FUR-FU-10000521,Furniture,Furnishings,"Seth Thomas 14"" Putty-Colored Wall Clock",58.68,2,0.0,18.190799999999996,0
3181,CA-2017-105235,2017-12-05,2017-12-11,Standard Class,SM-20950,Suzanne McNair,Corporate,United States,New York City,New York,10011,East,OFF-AP-10001271,Office Supplies,Appliances,Eureka The Boss Cordless Rechargeable Stick Vac,254.89999999999998,5,0.0,68.82300000000001,0
3247,US-2017-140907,2017-12-10,2017-12-12,Second Class,BP-11185,Ben Peterman,Corporate,United States,Seattle,Washington,98103,West,OFF-ST-10000060,Office Supplies,Storage,Fellowes Bankers Box Staxonsteel Drawer File/Stacking System,324.90000000000003,5,0.0,38.988000000000014,0
3248,US-2017-140907,2017-12-10,2017-12-12,Second Class,BP-11185,Ben Peterman,Corporate,United States,Seattle,Washington,98103,West,OFF-AR-10000799,Office Supplies,Art,Col-Erase Pencils with Erasers,18.240000000000002,3,0.0,5.289599999999998,0
3315,CA-2017-169978,2017-12-24,2017-12-28,Standard Class,HG-15025,Hunter Glantz,Consumer,United States,Oceanside,New York,11572,East,FUR-CH-10002602,Furniture,Chairs,DMI Arturo Collection Mission-style Design Wood Chair,271.764,2,0.1,48.31360000000001,0
3431,CA-2017-148264,2017-12-08,2017-12-09,First Class,LF-17185,Luke Foster,Consumer,United States,Inglewood,California,90301,West,OFF-ST-10003327,Office Supplies,Storage,Akro-Mils 12-Gallon Tote,29.79,3,0.0,8.639099999999996,0
3433,CA-2017-148264,2017-12-08,2017-12-09,First Class,LF-17185,Luke Foster,Consumer,United States,Inglewood,California,90301,West,OFF-PA-10003651,Office Supplies,Paper,Xerox 1968,60.12,9,0.0,28.857599999999998,0
3434,CA-2017-131212,2017-12-05,2017-12-09,Standard Class,AB-10165,Alan Barnes,Consumer,United States,Bellevue,Washington,98006,West,OFF-BI-10001617,Office Supplies,Binders,GBC Wire Binding Combs,24.816000000000003,3,0.2,8.375399999999999,0
3526,CA-2017-148922,2017-12-10,2017-12-15,Second Class,SU-20665,Stephanie Ulpright,Home Office,United States,Jackson,Mississippi,39212,South,TEC-AC-10001838,Technology,Accessories,Razer Tiamat Over Ear 7.1 Surround Sound PC Gaming Headset,599.97,3,0.0,257.98710000000005,0
3528,CA-2017-148922,2017-12-10,2017-12-15,Second Class,SU-20665,Stephanie Ulpright,Home Office,United States,Jackson,Mississippi,39212,South,OFF-BI-10003476,Office Supplies,Binders,Avery Metallic Poly Binders,45.84,8,0.0,22.0032,0
3546,CA-2017-121216,2017-12-23,2017-12-25,Second Class,MM-17920,Michael Moore,Consumer,United States,College Station,Texas,77840,Central,OFF-AP-10001947,Office Supplies,Appliances,Acco 6 Outlet Guardian Premium Plus Surge Suppressor,29.311999999999994,8,0.8,-74.74560000000001,0
3557,CA-2017-118542,2017-12-01,2017-12-05,Standard Class,CC-12550,Clay Cheatham,Consumer,United States,Los Angeles,California,90008,West,OFF-PA-10004735,Office Supplies,Paper,Xerox 1905,45.36,7,0.0,21.772800000000004,0
3589,CA-2017-158729,2017-12-19,2017-12-21,First Class,AC-10450,Amy Cox,Consumer,United States,Lafayette,Louisiana,70506,South,OFF-SU-10002881,Office Supplies,Supplies,Martin Yale Chadless Opener Electric Letter Opener,1665.62,2,0.0,33.312400000000025,0
3596,CA-2017-148012,2017-12-09,2017-12-15,Standard Class,KM-16225,Kalyca Meade,Corporate,United States,Philadelphia,Pennsylvania,19143,East,OFF-AR-10004757,Office Supplies,Art,Crayola Colored Pencils,2.624,1,0.2,0.4263999999999998,0
3651,CA-2017-109960,2017-12-09,2017-12-11,Second Class,DB-13210,Dean Braden,Consumer,United States,Detroit,Michigan,48234,Central,TEC-AC-10004859,Technology,Accessories,"Maxell Pro 80 Minute CD-R, 10/Pack",104.88,6,0.0,41.952000000000005,0
3652,CA-2017-109960,2017-12-09,2017-12-11,Second Class,DB-13210,Dean Braden,Consumer,United States,Detroit,Michigan,48234,Central,OFF-AR-10001860,Office Supplies,Art,BIC Liqua Brite Liner,34.7,5,0.0,12.492,0
3897,CA-2017-134285,2017-12-07,2017-12-12,Standard Class,DS-13180,David Smith,Corporate,United States,San Antonio,Texas,78207,Central,OFF-FA-10000611,Office Supplies,Fasteners,Binder Clips by OIC,3.5519999999999996,3,0.2,1.2431999999999999,0
3898,CA-2017-134285,2017-12-07,2017-12-12,Standard Class,DS-13180,David Smith,Corporate,United States,San Antonio,Texas,78207,Central,OFF-PA-10000304,Office Supplies,Paper,Xerox 1995,15.552000000000003,3,0.2,5.4432,0
4031,CA-2017-124296,2017-12-24,2017-12-28,Standard Class,CS-12355,Christine Sundaresam,Consumer,United States,Lafayette,Louisiana,70506,South,FUR-CH-10002439,Furniture,Chairs,"Iceberg Nesting Folding Chair, 19w x 6d x 43h",232.88,4,0.0,60.5488,0
4141,CA-2017-127313,2017-12-01,2017-12-04,First Class,RA-19285,Ralph Arnett,Consumer,United States,Philadelphia,Pennsylvania,19120,East,FUR-FU-10003798,Furniture,Furnishings,"Ultra Door Kickplate, 8""H x 34""W",79.12,5,0.2,13.845999999999997,0
4240,CA-2017-158673,2017-12-29,2018-01-04,Standard Class,KB-16600,Ken Brennan,Corporate,United States,Grand Rapids,Michigan,49505,Central,OFF-PA-10000994,Office Supplies,Paper,Xerox 1915,209.7,2,0.0,100.65599999999999,0
4353,CA-2017-107748,2017-12-10,2017-12-12,Second Class,AG-10330,Alex Grayson,Consumer,United States,Stockton,California,95207,West,TEC-PH-10003215,Technology,Phones,Jackery Bar Premium Fast-charging Portable Charger,95.84,4,0.2,34.742,0
4567,US-2017-149510,2017-12-03,2017-12-10,Standard Class,MC-17575,Matt Collins,Consumer,United States,Fayetteville,North Carolina,28314,South,OFF-BI-10004233,Office Supplies,Binders,"GBC Pre-Punched Binding Paper, Plastic, White, 8-1/2"" x 11""",28.782000000000004,6,0.7,-21.1068,0
4568,US-2017-149510,2017-12-03,2017-12-10,Standard Class,MC-17575,Matt Collins,Consumer,United States,Fayetteville,North Carolina,28314,South,OFF-PA-10001892,Office Supplies,Paper,"Rediform Wirebound ""Phone Memo"" Message Book, 11 x 5-3/4",24.448,4,0.2,8.8624,0
4717,CA-2017-143126,2017-12-03,2017-12-07,Second Class,CM-12655,Corinna Mitchell,Home Office,United States,Seattle,Washington,98115,West,FUR-TA-10002958,Furniture,Tables,"Bevis Oval Conference Table, Walnut",521.96,2,0.0,88.73319999999995,0
4922,CA-2017-114055,2017-12-25,2017-12-29,Second Class,MH-18115,Mick Hernandez,Home Office,United States,Huntsville,Alabama,35810,South,OFF-PA-10004381,Office Supplies,Paper,14-7/8 x 11 Blue Bar Computer Printout Paper,96.08,2,0.0,46.118399999999994,0
4925,CA-2017-114055,2017-12-25,2017-12-29,Second Class,MH-18115,Mick Hernandez,Home Office,United States,Huntsville,Alabama,35810,South,TEC-PH-10002890,Technology,Phones,AT&T 17929 Lendline Telephone,90.48,2,0.0,23.5248,0
4928,CA-2017-143245,2017-12-01,2017-12-06,Standard Class,AD-10180,Alan Dominguez,Home Office,United States,Fairfield,Connecticut,6824,East,OFF-PA-10001972,Office Supplies,Paper,Xerox 214,19.44,3,0.0,9.3312,0
5132,CA-2017-146626,2017-12-29,2018-01-05,Standard Class,BP-11185,Ben Peterman,Corporate,United States,Anaheim,California,92804,West,FUR-FU-10002501,Furniture,Furnishings,Nu-Dell Executive Frame,101.12,8,0.0,37.4144,0
5148,CA-2017-128734,2017-12-24,2017-12-31,Standard Class,JL-15175,James Lanier,Home Office,United States,Chandler,Arizona,85224,West,FUR-FU-10001731,Furniture,Furnishings,Acrylic Self-Standing Desk Frames,8.544,4,0.2,1.9223999999999997,0
5276,CA-2017-147333,2017-12-14,2017-12-20,Standard Class,KL-16555,Kelly Lampkin,Corporate,United States,Fayetteville,Arkansas,72701,South,TEC-AC-10004469,Technology,Accessories,Microsoft Sculpt Comfort Mouse,159.8,4,0.0,70.31200000000001,0
5408,CA-2017-108854,2017-12-08,2017-12-14,Standard Class,DM-13345,Denise Monton,Corporate,United States,San Francisco,California,94109,West,OFF-PA-10003022,Office Supplies,Paper,Standard Line “While You Were Out” Hardbound Telephone Message Book,87.92,4,0.0,40.4432,0
5409,CA-2017-108854,2017-12-08,2017-12-14,Standard Class,DM-13345,Denise Monton,Corporate,United States,San Francisco,California,94109,West,OFF-BI-10002854,Office Supplies,Binders,"Performers Binder/Pad Holder, Black",22.424000000000003,1,0.2,8.408999999999999,0
5458,CA-2017-130631,2017-12-29,2018-01-02,Standard Class,BS-11755,Bruce Stewart,Consumer,United States,Edmonds,Washington,98026,West,FUR-FU-10004093,Furniture,Furnishings,Hand-Finished Solid Wood Document Frame,68.46,2,0.0,20.537999999999997,0
5472,CA-2017-116946,2017-12-19,2017-12-23,Standard Class,TS-21505,Tony Sayre,Consumer,United States,Parker,Colorado,80134,West,FUR-FU-10000320,Furniture,Furnishings,OIC Stacking Trays,13.360000000000001,5,0.2,4.008000000000001,0
5473,CA-2017-116946,2017-12-19,2017-12-23,Standard Class,TS-21505,Tony Sayre,Consumer,United States,Parker,Colorado,80134,West,OFF-ST-10002554,Office Supplies,Storage,Tennsco Industrial Shelving,78.256,2,0.2,-17.607599999999998,0
5474,CA-2017-116946,2017-12-19,2017-12-23,Standard Class,TS-21505,Tony Sayre,Consumer,United States,Parker,Colorado,80134,West,FUR-BO-10000468,Furniture,Bookcases,O'Sullivan 2-Shelf Heavy-Duty Bookcases,102.01800000000001,7,0.7,-183.6323999999999,0
5519,CA-2017-117667,2017-12-04,2017-12-09,Standard Class,MS-17980,Michael Stewart,Corporate,United States,Philadelphia,Pennsylvania,19134,East,FUR-FU-10004093,Furniture,Furnishings,Hand-Finished Solid Wood Document Frame,54.768,2,0.2,6.8459999999999965,0
5520,CA-2017-117667,2017-12-04,2017-12-09,Standard Class,MS-17980,Michael Stewart,Corporate,United States,Philadelphia,Pennsylvania,19134,East,OFF-AR-10000716,Office Supplies,Art,DIXON Ticonderoga Erasable Checking Pencils,13.392000000000001,3,0.2,3.1806000000000005,0
5521,CA-2017-117667,2017-12-04,2017-12-09,Standard Class,MS-17980,Michael Stewart,Corporate,United States,Philadelphia,Pennsylvania,19134,East,OFF-PA-10002709,Office Supplies,Paper,Xerox 1956,23.92,5,0.2,8.671,0
5522,CA-2017-117667,2017-12-04,2017-12-09,Standard Class,MS-17980,Michael Stewart,Corporate,United States,Philadelphia,Pennsylvania,19134,East,TEC-AC-10000580,Technology,Accessories,Logitech G13 Programmable Gameboard with LCD Display,255.968,4,0.2,-28.796399999999984,0
5531,CA-2017-160885,2017-12-02,2017-12-06,Standard Class,JK-16090,Juliana Krohn,Consumer,United States,Omaha,Nebraska,68104,Central,TEC-PH-10001795,Technology,Phones,ClearOne CHATAttach 160 - speaker phone,2479.96,4,0.0,743.9879999999998,0
5728,CA-2017-117324,2017-12-08,2017-12-13,Standard Class,JP-15520,Jeremy Pistek,Consumer,United States,Madison,Wisconsin,53711,Central,TEC-AC-10003023,Technology,Accessories,Logitech G105 Gaming Keyboard,178.10999999999999,3,0.0,32.059799999999996,0
5732,CA-2017-117324,2017-12-08,2017-12-13,Standard Class,JP-15520,Jeremy Pistek,Consumer,United States,Madison,Wisconsin,53711,Central,OFF-PA-10002713,Office Supplies,Paper,"Adams Phone Message Book, 200 Message Capacity, 8 1/16” x 11”",27.52,4,0.0,12.659199999999998,0
6076,CA-2017-121398,2017-12-25,2017-12-29,Standard Class,FH-14365,Fred Hopkins,Corporate,United States,Los Angeles,California,90008,West,OFF-ST-10002756,Office Supplies,Storage,"Tennsco Stur-D-Stor Boltless Shelving, 5 Shelves, 24"" Deep, Sand",270.62,2,0.0,2.706200000000024,0
6123,CA-2017-152660,2017-12-04,2017-12-09,Standard Class,CB-12415,Christy Brittain,Consumer,United States,Chicago,Illinois,60610,Central,OFF-ST-10000532,Office Supplies,Storage,Advantus Rolling Drawer Organizers,61.568,2,0.2,4.6175999999999995,0
6193,CA-2017-104927,2017-12-22,2017-12-26,Standard Class,AG-10330,Alex Grayson,Consumer,United States,Houston,Texas,77095,Central,OFF-PA-10000019,Office Supplies,Paper,Xerox 1931,25.920000000000005,5,0.2,9.072,0
6194,CA-2017-104927,2017-12-22,2017-12-26,Standard Class,AG-10330,Alex Grayson,Consumer,United States,Houston,Texas,77095,Central,OFF-BI-10003429,Office Supplies,Binders,"Cardinal HOLDit! Binder Insert Strips,Extra Strips",6.329999999999999,5,0.8,-9.811499999999999,0
6205,CA-2017-145660,2017-12-01,2017-12-03,First Class,MG-17650,Matthew Grinstein,Home Office,United States,Marion,Ohio,43302,East,FUR-FU-10002885,Furniture,Furnishings,Magna Visual Magnetic Picture Hangers,7.712000000000001,2,0.2,1.7352000000000005,0
6270,CA-2017-102379,2017-12-02,2017-12-06,Standard Class,BB-11545,Brenda Bowman,Corporate,United States,Oakland,California,94601,West,TEC-PH-10001448,Technology,Phones,Anker Astro 15000mAh USB Portable Charger,39.992000000000004,1,0.2,-7.998400000000007,0
6272,CA-2017-102379,2017-12-02,2017-12-06,Standard Class,BB-11545,Brenda Bowman,Corporate,United States,Oakland,California,94601,West,OFF-AR-10004022,Office Supplies,Art,Panasonic KP-380BK Classic Electric Pencil Sharpener,179.89999999999998,5,0.0,44.97499999999999,0
6292,CA-2017-143756,2017-12-02,2017-12-05,First Class,ME-17725,Max Engle,Consumer,United States,Salem,Virginia,24153,South,FUR-CH-10001854,Furniture,Chairs,Office Star - Professional Matrix Back Chair with 2-to-1 Synchro Tilt and Mesh Fabric Seat,701.96,2,0.0,168.47040000000004,0
6439,US-2017-113992,2017-12-14,2017-12-19,Standard Class,LC-16885,Lena Creighton,Consumer,United States,Plano,Texas,75023,Central,FUR-TA-10000577,Furniture,Tables,Bretford CR4500 Series Slim Rectangular Table,974.9879999999998,4,0.3,-97.49879999999996,0
6509,CA-2017-102197,2017-12-20,2017-12-26,Standard Class,DK-13150,David Kendrick,Corporate,United States,New York City,New York,10009,East,OFF-PA-10001970,Office Supplies,Paper,Xerox 1908,279.9,5,0.0,137.151,0
6511,CA-2017-102197,2017-12-20,2017-12-26,Standard Class,DK-13150,David Kendrick,Corporate,United States,New York City,New York,10009,East,OFF-PA-10004156,Office Supplies,Paper,Xerox 188,34.019999999999996,3,0.0,16.6698,0
6532,US-2017-107384,2017-12-04,2017-12-08,Standard Class,TP-21130,Theone Pippenger,Consumer,United States,Rochester,Minnesota,55901,Central,OFF-AR-10001315,Office Supplies,Art,Newell 310,8.8,5,0.0,2.5519999999999996,0
6534,US-2017-107384,2017-12-04,2017-12-08,Standard Class,TP-21130,Theone Pippenger,Consumer,United States,Rochester,Minnesota,55901,Central,TEC-AC-10001539,Technology,Accessories,Logitech G430 Surround Sound Gaming Headset with Dolby 7.1 Technology,399.95,5,0.0,143.982,0
6552,CA-2017-161578,2017-12-16,2017-12-21,Second Class,RB-19465,Rick Bensley,Home Office,United States,Los Angeles,California,90036,West,OFF-PA-10002986,Office Supplies,Paper,Xerox 1898,13.36,2,0.0,6.4128,0
6713,CA-2017-107629,2017-12-14,2017-12-14,Same Day,DB-13060,Dave Brooks,Consumer,United States,Skokie,Illinois,60076,Central,FUR-FU-10002298,Furniture,Furnishings,"Rubbermaid ClusterMat Chairmats, Mat Size- 66"" x 60"", Lip 20"" x 11"" -90 Degree Angle",266.35200000000003,6,0.6,-292.9872,0
6716,CA-2017-107629,2017-12-14,2017-12-14,Same Day,DB-13060,Dave Brooks,Consumer,United States,Skokie,Illinois,60076,Central,OFF-AR-10002987,Office Supplies,Art,Prismacolor Color Pencil Set,95.232,6,0.2,24.99840000000001,0
6760,CA-2017-165715,2017-12-02,2017-12-08,Standard Class,BG-11035,Barry Gonzalez,Consumer,United States,Greensboro,North Carolina,27405,South,OFF-AR-10003903,Office Supplies,Art,Sanford 52201 APSCO Electric Pencil Sharpener,32.776,1,0.2,2.4581999999999997,0
6807,CA-2017-162880,2017-12-25,2017-12-29,Standard Class,GD-14590,Giulietta Dortch,Corporate,United States,Everett,Washington,98208,West,OFF-BI-10003314,Office Supplies,Binders,Tuff Stuff Recycled Round Ring Binders,3.8560000000000003,1,0.2,1.3978000000000002,0
6854,US-2017-162670,2017-12-23,2017-12-28,Second Class,MF-18250,Monica Federle,Corporate,United States,Little Rock,Arkansas,72209,South,TEC-PH-10003601,Technology,Phones,"Ativa D5772 2-Line 5.8GHz Digital Expandable Corded/Cordless Phone System with Answering & Caller ID/Call Waiting, Black/Silver",494.97,3,0.0,148.49099999999996,0
6864,CA-2017-138618,2017-12-01,2017-12-08,Standard Class,MY-17380,Maribeth Yedwab,Corporate,United States,San Antonio,Texas,78207,Central,OFF-PA-10000520,Office Supplies,Paper,Xerox 201,10.368000000000002,2,0.2,3.6288,0
6909,US-2017-135503,2017-12-10,2017-12-15,Standard Class,JE-16165,Justin Ellison,Corporate,United States,North Charleston,South Carolina,29406,South,FUR-FU-10002364,Furniture,Furnishings,"Eldon Expressions Wood Desk Accessories, Oak",14.76,2,0.0,4.280399999999998,0
6997,CA-2017-117443,2017-12-23,2017-12-25,Second Class,JB-15400,Jennifer Braxton,Corporate,United States,Rockford,Illinois,61107,Central,OFF-BI-10004002,Office Supplies,Binders,Wilson Jones International Size A4 Ring Binders,13.839999999999998,4,0.8,-22.144000000000005,0
6998,CA-2017-117443,2017-12-23,2017-12-25,Second Class,JB-15400,Jennifer Braxton,Corporate,United States,Rockford,Illinois,61107,Central,OFF-PA-10004475,Office Supplies,Paper,Xerox 1940,175.872,4,0.2,63.75359999999999,0
7040,CA-2017-103443,2017-12-17,2017-12-23,Standard Class,AT-10735,Annie Thurman,Consumer,United States,New York City,New York,10009,East,OFF-ST-10002276,Office Supplies,Storage,Safco Steel Mobile File Cart,166.72,2,0.0,41.68000000000001,0
7041,CA-2017-103443,2017-12-17,2017-12-23,Standard Class,AT-10735,Annie Thurman,Consumer,United States,New York City,New York,10009,East,OFF-BI-10001617,Office Supplies,Binders,GBC Wire Binding Combs,24.816000000000003,3,0.2,8.375399999999999,0
7123,CA-2017-166926,2017-12-01,2017-12-08,Standard Class,SO-20335,Sean O'Donnell,Consumer,United States,Seattle,Washington,98105,West,FUR-BO-10002598,Furniture,Bookcases,"Hon Metal Bookcases, Putty",141.96,2,0.0,41.16839999999999,0
7151,CA-2017-100412,2017-12-22,2017-12-26,Standard Class,SR-20425,Sharelle Roach,Home Office,United States,Tuscaloosa,Alabama,35401,South,FUR-CH-10002647,Furniture,Chairs,"Situations Contoured Folding Chairs, 4/Set",141.96,2,0.0,35.49000000000001,0
7293,CA-2017-109183,2017-12-04,2017-12-09,Standard Class,LR-16915,Lena Radford,Consumer,United States,Nashville,Tennessee,37211,South,TEC-MA-10001856,Technology,Machines,Okidata C610n Printer,649.0,2,0.5,-272.58000000000015,0
7345,CA-2017-168389,2017-12-11,2017-12-17,Standard Class,DV-13045,Darrin Van Huff,Corporate,United States,Jacksonville,Florida,32216,South,FUR-TA-10004289,Furniture,Tables,BoxOffice By Design Rectangular and Half-Moon Meeting Room Tables,721.8750000000001,6,0.45,-420.0,0
7348,CA-2017-168389,2017-12-11,2017-12-17,Standard Class,DV-13045,Darrin Van Huff,Corporate,United States,Jacksonville,Florida,32216,South,FUR-CH-10000225,Furniture,Chairs,"Global Geo Office Task Chair, Gray",64.784,1,0.2,-12.14700000000001,0
7515,US-2017-167920,2017-12-09,2017-12-12,Second Class,JL-15835,John Lee,Consumer,United States,Richmond,Kentucky,40475,South,OFF-BI-10004236,Office Supplies,Binders,"XtraLife ClearVue Slant-D Ring Binder, White, 3""",29.36,2,0.0,13.5056,0
7517,US-2017-167920,2017-12-09,2017-12-12,Second Class,JL-15835,John Lee,Consumer,United States,Richmond,Kentucky,40475,South,OFF-BI-10003274,Office Supplies,Binders,"Avery Durable Slant Ring Binders, No Labels",15.92,4,0.0,7.4824,0
7518,US-2017-167920,2017-12-09,2017-12-12,Second Class,JL-15835,John Lee,Consumer,United States,Richmond,Kentucky,40475,South,TEC-AC-10001013,Technology,Accessories,Logitech ClearChat Comfort/USB Headset H390,146.45,5,0.0,48.32849999999999,0
7520,US-2017-167920,2017-12-09,2017-12-12,Second Class,JL-15835,John Lee,Consumer,United States,Richmond,Kentucky,40475,South,OFF-LA-10004409,Office Supplies,Labels,Avery 492,5.76,2,0.0,2.6495999999999995,0
7537,CA-2017-103415,2017-12-03,2017-12-08,Standard Class,MV-17485,Mark Van Huff,Consumer,United States,Houston,Texas,77041,Central,FUR-FU-10000820,Furniture,Furnishings,Tensor Brushed Steel Torchiere Floor Lamp,13.591999999999999,2,0.6,-14.2716,0
7540,US-2017-112347,2017-12-02,2017-12-06,Standard Class,BS-11380,Bill Stewart,Corporate,United States,Denver,Colorado,80219,West,OFF-BI-10003707,Office Supplies,Binders,Aluminum Screw Posts,36.624,8,0.7,-24.41599999999999,0
7542,US-2017-112347,2017-12-02,2017-12-06,Standard Class,BS-11380,Bill Stewart,Corporate,United States,Denver,Colorado,80219,West,TEC-PH-10000213,Technology,Phones,Seidio BD2-HK3IPH5-BK DILEX Case and Holster Combo for Apple iPhone 5/5s - Black,49.61600000000001,2,0.2,4.961599999999999,0
7543,US-2017-112347,2017-12-02,2017-12-06,Standard Class,BS-11380,Bill Stewart,Corporate,United States,Denver,Colorado,80219,West,FUR-FU-10001488,Furniture,Furnishings,"Tenex 46"" x 60"" Computer Anti-Static Chairmat, Rectangular Shaped",508.70400000000006,6,0.2,0.0,0
7544,US-2017-112347,2017-12-02,2017-12-06,Standard Class,BS-11380,Bill Stewart,Corporate,United States,Denver,Colorado,80219,West,TEC-PH-10004833,Technology,Phones,Macally Suction Cup Mount,57.36,6,0.2,-14.34,0
7633,US-2017-158526,2017-12-29,2018-01-01,Second Class,KH-16360,Katherine Hughes,Consumer,United States,Louisville,Kentucky,40214,South,FUR-CH-10002602,Furniture,Chairs,DMI Arturo Collection Mission-style Design Wood Chair,1207.84,8,0.0,314.0384,0
7636,US-2017-158526,2017-12-29,2018-01-01,Second Class,KH-16360,Katherine Hughes,Consumer,United States,Louisville,Kentucky,40214,South,FUR-CH-10004495,Furniture,Chairs,"Global Leather and Oak Executive Chair, Black",300.98,1,0.0,87.28419999999997,0
7698,CA-2017-151799,2017-12-14,2017-12-18,Standard Class,BF-11170,Ben Ferrer,Home Office,United States,Lawrence,Massachusetts,1841,East,TEC-CO-10002313,Technology,Copiers,Canon PC1080F Personal Copier,1199.98,2,0.0,467.9922,0
7700,CA-2017-151799,2017-12-14,2017-12-18,Standard Class,BF-11170,Ben Ferrer,Home Office,United States,Lawrence,Massachusetts,1841,East,OFF-SU-10001664,Office Supplies,Supplies,Acme Office Executive Series Stainless Steel Trimmers,25.71,3,0.0,6.6846000000000005,0
7701,CA-2017-151799,2017-12-14,2017-12-18,Standard Class,BF-11170,Ben Ferrer,Home Office,United States,Lawrence,Massachusetts,1841,East,OFF-FA-10001332,Office Supplies,Fasteners,"Acco Banker's Clasps, 5 3/4""-Long",17.28,6,0.0,8.121599999999999,0
7702,CA-2017-151799,2017-12-14,2017-12-18,Standard Class,BF-11170,Ben Ferrer,Home Office,United States,Lawrence,Massachusetts,1841,East,FUR-TA-10003473,Furniture,Tables,Bretford Rectangular Conference Table Tops,526.582,2,0.3,-52.658199999999965,0
7762,CA-2017-123071,2017-12-03,2017-12-06,First Class,CC-12550,Clay Cheatham,Consumer,United States,Plano,Texas,75023,Central,OFF-PA-10003729,Office Supplies,Paper,Xerox 1998,10.368000000000002,2,0.2,3.6288,0
7855,CA-2017-135587,2017-12-07,2017-12-12,Standard Class,BH-11710,Brosina Hoffman,Consumer,United States,Hattiesburg,Mississippi,39401,South,OFF-AP-10004540,Office Supplies,Appliances,"Eureka The Boss Lite 10-Amp Upright Vacuum, Blue",320.64,4,0.0,89.7792,0
7881,CA-2017-118017,2017-12-03,2017-12-06,Second Class,LC-16870,Lena Cacioppo,Consumer,United States,Thornton,Colorado,80229,West,OFF-AR-10003856,Office Supplies,Art,Newell 344,13.343999999999998,6,0.2,1.0008,0
7883,CA-2017-118017,2017-12-03,2017-12-06,Second Class,LC-16870,Lena Cacioppo,Consumer,United States,Thornton,Colorado,80229,West,TEC-AC-10002006,Technology,Accessories,Memorex Micro Travel Drive 16 GB,102.33600000000001,8,0.2,14.07119999999999,0
7884,CA-2017-118017,2017-12-03,2017-12-06,Second Class,LC-16870,Lena Cacioppo,Consumer,United States,Thornton,Colorado,80229,West,OFF-PA-10002246,Office Supplies,Paper,"Wirebound Four 2-3/4 x 5 Forms per Page, 400 Sets per Book",10.32,2,0.2,3.7409999999999997,0
7885,CA-2017-118017,2017-12-03,2017-12-06,Second Class,LC-16870,Lena Cacioppo,Consumer,United States,Thornton,Colorado,80229,West,OFF-SU-10004782,Office Supplies,Supplies,"Elite 5"" Scissors",47.32,7,0.2,5.914999999999994,0
7888,CA-2017-118017,2017-12-03,2017-12-06,Second Class,LC-16870,Lena Cacioppo,Consumer,United States,Thornton,Colorado,80229,West,FUR-FU-10004053,Furniture,Furnishings,DAX Two-Tone Silver Metal Document Frame,16.192,1,0.2,4.655200000000001,0
7944,CA-2017-134194,2017-12-25,2018-01-01,Standard Class,GA-14725,Guy Armstrong,Consumer,United States,Dallas,Texas,75081,Central,OFF-SU-10000946,Office Supplies,Supplies,Staple remover,44.688,7,0.2,5.0273999999999965,0
7945,CA-2017-134194,2017-12-25,2018-01-01,Standard Class,GA-14725,Guy Armstrong,Consumer,United States,Dallas,Texas,75081,Central,OFF-AR-10001615,Office Supplies,Art,Newell 34,31.744,2,0.2,2.3808000000000007,0
8098,CA-2017-122798,2017-12-28,2018-01-01,Standard Class,SV-20935,Susan Vittorini,Consumer,United States,Albuquerque,New Mexico,87105,West,OFF-ST-10003058,Office Supplies,Storage,Eldon Mobile Mega Data Cart  Mega Stackable  Add-On Trays,118.25,5,0.0,34.2925,0
8109,US-2017-167570,2017-12-08,2017-12-15,Standard Class,EG-13900,Emily Grady,Consumer,United States,Philadelphia,Pennsylvania,19140,East,FUR-CH-10003396,Furniture,Chairs,Global Deluxe Steno Chair,215.544,4,0.3,-58.50480000000002,0
8159,CA-2017-136238,2017-12-26,2018-01-01,Standard Class,KB-16240,Karen Bern,Corporate,United States,Odessa,Texas,79762,Central,OFF-PA-10004285,Office Supplies,Paper,Xerox 1959,16.032,3,0.2,5.611199999999999,0
8178,CA-2017-149699,2017-12-22,2017-12-24,First Class,CM-12115,Chad McGuire,Consumer,United States,Los Angeles,California,90008,West,TEC-AC-10000474,Technology,Accessories,Kensington Expert Mouse Optical USB Trackball for PC or Mac,474.95,5,0.0,142.48499999999993,0
8392,CA-2017-110625,2017-12-23,2017-12-30,Standard Class,JB-16045,Julia Barnett,Home Office,United States,Danbury,Connecticut,6810,East,FUR-FU-10001473,Furniture,Furnishings,DAX Wood Document Frame,27.46,2,0.0,9.8856,0
8479,CA-2017-158736,2017-12-18,2017-12-24,Standard Class,TT-21460,Tonja Turnell,Home Office,United States,San Francisco,California,94110,West,OFF-AR-10002578,Office Supplies,Art,Newell 335,5.76,2,0.0,1.6703999999999999,0
8519,CA-2017-118003,2017-12-04,2017-12-10,Standard Class,DO-13645,Doug O'Connell,Consumer,United States,Paterson,New Jersey,7501,East,FUR-FU-10002506,Furniture,Furnishings,"Tensor ""Hersey Kiss"" Styled Floor Lamp",12.99,1,0.0,1.5587999999999997,0
8520,CA-2017-118003,2017-12-04,2017-12-10,Standard Class,DO-13645,Doug O'Connell,Consumer,United States,Paterson,New Jersey,7501,East,FUR-CH-10003817,Furniture,Chairs,"Global Value Steno Chair, Gray",182.22,3,0.0,45.55500000000001,0
8521,CA-2017-118003,2017-12-04,2017-12-10,Standard Class,DO-13645,Doug O'Connell,Consumer,United States,Paterson,New Jersey,7501,East,FUR-CH-10004860,Furniture,Chairs,Global Low Back Tilter Chair,302.94,3,0.0,18.176399999999973,0
8578,CA-2017-146164,2017-12-22,2017-12-26,Standard Class,CM-12190,Charlotte Melton,Consumer,United States,Rochester,Minnesota,55901,Central,FUR-TA-10004915,Furniture,Tables,"Office Impressions End Table, 20-1/2""H x 24""W x 20""D",607.52,2,0.0,97.20320000000004,0
8579,CA-2017-146164,2017-12-22,2017-12-26,Standard Class,CM-12190,Charlotte Melton,Consumer,United States,Rochester,Minnesota,55901,Central,OFF-ST-10001228,Office Supplies,Storage,Personal File Boxes with Fold-Down Carry Handle,31.16,2,0.0,7.789999999999999,0
8586,US-2017-132927,2017-12-09,2017-12-15,Standard Class,RD-19720,Roger Demir,Consumer,United States,Philadelphia,Pennsylvania,19134,East,OFF-BI-10001116,Office Supplies,Binders,"Wilson Jones 1"" Hanging DublLock Ring Binders",11.088000000000003,7,0.7,-8.1312,0
8642,CA-2017-147767,2017-12-02,2017-12-02,Same Day,SV-20935,Susan Vittorini,Consumer,United States,Peoria,Arizona,85345,West,OFF-BI-10001670,Office Supplies,Binders,Vinyl Sectional Post Binders,67.86000000000001,6,0.7,-45.239999999999995,0
8846,CA-2017-156664,2017-12-18,2017-12-23,Standard Class,BP-11290,Beth Paige,Consumer,United States,Columbus,Ohio,43229,East,OFF-FA-10002988,Office Supplies,Fasteners,Ideal Clamps,4.824,3,0.2,1.7487,0
8847,CA-2017-156664,2017-12-18,2017-12-23,Standard Class,BP-11290,Beth Paige,Consumer,United States,Columbus,Ohio,43229,East,OFF-PA-10002222,Office Supplies,Paper,"Xerox Color Copier Paper, 11"" x 17"", Ream",91.36000000000001,5,0.2,29.691999999999993,0
8856,CA-2017-163671,2017-12-24,2017-12-30,Standard Class,DP-13105,Dave Poirier,Corporate,United States,Meridian,Idaho,83642,West,OFF-BI-10001679,Office Supplies,Binders,GBC Instant Index System for Binding Systems,21.312000000000005,3,0.2,7.991999999999999,0
8870,CA-2017-101805,2017-12-01,2017-12-06,Standard Class,SH-19975,Sally Hughsby,Corporate,United States,Seattle,Washington,98105,West,OFF-BI-10002003,Office Supplies,Binders,Ibico Presentation Index for Binding Systems,15.920000000000002,5,0.2,5.372999999999999,0
8871,CA-2017-101805,2017-12-01,2017-12-06,Standard Class,SH-19975,Sally Hughsby,Corporate,United States,Seattle,Washington,98105,West,FUR-FU-10000023,Furniture,Furnishings,Eldon Wave Desk Accessories,70.67999999999999,12,0.0,31.099200000000003,0
8872,CA-2017-101805,2017-12-01,2017-12-06,Standard Class,SH-19975,Sally Hughsby,Corporate,United States,Seattle,Washington,98105,West,OFF-ST-10002756,Office Supplies,Storage,"Tennsco Stur-D-Stor Boltless Shelving, 5 Shelves, 24"" Deep, Sand",541.24,4,0.0,5.412400000000048,0
8889,CA-2017-103968,2017-12-01,2017-12-07,Standard Class,ML-17755,Max Ludwig,Home Office,United States,Stockton,California,95207,West,FUR-FU-10003394,Furniture,Furnishings,"Tenex ""The Solids"" Textured Chair Mats",629.64,9,0.0,107.03879999999994,0
8933,CA-2017-143252,2017-12-18,2017-12-24,Standard Class,HE-14800,Harold Engle,Corporate,United States,Milwaukee,Wisconsin,53209,Central,TEC-AC-10002331,Technology,Accessories,"Maxell 74 Minute CDR, 10/Pack",29.339999999999996,3,0.0,10.855799999999999,0
8950,CA-2017-150910,2017-12-22,2017-12-28,Standard Class,JL-15130,Jack Lebron,Consumer,United States,Jackson,Tennessee,38301,South,FUR-TA-10002903,Furniture,Tables,"Bevis Round Bullnose 29"" High Table Top",934.9559999999999,6,0.4,-249.3216,0
8953,CA-2017-150910,2017-12-22,2017-12-28,Standard Class,JL-15130,Jack Lebron,Consumer,United States,Jackson,Tennessee,38301,South,OFF-AR-10001419,Office Supplies,Art,Newell 325,23.128,7,0.2,2.8909999999999982,0
8957,CA-2017-105620,2017-12-25,2017-12-28,First Class,JH-15430,Jennifer Halladay,Consumer,United States,Hialeah,Florida,33012,South,FUR-FU-10004963,Furniture,Furnishings,"Eldon 400 Class Desk Accessories, Black Carbon",21.0,3,0.2,5.775000000000002,0
8958,CA-2017-105620,2017-12-25,2017-12-28,First Class,JH-15430,Jennifer Halladay,Consumer,United States,Hialeah,Florida,33012,South,TEC-MA-10004626,Technology,Machines,Lexmark 20R1285 X6650 Wireless All-in-One Printer,120.0,2,0.5,-7.200000000000003,0
8970,CA-2017-157469,2017-12-02,2017-12-07,Standard Class,ES-14080,Erin Smith,Corporate,United States,Lakewood,Ohio,44107,East,OFF-AR-10001662,Office Supplies,Art,Rogers Handheld Barrel Pencil Sharpener,19.728,9,0.2,1.7262000000000022,0
9046,CA-2017-137463,2017-12-16,2017-12-20,Second Class,KM-16225,Kalyca Meade,Corporate,United States,Sunnyvale,California,94086,West,TEC-AC-10000358,Technology,Accessories,Imation Secure Drive + Hardware Encrypted USB flash drive - 16 GB,189.95000000000002,5,0.0,45.587999999999994,0
9049,CA-2017-137463,2017-12-16,2017-12-20,Second Class,KM-16225,Kalyca Meade,Corporate,United States,Sunnyvale,California,94086,West,OFF-LA-10003498,Office Supplies,Labels,Avery 475,44.400000000000006,3,0.0,22.200000000000003,0
9280,CA-2017-122539,2017-12-01,2017-12-05,Standard Class,SC-20305,Sean Christensen,Consumer,United States,Philadelphia,Pennsylvania,19140,East,FUR-CH-10003379,Furniture,Chairs,Global Commerce Series High-Back Swivel/Tilt Chairs,398.972,2,0.3,-28.49799999999999,0
9411,US-2017-110149,2017-12-10,2017-12-13,First Class,WB-21850,William Brown,Consumer,United States,Philadelphia,Pennsylvania,19143,East,FUR-FU-10001475,Furniture,Furnishings,"Contract Clock, 14"", Brown",87.92,5,0.2,15.386,0
9488,US-2017-125213,2017-12-11,2017-12-13,First Class,NB-18655,Nona Balk,Corporate,United States,Paterson,New Jersey,7501,East,OFF-FA-10001561,Office Supplies,Fasteners,Stockwell Push Pins,6.540000000000001,3,0.0,2.1582,0
9525,CA-2017-156958,2017-12-05,2017-12-06,First Class,PB-18805,Patrick Bzostek,Home Office,United States,Seattle,Washington,98115,West,OFF-BI-10001524,Office Supplies,Binders,GBC Premium Transparent Covers with Diagonal Lined Pattern,83.92000000000002,5,0.2,29.371999999999993,0
9529,CA-2017-156958,2017-12-05,2017-12-06,First Class,PB-18805,Patrick Bzostek,Home Office,United States,Seattle,Washington,98115,West,OFF-BI-10002071,Office Supplies,Binders,Fellowes Black Plastic Comb Bindings,9.296,2,0.2,3.0211999999999994,0
9683,CA-2017-122770,2017-12-13,2017-12-18,Standard Class,EP-13915,Emily Phan,Consumer,United States,San Francisco,California,94122,West,OFF-PA-10003172,Office Supplies,Paper,Xerox 1996,38.88,6,0.0,18.6624,0
9684,CA-2017-122770,2017-12-13,2017-12-18,Standard Class,EP-13915,Emily Phan,Consumer,United States,San Francisco,California,94122,West,FUR-FU-10001473,Furniture,Furnishings,"Eldon Executive Woodline II Desk Accessories, Mahogany",201.04,8,0.0,54.2808,0
9685,CA-2017-122770,2017-12-13,2017-12-18,Standard Class,EP-13915,Emily Phan,Consumer,United States,San Francisco,California,94122,West,OFF-PA-10000232,Office Supplies,Paper,Xerox 1975,12.96,2,0.0,6.3504000000000005,0
9727,CA-2017-167395,2017-12-02,2017-12-04,First Class,KM-16720,Kunst Miller,Consumer,United States,Lowell,Massachusetts,1852,East,OFF-AP-10001293,Office Supplies,Appliances,Belkin 8 Outlet Surge Protector,286.85999999999996,7,0.0,80.32079999999999,0
9769,CA-2017-142328,2017-12-07,2017-12-14,Standard Class,TC-21535,Tracy Collins,Home Office,United States,San Francisco,California,94122,West,OFF-PA-10000380,Office Supplies,Paper,"REDIFORM Incoming/Outgoing Call Register, 11"" X 8 1/2"", 100 Messages",50.04,6,0.0,25.02,0
9969,CA-2017-153871,2017-12-11,2017-12-17,Standard Class,RB-19435,Richard Bierner,Consumer,United States,Plainfield,New Jersey,7060,East,OFF-BI-10004600,Office Supplies,Binders,Ibico Ibimaster 300 Manual Binding System,735.98,2,0.0,331.191,0
