Row ID,Order ID,Order Date,Ship Date,Ship Mode,Customer ID,Customer Name,Segment,Country,City,State,Postal Code,Region,Product ID,Category,Sub-Category,Product Name,Sales,Quantity,Discount,Profit,Data_origen
516,CA-2017-127432,2017-01-22,2017-01-27,Standard Class,AD-10180,Alan Dominguez,Home Office,United States,Great Falls,Montana,59405,West,TEC-CO-10003236,Technology,Copiers,Canon Image Class D660 Copier,2999.95,5,0.0,1379.9769999999999,0
518,CA-2017-127432,2017-01-22,2017-01-27,Standard Class,AD-10180,Alan Dominguez,Home Office,United States,Great Falls,Montana,59405,West,OFF-PA-10001667,Office Supplies,Paper,Great White Multi-Use Recycled Paper (20Lb. and 84 Bright),11.96,2,0.0,5.382,0
519,CA-2017-127432,2017-01-22,2017-01-27,Standard Class,AD-10180,Alan Dominguez,Home Office,United States,Great Falls,Montana,59405,West,OFF-ST-10004459,Office Supplies,Storage,Tennsco Single-Tier Lockers,1126.02,3,0.0,56.30099999999999,0
733,CA-2017-131954,2017-01-21,2017-01-25,Standard Class,DS-13030,Darrin Sayre,Home Office,United States,Seattle,Washington,98115,West,OFF-ST-10000736,Office Supplies,Storage,Carina Double Wide Media Storage Towers in Natural & Black,242.94,3,0.0,9.71759999999999,0
771,CA-2017-104220,2017-01-30,2017-02-05,Standard Class,BV-11245,Benjamin Venier,Corporate,United States,Des Moines,Iowa,50315,Central,OFF-BI-10001036,Office Supplies,Binders,Cardinal EasyOpen D-Ring Binders,18.28,2,0.0,9.14,0
773,CA-2017-104220,2017-01-30,2017-02-05,Standard Class,BV-11245,Benjamin Venier,Corporate,United States,Des Moines,Iowa,50315,Central,OFF-BI-10000301,Office Supplies,Binders,GBC Instant Report Kit,32.35,5,0.0,16.175,0
774,CA-2017-104220,2017-01-30,2017-02-05,Standard Class,BV-11245,Benjamin Venier,Corporate,United States,Des Moines,Iowa,50315,Central,OFF-BI-10003910,Office Supplies,Binders,DXL Angle-View Binders with Locking Rings by Samsill,7.71,1,0.0,3.4695,0
775,CA-2017-104220,2017-01-30,2017-02-05,Standard Class,BV-11245,Benjamin Venier,Corporate,United States,Des Moines,Iowa,50315,Central,OFF-AR-10004648,Office Supplies,Art,Boston 19500 Mighty Mite Electric Pencil Sharpener,40.3,2,0.0,10.881,0
849,CA-2017-107503,2017-01-01,2017-01-06,Standard Class,GA-14725,Guy Armstrong,Consumer,United States,Lorain,Ohio,44052,East,FUR-FU-10003878,Furniture,Furnishings,"Linden 10"" Round Wall Clock, Black",48.896,4,0.2,8.556799999999999,0
978,CA-2017-159366,2017-01-07,2017-01-10,First Class,BW-11110,Bart Watters,Corporate,United States,Detroit,Michigan,48205,Central,TEC-MA-10000822,Technology,Machines,Lexmark MX611dhe Monochrome Laser Printer,3059.982,2,0.1,679.9959999999996,0
1096,CA-2017-160423,2017-01-21,2017-01-26,Standard Class,PS-19045,Penelope Sewall,Home Office,United States,Charlotte,North Carolina,28205,South,OFF-ST-10004340,Office Supplies,Storage,"Fellowes Mobile File Cart, Black",348.20799999999997,7,0.2,30.468200000000024,0
1097,CA-2017-160423,2017-01-21,2017-01-26,Standard Class,PS-19045,Penelope Sewall,Home Office,United States,Charlotte,North Carolina,28205,South,OFF-BI-10004001,Office Supplies,Binders,GBC Recycled VeloBinder Covers,35.784,7,0.7,-28.62720000000001,0
1342,CA-2017-113481,2017-01-02,2017-01-04,First Class,AS-10045,Aaron Smayling,Corporate,United States,Jacksonville,North Carolina,28540,South,OFF-BI-10003694,Office Supplies,Binders,"Avery 3 1/2"" Diskette Storage Pages, 10/Pack",15.66,5,0.7,-12.527999999999995,0
1847,US-2017-158512,2017-01-12,2017-01-17,Second Class,DA-13450,Dianna Arnett,Home Office,United States,Washington,District of Columbia,20016,East,FUR-FU-10004973,Furniture,Furnishings,Flat Face Poster Frame,37.68,2,0.0,15.825600000000001,0
1885,CA-2017-154718,2017-01-19,2017-01-23,Second Class,DL-12865,Dan Lawera,Consumer,United States,Keller,Texas,76248,Central,OFF-LA-10003714,Office Supplies,Labels,Avery 510,6.0,2,0.2,2.0999999999999996,0
2290,CA-2017-115154,2017-01-08,2017-01-11,First Class,RS-19420,Ricardo Sperren,Corporate,United States,Seattle,Washington,98115,West,FUR-TA-10001950,Furniture,Tables,Balt Solid Wood Round Tables,892.98,2,0.0,80.3682,0
2376,CA-2017-119669,2017-01-24,2017-01-30,Standard Class,TP-21130,Theone Pippenger,Consumer,United States,Smyrna,Georgia,30080,South,OFF-FA-10000053,Office Supplies,Fasteners,Revere Boxed Rubber Bands by Revere,5.67,3,0.0,0.11340000000000017,0
2408,CA-2017-144589,2017-01-20,2017-01-25,Standard Class,TM-21010,Tamara Manning,Consumer,United States,San Francisco,California,94122,West,OFF-AR-10003631,Office Supplies,Art,Staples in misc. colors,24.2,5,0.0,7.986,0
2680,CA-2017-127026,2017-01-21,2017-01-27,Standard Class,MH-18115,Mick Hernandez,Home Office,United States,Jackson,Michigan,49201,Central,OFF-BI-10000546,Office Supplies,Binders,Avery Durable Binders,14.399999999999999,5,0.0,7.056,0
2683,CA-2017-127026,2017-01-21,2017-01-27,Standard Class,MH-18115,Mick Hernandez,Home Office,United States,Jackson,Michigan,49201,Central,TEC-MA-10002981,Technology,Machines,I.R.I.S IRISCard Anywhere 5 Card Scanner,350.97300000000007,3,0.1,152.08829999999998,0
2684,CA-2017-127026,2017-01-21,2017-01-27,Standard Class,MH-18115,Mick Hernandez,Home Office,United States,Jackson,Michigan,49201,Central,TEC-PH-10003601,Technology,Phones,"Ativa D5772 2-Line 5.8GHz Digital Expandable Corded/Cordless Phone System with Answering & Caller ID/Call Waiting, Black/Silver",164.99,1,0.0,49.496999999999986,0
2767,CA-2017-167752,2017-01-15,2017-01-18,First Class,RW-19690,Robert Waldorf,Consumer,United States,Philadelphia,Pennsylvania,19134,East,OFF-AP-10000159,Office Supplies,Appliances,Belkin F9M820V08 8 Outlet Surge,34.384,1,0.2,3.8681999999999945,0
2768,CA-2017-167752,2017-01-15,2017-01-18,First Class,RW-19690,Robert Waldorf,Consumer,United States,Philadelphia,Pennsylvania,19134,East,OFF-AP-10002945,Office Supplies,Appliances,Honeywell Enviracaire Portable HEPA Air Cleaner for 17' x 22' Room,1924.1599999999999,8,0.2,312.67599999999993,0
2834,CA-2017-134649,2017-01-26,2017-01-31,Second Class,CA-11965,Carol Adams,Corporate,United States,Hoover,Alabama,35244,South,OFF-AR-10001547,Office Supplies,Art,Newell 311,15.469999999999999,7,0.0,4.1769,0
3886,US-2017-127341,2017-01-29,2017-02-02,Standard Class,CK-12595,Clytie Kelty,Consumer,United States,Chicago,Illinois,60653,Central,OFF-BI-10001072,Office Supplies,Binders,"GBC Clear Cover, 8-1/2 x 11, unpunched, 25 covers per pack",12.127999999999997,4,0.8,-20.617600000000003,0
3954,CA-2017-152961,2017-01-15,2017-01-19,Standard Class,SC-20095,Sanjit Chand,Consumer,United States,Quincy,Massachusetts,2169,East,OFF-PA-10004675,Office Supplies,Paper,"Telephone Message Books with Fax/Mobile Section, 5 1/2"" x 3 3/16""",12.7,2,0.0,5.842,0
4144,CA-2017-112725,2017-01-30,2017-02-06,Standard Class,EH-14125,Eugene Hildebrand,Home Office,United States,San Francisco,California,94110,West,OFF-AR-10003759,Office Supplies,Art,"Crayola Anti Dust Chalk, 12/Pack",12.74,7,0.0,5.733,0
4145,CA-2017-112725,2017-01-30,2017-02-06,Standard Class,EH-14125,Eugene Hildebrand,Home Office,United States,San Francisco,California,94110,West,OFF-AR-10001227,Office Supplies,Art,Newell 338,8.82,3,0.0,2.3814,0
5031,CA-2017-139304,2017-01-29,2017-02-02,Standard Class,VG-21790,Vivek Gonzalez,Consumer,United States,San Francisco,California,94109,West,OFF-SU-10001664,Office Supplies,Supplies,Acme Office Executive Series Stainless Steel Trimmers,8.57,1,0.0,2.2282,0
5258,US-2017-114034,2017-01-03,2017-01-08,Standard Class,DL-13315,Delfina Latchford,Consumer,United States,Rancho Cucamonga,California,91730,West,OFF-PA-10004735,Office Supplies,Paper,Xerox 1905,38.88,6,0.0,18.6624,0
5272,CA-2017-125913,2017-01-16,2017-01-16,Same Day,JO-15145,Jack O'Briant,Corporate,United States,Los Angeles,California,90008,West,FUR-FU-10001487,Furniture,Furnishings,"Eldon Expressions Wood and Plastic Desk Accessories, Cherry Wood",27.92,4,0.0,8.096799999999998,0
5273,CA-2017-125913,2017-01-16,2017-01-16,Same Day,JO-15145,Jack O'Briant,Corporate,United States,Los Angeles,California,90008,West,FUR-TA-10001520,Furniture,Tables,"Lesro Sheffield Collection Coffee Table, End Table, Center Table, Corner Table",399.672,7,0.2,-14.98770000000006,0
5425,US-2017-120649,2017-01-20,2017-01-26,Standard Class,JF-15490,Jeremy Farry,Consumer,United States,Waterbury,Connecticut,6708,East,OFF-AR-10001545,Office Supplies,Art,Newell 326,3.52,2,0.0,1.0208,0
5485,CA-2017-148999,2017-01-30,2017-02-04,Standard Class,EB-13870,Emily Burns,Consumer,United States,Miami,Florida,33142,South,FUR-CH-10002044,Furniture,Chairs,"Office Star - Contemporary Task Swivel chair with 2-way adjustable arms, Plum",419.13599999999997,4,0.2,-68.1096,0
5492,CA-2017-164098,2017-01-26,2017-01-27,First Class,CG-12520,Claire Gute,Consumer,United States,Houston,Texas,77070,Central,OFF-ST-10000615,Office Supplies,Storage,"SimpliFile Personal File, Black Granite, 15w x 6-15/16d x 11-1/4h",18.16,2,0.2,1.8160000000000016,0
5900,CA-2017-108000,2017-01-12,2017-01-16,Standard Class,LS-16945,Linda Southworth,Corporate,United States,San Francisco,California,94110,West,OFF-EN-10002621,Office Supplies,Envelopes,Staple envelope,9.78,1,0.0,4.89,0
6357,CA-2017-139080,2017-01-23,2017-01-28,Standard Class,CS-12250,Chris Selesnick,Corporate,United States,Seattle,Washington,98103,West,OFF-BI-10001757,Office Supplies,Binders,Pressboard Hanging Data Binders for Unburst Sheets,19.68,5,0.2,6.887999999999998,0
6358,CA-2017-139080,2017-01-23,2017-01-28,Standard Class,CS-12250,Chris Selesnick,Corporate,United States,Seattle,Washington,98103,West,OFF-PA-10004621,Office Supplies,Paper,Xerox 212,25.92,4,0.0,12.441600000000001,0
6359,CA-2017-139080,2017-01-23,2017-01-28,Standard Class,CS-12250,Chris Selesnick,Corporate,United States,Seattle,Washington,98103,West,OFF-PA-10002262,Office Supplies,Paper,Xerox 192,6.48,1,0.0,3.1104000000000003,0
6384,US-2017-104661,2017-01-15,2017-01-18,First Class,TB-21250,Tim Brockman,Consumer,United States,Austin,Texas,78745,Central,OFF-BI-10001597,Office Supplies,Binders,"Wilson Jones Ledger-Size, Piano-Hinge Binder, 2"", Blue",32.78399999999999,4,0.8,-52.45440000000001,0
6386,US-2017-104661,2017-01-15,2017-01-18,First Class,TB-21250,Tim Brockman,Consumer,United States,Austin,Texas,78745,Central,TEC-AC-10002331,Technology,Accessories,"Maxell 74 Minute CDR, 10/Pack",62.592,8,0.2,13.300799999999999,0
6387,US-2017-104661,2017-01-15,2017-01-18,First Class,TB-21250,Tim Brockman,Consumer,United States,Austin,Texas,78745,Central,OFF-BI-10001098,Office Supplies,Binders,Acco D-Ring Binder w/DublLock,4.275999999999999,1,0.8,-6.627800000000001,0
6521,CA-2017-138289,2017-01-16,2017-01-18,Second Class,AR-10540,Andy Reiter,Consumer,United States,Jackson,Michigan,49201,Central,OFF-BI-10004995,Office Supplies,Binders,GBC DocuBind P400 Electric Binding System,5443.96,4,0.0,2504.2216,0
6523,CA-2017-138289,2017-01-16,2017-01-18,Second Class,AR-10540,Andy Reiter,Consumer,United States,Jackson,Michigan,49201,Central,OFF-PA-10001260,Office Supplies,Paper,"TOPS Money Receipt Book, Consecutively Numbered in Red,",56.07,7,0.0,25.231499999999997,0
6619,US-2017-167402,2017-01-13,2017-01-18,Second Class,CP-12085,Cathy Prescott,Corporate,United States,Springfield,Missouri,65807,Central,OFF-PA-10004983,Office Supplies,Paper,Xerox 23,32.400000000000006,5,0.0,15.552000000000001,0
6620,US-2017-167402,2017-01-13,2017-01-18,Second Class,CP-12085,Cathy Prescott,Corporate,United States,Springfield,Missouri,65807,Central,OFF-AR-10004010,Office Supplies,Art,Hunt Boston Vacuum Mount KS Pencil Sharpener,209.94,6,0.0,54.5844,0
6622,US-2017-167402,2017-01-13,2017-01-18,Second Class,CP-12085,Cathy Prescott,Corporate,United States,Springfield,Missouri,65807,Central,FUR-BO-10001608,Furniture,Bookcases,"Hon Metal Bookcases, Black",212.94,3,0.0,53.235000000000014,0
6980,CA-2017-149076,2017-01-14,2017-01-19,Standard Class,SO-20335,Sean O'Donnell,Consumer,United States,Los Angeles,California,90036,West,OFF-PA-10000483,Office Supplies,Paper,Xerox 19,154.9,5,0.0,69.705,0
7221,CA-2017-154760,2017-01-09,2017-01-13,Standard Class,BP-11290,Beth Paige,Consumer,United States,Philadelphia,Pennsylvania,19140,East,OFF-BI-10004632,Office Supplies,Binders,Ibico Hi-Tech Manual Binding System,274.49100000000004,3,0.7,-228.74250000000006,0
7374,US-2017-123862,2017-01-07,2017-01-09,Second Class,JF-15190,Jamie Frazer,Consumer,United States,Long Beach,California,90805,West,OFF-SU-10004884,Office Supplies,Supplies,Acme Galleria Hot Forged Steel Scissors with Colored Handles,110.11,7,0.0,31.931899999999988,0
7408,CA-2017-152079,2017-01-20,2017-01-21,First Class,ML-17410,Maris LaWare,Consumer,United States,Chicago,Illinois,60653,Central,OFF-LA-10001613,Office Supplies,Labels,Avery File Folder Labels,11.52,5,0.2,4.176,0
7984,CA-2017-152499,2017-01-22,2017-01-25,Second Class,EH-13765,Edward Hooks,Corporate,United States,Chicago,Illinois,60623,Central,OFF-FA-10002975,Office Supplies,Fasteners,Staples,15.120000000000001,5,0.2,4.913999999999999,0
7985,CA-2017-152499,2017-01-22,2017-01-25,Second Class,EH-13765,Edward Hooks,Corporate,United States,Chicago,Illinois,60623,Central,OFF-AR-10003481,Office Supplies,Art,Newell 348,7.872,3,0.2,0.8855999999999988,0
8070,CA-2017-151750,2017-01-01,2017-01-05,Standard Class,JM-15250,Janet Martin,Consumer,United States,Huntsville,Texas,77340,Central,OFF-ST-10002743,Office Supplies,Storage,SAFCO Boltless Steel Shelving,454.56000000000006,5,0.2,-107.95800000000004,0
8071,CA-2017-151750,2017-01-01,2017-01-05,Standard Class,JM-15250,Janet Martin,Consumer,United States,Huntsville,Texas,77340,Central,FUR-FU-10002116,Furniture,Furnishings,"Tenex Carpeted, Granite-Look or Clear Contemporary Contour Shape Chair Mats",141.42,5,0.6,-187.38150000000002,0
8072,CA-2017-151750,2017-01-01,2017-01-05,Standard Class,JM-15250,Janet Martin,Consumer,United States,Huntsville,Texas,77340,Central,FUR-CH-10003199,Furniture,Chairs,Office Star - Contemporary Task Swivel Chair,310.74399999999997,4,0.3,-26.635199999999998,0
8075,CA-2017-151750,2017-01-01,2017-01-05,Standard Class,JM-15250,Janet Martin,Consumer,United States,Huntsville,Texas,77340,Central,OFF-BI-10000343,Office Supplies,Binders,"Pressboard Covers with Storage Hooks, 9 1/2"" x 11"", Light Blue",13.747999999999998,14,0.8,-22.684200000000004,0
8271,CA-2017-121790,2017-01-30,2017-02-06,Standard Class,LP-17095,Liz Preis,Consumer,United States,Aurora,Illinois,60505,Central,OFF-AR-10003602,Office Supplies,Art,"Quartet Omega Colored Chalk, 12/Pack",9.344,2,0.2,3.1535999999999995,0
8312,US-2017-105935,2017-01-26,2017-01-31,Standard Class,BD-11500,Bradley Drucker,Consumer,United States,Columbus,Georgia,31907,South,FUR-FU-10002157,Furniture,Furnishings,Artistic Insta-Plaque,62.72,4,0.0,24.4608,0
8313,US-2017-105935,2017-01-26,2017-01-31,Standard Class,BD-11500,Bradley Drucker,Consumer,United States,Columbus,Georgia,31907,South,TEC-PH-10001459,Technology,Phones,Samsung Galaxy Mega 6.3,2939.9300000000003,7,0.0,764.3818000000001,0
8362,CA-2017-147207,2017-01-02,2017-01-04,Second Class,TS-21655,Trudy Schmidt,Consumer,United States,El Paso,Texas,79907,Central,OFF-AP-10000027,Office Supplies,Appliances,Hoover Commercial SteamVac,5.431999999999999,2,0.8,-13.580000000000002,0
8364,CA-2017-147207,2017-01-02,2017-01-04,Second Class,TS-21655,Trudy Schmidt,Consumer,United States,El Paso,Texas,79907,Central,OFF-ST-10002615,Office Supplies,Storage,"Dual Level, Single-Width Filing Carts",372.144,3,0.2,27.91080000000001,0
8366,CA-2017-157273,2017-01-30,2017-02-02,First Class,SZ-20035,Sam Zeldin,Home Office,United States,Seattle,Washington,98105,West,TEC-PH-10002275,Technology,Phones,Mitel 5320 IP Phone VoIP phone,604.768,4,0.2,60.476800000000026,0
8590,CA-2017-145338,2017-01-29,2017-02-01,First Class,BD-11770,Bryan Davis,Consumer,United States,Philadelphia,Pennsylvania,19120,East,OFF-AR-10002053,Office Supplies,Art,"Premium Writing Pencils, Soft, #2 by Central Association for the Blind",4.768,2,0.2,0.4768000000000001,0
9116,CA-2017-153045,2017-01-19,2017-01-24,Second Class,NS-18505,Neola Schneider,Consumer,United States,Philadelphia,Pennsylvania,19140,East,TEC-PH-10001817,Technology,Phones,Wilson Electronics DB Pro Signal Booster,429.59999999999997,2,0.4,-93.07999999999998,0
9117,CA-2017-153045,2017-01-19,2017-01-24,Second Class,NS-18505,Neola Schneider,Consumer,United States,Philadelphia,Pennsylvania,19140,East,FUR-FU-10002759,Furniture,Furnishings,12-1/2 Diameter Round Wall Clock,31.968000000000004,2,0.2,6.393599999999999,0
9118,CA-2017-153045,2017-01-19,2017-01-24,Second Class,NS-18505,Neola Schneider,Consumer,United States,Philadelphia,Pennsylvania,19140,East,FUR-CH-10000309,Furniture,Chairs,Global Comet Stacking Arm Chair,887.2709999999998,3,0.3,-63.376499999999965,0
9387,US-2017-127292,2017-01-19,2017-01-23,Standard Class,RM-19375,Raymond Messe,Consumer,United States,Burlington,Vermont,5408,East,OFF-PA-10000157,Office Supplies,Paper,Xerox 191,79.92,4,0.0,37.5624,0
9388,US-2017-127292,2017-01-19,2017-01-23,Standard Class,RM-19375,Raymond Messe,Consumer,United States,Burlington,Vermont,5408,East,OFF-PA-10001970,Office Supplies,Paper,Xerox 1881,12.28,1,0.0,5.771599999999999,0
9492,CA-2017-111738,2017-01-03,2017-01-07,Standard Class,CM-12385,Christopher Martinez,Consumer,United States,San Francisco,California,94110,West,OFF-AR-10000817,Office Supplies,Art,Manco Dry-Lighter Erasable Highlighter,9.120000000000001,3,0.0,3.1007999999999996,0
9596,CA-2017-104619,2017-01-24,2017-01-29,Standard Class,KD-16495,Keith Dawkins,Corporate,United States,San Jose,California,95123,West,OFF-AP-10001492,Office Supplies,Appliances,"Acco Six-Outlet Power Strip, 4' Cord Length",25.86,3,0.0,6.7236,0
9598,CA-2017-104619,2017-01-24,2017-01-29,Standard Class,KD-16495,Keith Dawkins,Corporate,United States,San Jose,California,95123,West,TEC-PH-10000193,Technology,Phones,Jensen SMPS-640 - speaker phone,110.352,3,0.2,8.276399999999995,0
9686,CA-2017-118668,2017-01-02,2017-01-04,Second Class,FW-14395,Fred Wasserman,Corporate,United States,Los Angeles,California,90032,West,TEC-AC-10000682,Technology,Accessories,Kensington K72356US Mouse-in-a-Box USB Desktop Mouse,16.59,1,0.0,5.8065,0
9863,CA-2017-113278,2017-01-14,2017-01-20,Standard Class,HR-14770,Hallie Redmond,Home Office,United States,Richmond,Indiana,47374,Central,TEC-AC-10001445,Technology,Accessories,Imation USB 2.0 Swivel Flash Drive USB flash drive - 4 GB - Pink,12.12,4,0.0,2.5451999999999995,0
9864,CA-2017-113278,2017-01-14,2017-01-20,Standard Class,HR-14770,Hallie Redmond,Home Office,United States,Richmond,Indiana,47374,Central,OFF-PA-10004156,Office Supplies,Paper,Xerox 188,11.34,1,0.0,5.5565999999999995,0
9865,CA-2017-113278,2017-01-14,2017-01-20,Standard Class,HR-14770,Hallie Redmond,Home Office,United States,Richmond,Indiana,47374,Central,TEC-AC-10004469,Technology,Accessories,Microsoft Sculpt Comfort Mouse,159.8,4,0.0,70.31200000000001,0
9916,CA-2017-160927,2017-01-29,2017-01-31,Second Class,TM-21010,Tamara Manning,Consumer,United States,Marion,Iowa,52302,Central,OFF-PA-10000176,Office Supplies,Paper,Xerox 1887,94.85,5,0.0,45.52799999999999,0
9917,CA-2017-160927,2017-01-29,2017-01-31,Second Class,TM-21010,Tamara Manning,Consumer,United States,Marion,Iowa,52302,Central,OFF-ST-10001590,Office Supplies,Storage,"Tenex Personal Project File with Scoop Front Design, Black",13.48,1,0.0,3.5047999999999995,0
