Row ID,Order ID,Order Date,Ship Date,Ship Mode,Customer ID,Customer Name,Segment,Country,City,State,Postal Code,Region,Product ID,Category,Sub-Category,Product Name,Sales,Quantity,Discount,Profit,Data_origen
131,US-2017-164147,2017-02-02,2017-02-05,First Class,DW-13585,Dorothy Wardle,Corporate,United States,Columbus,Ohio,43229,East,TEC-PH-10002293,Technology,Phones,Anker 36W 4-Port USB Wall Charger Travel Power Adapter for iPhone 5s 5c 5,59.96999999999999,5,0.4,-11.993999999999993,0
132,US-2017-164147,2017-02-02,2017-02-05,First Class,DW-13585,Dorothy Wardle,Corporate,United States,Columbus,Ohio,43229,East,OFF-PA-10002377,Office Supplies,Paper,Xerox 1916,78.304,2,0.2,29.363999999999997,0
801,CA-2017-105809,2017-02-20,2017-02-23,First Class,HW-14935,Helen Wasserman,Corporate,United States,San Diego,California,92105,West,FUR-FU-10004090,Furniture,Furnishings,"Executive Impressions 14"" Contract Wall Clock",22.23,1,0.0,7.335899999999999,0
802,CA-2017-105809,2017-02-20,2017-02-23,First Class,HW-14935,Helen Wasserman,Corporate,United States,San Diego,California,92105,West,TEC-PH-10001580,Technology,Phones,Logitech Mobile Speakerphone P710e - speaker phone,215.968,2,0.2,18.89719999999999,0
1189,CA-2017-117212,2017-02-26,2017-02-28,Second Class,BT-11530,Bradley Talbott,Home Office,United States,Los Angeles,California,90036,West,OFF-AP-10004532,Office Supplies,Appliances,Kensington 6 Outlet Guardian Standard Surge Protector,81.92,4,0.0,22.1184,0
1190,CA-2017-117212,2017-02-26,2017-02-28,Second Class,BT-11530,Bradley Talbott,Home Office,United States,Los Angeles,California,90036,West,TEC-PH-10004447,Technology,Phones,Toshiba IPT2010-SD IP Telephone,889.5360000000001,8,0.2,66.71519999999998,0
1191,CA-2017-117212,2017-02-26,2017-02-28,Second Class,BT-11530,Bradley Talbott,Home Office,United States,Los Angeles,California,90036,West,FUR-CH-10003973,Furniture,Chairs,GuestStacker Chair with Chrome Finish Legs,892.224,3,0.2,89.22240000000002,0
1192,CA-2017-117212,2017-02-26,2017-02-28,Second Class,BT-11530,Bradley Talbott,Home Office,United States,Los Angeles,California,90036,West,OFF-PA-10001970,Office Supplies,Paper,Xerox 1908,223.92,4,0.0,109.7208,0
1321,CA-2017-167703,2017-02-03,2017-02-08,Standard Class,MC-17575,Matt Collins,Consumer,United States,Cincinnati,Ohio,45231,East,OFF-BI-10002071,Office Supplies,Binders,Fellowes Black Plastic Comb Bindings,5.229,3,0.7,-4.183199999999998,0
1520,CA-2017-116204,2017-02-11,2017-02-14,Second Class,VW-21775,Victoria Wilson,Corporate,United States,San Francisco,California,94110,West,OFF-BI-10001759,Office Supplies,Binders,"Acco Pressboard Covers with Storage Hooks, 14 7/8"" x 11"", Dark Blue",21.336,7,0.2,7.734300000000001,0
1535,CA-2017-124086,2017-02-10,2017-02-14,Standard Class,MP-18175,Mike Pelletier,Home Office,United States,Laguna Niguel,California,92677,West,FUR-BO-10004015,Furniture,Bookcases,"Bush Andora Bookcase, Maple/Graphite Gray Finish",203.98299999999998,2,0.15,16.79859999999998,0
2368,CA-2017-123659,2017-02-10,2017-02-13,First Class,MN-17935,Michael Nguyen,Consumer,United States,Clinton,Maryland,20735,East,OFF-PA-10002464,Office Supplies,Paper,HP Office Recycled Paper (20Lb. and 87 Bright),23.12,4,0.0,11.328800000000001,0
2730,CA-2017-104801,2017-02-13,2017-02-19,Standard Class,FH-14350,Fred Harton,Consumer,United States,Seattle,Washington,98105,West,OFF-AR-10001547,Office Supplies,Art,Newell 311,6.63,3,0.0,1.7901,0
2731,CA-2017-104801,2017-02-13,2017-02-19,Standard Class,FH-14350,Fred Harton,Consumer,United States,Seattle,Washington,98105,West,TEC-AC-10001838,Technology,Accessories,Razer Tiamat Over Ear 7.1 Surround Sound PC Gaming Headset,799.96,4,0.0,343.98280000000005,0
2732,CA-2017-104801,2017-02-13,2017-02-19,Standard Class,FH-14350,Fred Harton,Consumer,United States,Seattle,Washington,98105,West,FUR-FU-10004017,Furniture,Furnishings,"Tenex Contemporary Contur Chairmats for Low and Medium Pile Carpet, Computer, 39"" x 49""",107.53,1,0.0,21.506,0
3087,CA-2017-118773,2017-02-09,2017-02-14,Standard Class,TP-21415,Tom Prescott,Consumer,United States,Houston,Texas,77070,Central,FUR-FU-10000550,Furniture,Furnishings,Stacking Trays by OIC,3.9840000000000004,2,0.6,-2.6892000000000005,0
3088,CA-2017-118773,2017-02-09,2017-02-14,Standard Class,TP-21415,Tom Prescott,Consumer,United States,Houston,Texas,77070,Central,OFF-AP-10000055,Office Supplies,Appliances,Belkin F9S820V06 8 Outlet Surge,12.991999999999996,2,0.8,-32.480000000000004,0
3780,CA-2017-118521,2017-02-16,2017-02-20,Standard Class,LF-17185,Luke Foster,Consumer,United States,New York City,New York,10035,East,OFF-PA-10003465,Office Supplies,Paper,Xerox 1912,37.94,2,0.0,18.211199999999998,0
3963,CA-2017-134838,2017-02-19,2017-02-20,First Class,ED-13885,Emily Ducich,Home Office,United States,Los Angeles,California,90045,West,OFF-AR-10000634,Office Supplies,Art,Newell 320,12.84,3,0.0,3.4668000000000005,0
3964,CA-2017-134838,2017-02-19,2017-02-20,First Class,ED-13885,Emily Ducich,Home Office,United States,Los Angeles,California,90045,West,FUR-FU-10004018,Furniture,Furnishings,Tensor Computer Mounted Lamp,44.67,3,0.0,12.060900000000002,0
4362,US-2017-163195,2017-02-17,2017-02-21,Second Class,LL-16840,Lauren Leatherbury,Consumer,United States,Lafayette,Louisiana,70506,South,TEC-PH-10003875,Technology,Phones,KLD Oscar II Style Snap-on Ultra Thin Side Flip Synthetic Leather Cover Case for HTC One HTC M7,29.160000000000004,3,0.0,8.456399999999999,0
4654,CA-2017-132647,2017-02-17,2017-02-23,Standard Class,GH-14410,Gary Hansen,Home Office,United States,Perth Amboy,New Jersey,8861,East,OFF-ST-10003123,Office Supplies,Storage,Fellowes Bases and Tops For Staxonsteel/High-Stak Systems,166.45,5,0.0,39.94799999999999,0
5147,CA-2017-161333,2017-02-02,2017-02-07,Standard Class,JL-15835,John Lee,Consumer,United States,Los Angeles,California,90045,West,OFF-AP-10000252,Office Supplies,Appliances,Harmony HEPA Quiet Air Purifiers,46.8,4,0.0,16.38,0
5973,CA-2017-115105,2017-02-06,2017-02-11,Standard Class,BD-11770,Bryan Davis,Consumer,United States,New York City,New York,10024,East,FUR-BO-10001811,Furniture,Bookcases,"Atlantic Metals Mobile 5-Shelf Bookcases, Custom Colors",240.78400000000002,1,0.2,30.097999999999978,0
6027,CA-2017-136007,2017-02-23,2017-03-02,Standard Class,AC-10615,Ann Chong,Corporate,United States,Seattle,Washington,98115,West,OFF-FA-10002701,Office Supplies,Fasteners,Alliance Rubber Bands,8.4,5,0.0,0.33599999999999963,0
6028,CA-2017-136007,2017-02-23,2017-03-02,Standard Class,AC-10615,Ann Chong,Corporate,United States,Seattle,Washington,98115,West,TEC-PH-10003589,Technology,Phones,invisibleSHIELD by ZAGG Smudge-Free Screen Protector,71.96,5,0.2,25.185999999999996,0
6568,CA-2017-131282,2017-02-05,2017-02-08,Second Class,CB-12025,Cassandra Brandow,Consumer,United States,Waco,Texas,76706,Central,OFF-AR-10003087,Office Supplies,Art,Staples in misc. colors,7.120000000000001,5,0.2,0.7119999999999997,0
6655,CA-2017-135937,2017-02-20,2017-02-27,Standard Class,KM-16375,Katherine Murray,Home Office,United States,Gilbert,Arizona,85234,West,TEC-PH-10004447,Technology,Phones,Toshiba IPT2010-SD IP Telephone,333.576,3,0.2,25.018199999999993,0
6658,CA-2017-135937,2017-02-20,2017-02-27,Standard Class,KM-16375,Katherine Murray,Home Office,United States,Gilbert,Arizona,85234,West,OFF-EN-10004846,Office Supplies,Envelopes,Letter or Legal Size Expandable Poly String Tie Envelopes,10.64,5,0.2,3.857,0
6660,CA-2017-135937,2017-02-20,2017-02-27,Standard Class,KM-16375,Katherine Murray,Home Office,United States,Gilbert,Arizona,85234,West,FUR-TA-10001039,Furniture,Tables,KI Adjustable-Height Table,386.91,9,0.5,-185.71679999999998,0
6839,CA-2017-107517,2017-02-05,2017-02-09,Standard Class,FC-14335,Fred Chung,Corporate,United States,Torrance,California,90503,West,OFF-AP-10000275,Office Supplies,Appliances,"Sanyo Counter Height Refrigerator with Crisper, 3.6 Cubic Foot, Stainless Steel/Black",1640.6999999999998,5,0.0,459.39599999999996,0
6840,CA-2017-107517,2017-02-05,2017-02-09,Standard Class,FC-14335,Fred Chung,Corporate,United States,Torrance,California,90503,West,TEC-PH-10003505,Technology,Phones,Geemarc AmpliPOWER60,371.2,5,0.2,41.75999999999995,0
6921,CA-2017-121706,2017-02-26,2017-03-02,Standard Class,BM-11140,Becky Martin,Consumer,United States,Santa Barbara,California,93101,West,OFF-AP-10003287,Office Supplies,Appliances,Tripp Lite TLP810NET Broadband Surge for Modem/Fax,356.78999999999996,7,0.0,99.90119999999999,0
7026,US-2017-101840,2017-02-06,2017-02-12,Standard Class,SP-20545,Sibella Parks,Corporate,United States,New York City,New York,10024,East,TEC-PH-10002538,Technology,Phones,Grandstream GXP1160 VoIP phone,227.45999999999998,6,0.0,65.96339999999998,0
7027,US-2017-101840,2017-02-06,2017-02-12,Standard Class,SP-20545,Sibella Parks,Corporate,United States,New York City,New York,10024,East,OFF-BI-10000279,Office Supplies,Binders,"Acco Recycled 2"" Capacity Laser Printer Hanging Data Binders",46.24,4,0.2,15.605999999999996,0
7227,CA-2017-127397,2017-02-24,2017-02-28,Standard Class,ES-14080,Erin Smith,Corporate,United States,Philadelphia,Pennsylvania,19134,East,OFF-PA-10001125,Office Supplies,Paper,Xerox 1988,123.92000000000002,5,0.2,38.724999999999994,0
7445,CA-2017-127474,2017-02-03,2017-02-07,Second Class,RD-19810,Ross DeVincentis,Home Office,United States,Chicago,Illinois,60610,Central,OFF-PA-10001166,Office Supplies,Paper,Xerox 2,5.184000000000001,1,0.2,1.8144,0
7535,US-2017-134642,2017-02-25,2017-03-01,Standard Class,SW-20245,Scot Wooten,Consumer,United States,Greenville,North Carolina,27834,South,FUR-BO-10004709,Furniture,Bookcases,"Bush Westfield Collection Bookcases, Medium Cherry Finish",231.92000000000002,5,0.2,5.798000000000002,0
8108,CA-2017-159149,2017-02-17,2017-02-19,First Class,CR-12820,Cyra Reiten,Home Office,United States,Houston,Texas,77041,Central,TEC-PH-10000038,Technology,Phones,Jawbone MINI JAMBOX Wireless Bluetooth Speaker,438.336,4,0.2,-87.66720000000004,0
8673,CA-2017-163265,2017-02-16,2017-02-21,Standard Class,JS-16030,Joy Smith,Consumer,United States,Decatur,Illinois,62521,Central,OFF-FA-10004854,Office Supplies,Fasteners,"Vinyl Coated Wire Paper Clips in Organizer Box, 800/Box",18.368000000000002,2,0.2,6.199199999999999,0
8677,CA-2017-163265,2017-02-16,2017-02-21,Standard Class,JS-16030,Joy Smith,Consumer,United States,Decatur,Illinois,62521,Central,FUR-FU-10004270,Furniture,Furnishings,"Executive Impressions 13"" Clairmont Wall Clock",7.692,1,0.6,-3.653699999999999,0
9239,CA-2017-138156,2017-02-11,2017-02-14,First Class,MM-17260,Magdelene Morse,Consumer,United States,Columbus,Ohio,43229,East,FUR-FU-10003601,Furniture,Furnishings,"Deflect-o RollaMat Studded, Beveled Mat for Medium Pile Carpeting",147.568,2,0.2,-3.6892000000000067,0
9344,CA-2017-109085,2017-02-17,2017-02-20,First Class,CK-12325,Christine Kargatis,Home Office,United States,Troy,Ohio,45373,East,FUR-TA-10001086,Furniture,Tables,"SAFCO PlanMaster Boards, 60w x 37-1/2d, White Melamine",455.97,5,0.4,-106.39299999999997,0
9345,CA-2017-109085,2017-02-17,2017-02-20,First Class,CK-12325,Christine Kargatis,Home Office,United States,Troy,Ohio,45373,East,OFF-BI-10001525,Office Supplies,Binders,"Acco Pressboard Covers with Storage Hooks, 14 7/8"" x 11"", Executive Red",5.715000000000002,5,0.7,-4.762500000000001,0
9346,CA-2017-109085,2017-02-17,2017-02-20,First Class,CK-12325,Christine Kargatis,Home Office,United States,Troy,Ohio,45373,East,TEC-PH-10000526,Technology,Phones,Vtech CS6719,57.593999999999994,1,0.4,-11.518799999999999,0
9766,CA-2017-101959,2017-02-28,2017-03-06,Standard Class,DB-13660,Duane Benoit,Consumer,United States,Middletown,Connecticut,6457,East,OFF-BI-10001757,Office Supplies,Binders,Pressboard Hanging Data Binders for Unburst Sheets,9.84,2,0.0,4.723199999999999,0
9991,CA-2017-121258,2017-02-26,2017-03-03,Standard Class,DB-13060,Dave Brooks,Consumer,United States,Costa Mesa,California,92627,West,FUR-FU-10000747,Furniture,Furnishings,Tenex B1-RE Series Chair Mats for Low Pile Carpets,91.96,2,0.0,15.633199999999988,0
9992,CA-2017-121258,2017-02-26,2017-03-03,Standard Class,DB-13060,Dave Brooks,Consumer,United States,Costa Mesa,California,92627,West,TEC-PH-10003645,Technology,Phones,Aastra 57i VoIP phone,258.576,2,0.2,19.393200000000007,0
