Row ID,Order ID,Order Date,Ship Date,Ship Mode,Customer ID,Customer Name,Segment,Country,City,State,Postal Code,Region,Product ID,Category,Sub-Category,Product Name,Sales,Quantity,Discount,Profit,Data_origen
24,US-2017-156909,2017-07-16,2017-07-18,Second Class,SF-20065,Sandra Flanagan,Consumer,United States,Philadelphia,Pennsylvania,19140,East,FUR-CH-10002774,Furniture,Chairs,"Global Deluxe Stacking Chair, Gray",71.37199999999999,2,0.3,-1.0196000000000005,0
200,US-2017-124303,2017-07-06,2017-07-13,Standard Class,FH-14365,Fred Hopkins,Corporate,United States,Philadelphia,Pennsylvania,19120,East,OFF-PA-10002749,Office Supplies,Paper,"Wirebound Message Books, 5-1/2 x 4 Forms, 2 or 4 Forms per Page",16.056,3,0.2,5.8203000000000005,0
642,CA-2017-167913,2017-07-30,2017-08-03,Second Class,JL-15835,John Lee,Consumer,United States,Mission Viejo,California,92691,West,OFF-ST-10000585,Office Supplies,Storage,Economy Rollaway Files,330.4,2,0.0,85.904,0
977,US-2017-100209,2017-07-09,2017-07-15,Standard Class,TD-20995,Tamara Dahlen,Consumer,United States,Portland,Oregon,97206,West,OFF-BI-10002012,Office Supplies,Binders,Wilson Jones Easy Flow II Sheet Lifters,1.0800000000000003,2,0.7,-0.792,0
1044,CA-2017-115651,2017-07-09,2017-07-12,First Class,NS-18640,Noel Staavos,Corporate,United States,Chicago,Illinois,60610,Central,OFF-AR-10001130,Office Supplies,Art,"Quartet Alpha White Chalk, 12/Pack",8.84,5,0.2,2.9835000000000003,0
1263,CA-2017-105053,2017-07-07,2017-07-09,Second Class,CS-12355,Christine Sundaresam,Consumer,United States,Long Beach,New York,11561,East,OFF-BI-10001634,Office Supplies,Binders,Wilson Jones Active Use Binders,17.472,3,0.2,6.333600000000001,0
1394,CA-2017-124828,2017-07-03,2017-07-04,First Class,YS-21880,Yana Sorensen,Corporate,United States,Burlington,North Carolina,27217,South,OFF-AR-10003514,Office Supplies,Art,4009 Highlighters by Sanford,9.552,3,0.2,1.5521999999999991,0
1473,CA-2017-164959,2017-07-11,2017-07-15,Standard Class,KN-16390,Katherine Nockton,Corporate,United States,Los Angeles,California,90004,West,OFF-LA-10004272,Office Supplies,Labels,Avery 482,8.67,3,0.0,4.0749,0
1622,CA-2017-108560,2017-07-08,2017-07-15,Standard Class,JC-15385,Jenna Caffey,Consumer,United States,Kent,Washington,98031,West,OFF-LA-10003930,Office Supplies,Labels,"Dot Matrix Printer Tape Reel Labels, White, 5000/Box",786.48,8,0.0,385.3752,0
1623,CA-2017-108560,2017-07-08,2017-07-15,Standard Class,JC-15385,Jenna Caffey,Consumer,United States,Kent,Washington,98031,West,OFF-BI-10001107,Office Supplies,Binders,"GBC White Gloss Covers, Plain Front",23.168000000000003,2,0.2,7.8191999999999995,0
1624,CA-2017-108560,2017-07-08,2017-07-15,Standard Class,JC-15385,Jenna Caffey,Consumer,United States,Kent,Washington,98031,West,TEC-AC-10003063,Technology,Accessories,Micro Innovations USB RF Wireless Keyboard with Mouse,50.0,2,0.0,10.5,0
1736,CA-2017-101483,2017-07-29,2017-08-01,Second Class,AG-10675,Anna Gayman,Consumer,United States,Jacksonville,North Carolina,28540,South,TEC-PH-10003442,Technology,Phones,Samsung Replacement EH64AVFWE Premium Headset,22.0,5,0.2,1.375,0
1845,US-2017-113852,2017-07-29,2017-08-02,Standard Class,GW-14605,Giulietta Weimer,Consumer,United States,Seattle,Washington,98115,West,TEC-AC-10003027,Technology,Accessories,Imation 8GB Mini TravelDrive USB 2.0 Flash Drive,90.57000000000001,3,0.0,11.774100000000004,0
2314,CA-2017-122035,2017-07-20,2017-07-25,Standard Class,EM-13825,Elizabeth Moffitt,Corporate,United States,Sioux Falls,South Dakota,57103,Central,OFF-LA-10004093,Office Supplies,Labels,Avery 486,14.62,2,0.0,6.8713999999999995,0
2315,CA-2017-122035,2017-07-20,2017-07-25,Standard Class,EM-13825,Elizabeth Moffitt,Corporate,United States,Sioux Falls,South Dakota,57103,Central,OFF-AP-10002118,Office Supplies,Appliances,"1.7 Cubic Foot Compact ""Cube"" Office Refrigerators",416.32,2,0.0,112.40640000000002,0
2316,CA-2017-122035,2017-07-20,2017-07-25,Standard Class,EM-13825,Elizabeth Moffitt,Corporate,United States,Sioux Falls,South Dakota,57103,Central,OFF-BI-10000404,Office Supplies,Binders,Avery Printable Repositionable Plastic Tabs,43.0,5,0.0,20.21,0
2319,CA-2017-122035,2017-07-20,2017-07-25,Standard Class,EM-13825,Elizabeth Moffitt,Corporate,United States,Sioux Falls,South Dakota,57103,Central,TEC-AC-10003095,Technology,Accessories,Logitech G35 7.1-Channel Surround Sound Headset,389.97,3,0.0,132.58980000000003,0
2371,CA-2017-155152,2017-07-07,2017-07-09,Second Class,MP-17965,Michael Paige,Corporate,United States,Warwick,Rhode Island,2886,East,TEC-AC-10004353,Technology,Accessories,Hypercom P1300 Pinpad,252.0,4,0.0,93.24000000000001,0
2437,CA-2017-140053,2017-07-03,2017-07-10,Standard Class,CA-12265,Christina Anderson,Consumer,United States,Farmington,New Mexico,87401,West,FUR-FU-10003708,Furniture,Furnishings,"Tenex Traditional Chairmats for Medium Pile Carpet, Standard Lip, 36"" x 48""",545.85,9,0.0,114.6285,0
2572,CA-2017-109778,2017-07-16,2017-07-21,Standard Class,VM-21685,Valerie Mitchum,Home Office,United States,Woodstock,Illinois,60098,Central,OFF-AR-10003759,Office Supplies,Art,"Crayola Anti Dust Chalk, 12/Pack",2.9120000000000004,2,0.2,0.9099999999999998,0
2574,CA-2017-145128,2017-07-09,2017-07-14,Standard Class,SM-20320,Sean Miller,Home Office,United States,Lafayette,Indiana,47905,Central,FUR-FU-10000293,Furniture,Furnishings,Eldon Antistatic Chair Mats for Low to Medium Pile Carpets,526.45,5,0.0,31.58699999999996,0
2705,CA-2017-156818,2017-07-11,2017-07-13,Second Class,JD-16015,Joy Daniels,Consumer,United States,New York City,New York,10009,East,TEC-AC-10002323,Technology,Accessories,SanDisk Ultra 32 GB MicroSDHC Class 10 Memory Card,132.60000000000002,6,0.0,17.238000000000007,0
2856,CA-2017-169810,2017-07-25,2017-07-31,Standard Class,RB-19360,Raymond Buch,Consumer,United States,Sioux Falls,South Dakota,57103,Central,OFF-LA-10003663,Office Supplies,Labels,Avery 498,20.23,7,0.0,9.5081,0
2927,CA-2017-128629,2017-07-10,2017-07-14,Second Class,BP-11155,Becky Pak,Consumer,United States,Columbus,Georgia,31907,South,FUR-FU-10000771,Furniture,Furnishings,"Eldon 200 Class Desk Accessories, Smoke",18.84,3,0.0,7.912800000000001,0
3107,CA-2017-127460,2017-07-10,2017-07-14,Standard Class,FG-14260,Frank Gastineau,Home Office,United States,Aurora,Illinois,60505,Central,OFF-ST-10004340,Office Supplies,Storage,"Fellowes Mobile File Cart, Black",298.464,6,0.2,26.115600000000015,0
3155,CA-2017-150497,2017-07-20,2017-07-24,Standard Class,SM-20950,Suzanne McNair,Corporate,United States,Maple Grove,Minnesota,55369,Central,OFF-BI-10004600,Office Supplies,Binders,Ibico Ibimaster 300 Manual Binding System,735.98,2,0.0,331.191,0
3396,US-2017-148362,2017-07-01,2017-07-08,Standard Class,KF-16285,Karen Ferguson,Home Office,United States,Indianapolis,Indiana,46203,Central,OFF-ST-10001128,Office Supplies,Storage,"Carina Mini System Audio Rack, Model AR050B",443.92,4,0.0,13.317600000000027,0
3397,US-2017-148362,2017-07-01,2017-07-08,Standard Class,KF-16285,Karen Ferguson,Home Office,United States,Indianapolis,Indiana,46203,Central,OFF-BI-10003656,Office Supplies,Binders,Fellowes PB200 Plastic Comb Binding Machine,169.99,1,0.0,78.19539999999999,0
3428,US-2017-111024,2017-07-03,2017-07-06,Second Class,SZ-20035,Sam Zeldin,Home Office,United States,Lancaster,Ohio,43130,East,OFF-PA-10000174,Office Supplies,Paper,"Message Book, Wirebound, Four 5 1/2"" X 4"" Forms/Pg., 200 Dupl. Sets/Book",32.896,4,0.2,11.102399999999996,0
3569,CA-2017-168109,2017-07-03,2017-07-03,Same Day,JK-15640,Jim Kriz,Home Office,United States,Seattle,Washington,98105,West,TEC-AC-10003628,Technology,Accessories,Logitech 910-002974 M325 Wireless Mouse for Web Scrolling,59.98,2,0.0,26.391200000000005,0
3571,CA-2017-168109,2017-07-03,2017-07-03,Same Day,JK-15640,Jim Kriz,Home Office,United States,Seattle,Washington,98105,West,TEC-AC-10002049,Technology,Accessories,Plantronics Savi W720 Multi-Device Wireless Headset System,1687.8,4,0.0,742.6320000000001,0
3572,CA-2017-168109,2017-07-03,2017-07-03,Same Day,JK-15640,Jim Kriz,Home Office,United States,Seattle,Washington,98105,West,TEC-PH-10000702,Technology,Phones,"Square Credit Card Reader, 4 1/2"" x 4 1/2"" x 1"", White",7.992000000000001,1,0.2,2.6972999999999994,0
3785,CA-2017-125752,2017-07-31,2017-08-04,Standard Class,EH-14125,Eugene Hildebrand,Home Office,United States,Fort Lauderdale,Florida,33311,South,TEC-AC-10003590,Technology,Accessories,"TRENDnet 56K USB 2.0 Phone, Internet and Fax Modem",41.42400000000001,2,0.2,8.284799999999997,0
4230,CA-2017-100223,2017-07-05,2017-07-10,Standard Class,LS-16945,Linda Southworth,Corporate,United States,Dallas,Texas,75220,Central,FUR-FU-10003601,Furniture,Furnishings,"Deflect-o RollaMat Studded, Beveled Mat for Medium Pile Carpeting",332.028,9,0.6,-348.62940000000003,0
4231,CA-2017-100223,2017-07-05,2017-07-10,Standard Class,LS-16945,Linda Southworth,Corporate,United States,Dallas,Texas,75220,Central,OFF-BI-10003429,Office Supplies,Binders,"Cardinal HOLDit! Binder Insert Strips,Extra Strips",11.393999999999998,9,0.8,-17.6607,0
4234,CA-2017-100223,2017-07-05,2017-07-10,Standard Class,LS-16945,Linda Southworth,Corporate,United States,Dallas,Texas,75220,Central,OFF-BI-10004492,Office Supplies,Binders,Tuf-Vin Binders,6.315999999999998,1,0.8,-10.421400000000002,0
4296,CA-2017-169124,2017-07-03,2017-07-10,Standard Class,MB-17305,Maria Bertelson,Consumer,United States,Citrus Heights,California,95610,West,FUR-FU-10001215,Furniture,Furnishings,"Howard Miller 11-1/2"" Diameter Brentwood Wall Clock",129.39000000000001,3,0.0,54.34380000000001,0
4374,US-2017-169320,2017-07-23,2017-07-25,Second Class,LH-16900,Lena Hernandez,Consumer,United States,Elkhart,Indiana,46514,Central,TEC-AC-10002550,Technology,Accessories,"Memorex 25GB 6X Branded Blu-Ray Recordable Disc, 30/Pack",159.75,5,0.0,11.182499999999997,0
4526,US-2017-105046,2017-07-17,2017-07-23,Standard Class,BE-11335,Bill Eplett,Home Office,United States,Rome,New York,13440,East,TEC-PH-10004536,Technology,Phones,Avaya 5420 Digital phone,269.98,2,0.0,67.495,0
4527,US-2017-105046,2017-07-17,2017-07-23,Standard Class,BE-11335,Bill Eplett,Home Office,United States,Rome,New York,13440,East,OFF-PA-10004353,Office Supplies,Paper,Southworth 25% Cotton Premium Laser Paper and Envelopes,99.9,5,0.0,47.952000000000005,0
4528,US-2017-105046,2017-07-17,2017-07-23,Standard Class,BE-11335,Bill Eplett,Home Office,United States,Rome,New York,13440,East,FUR-FU-10004848,Furniture,Furnishings,DAX Solid Wood Frames,39.08,4,0.0,14.459599999999998,0
4538,CA-2017-138464,2017-07-08,2017-07-12,Standard Class,VF-21715,Vicky Freymann,Home Office,United States,Seattle,Washington,98115,West,OFF-AR-10003560,Office Supplies,Art,Zebra Zazzle Fluorescent Highlighters,18.240000000000002,3,0.0,6.201599999999999,0
4539,CA-2017-138464,2017-07-08,2017-07-12,Standard Class,VF-21715,Vicky Freymann,Home Office,United States,Seattle,Washington,98115,West,OFF-AR-10004757,Office Supplies,Art,Crayola Colored Pencils,13.12,4,0.0,4.329599999999999,0
4573,CA-2017-126662,2017-07-17,2017-07-21,Standard Class,AB-10255,Alejandro Ballentine,Home Office,United States,Los Angeles,California,90036,West,TEC-CO-10004202,Technology,Copiers,Brother DCP1000 Digital 3 in 1 Multifunction Machine,479.98400000000004,2,0.2,89.99699999999999,0
5013,US-2017-160465,2017-07-21,2017-07-26,Standard Class,SW-20350,Sean Wendt,Home Office,United States,Cleveland,Ohio,44105,East,OFF-BI-10001670,Office Supplies,Binders,Vinyl Sectional Post Binders,33.93000000000001,3,0.7,-22.619999999999997,0
5025,US-2017-130953,2017-07-29,2017-08-03,Standard Class,RF-19735,Roland Fjeld,Consumer,United States,Oklahoma City,Oklahoma,73120,Central,OFF-BI-10004828,Office Supplies,Binders,GBC Poly Designer Binding Covers,33.48,2,0.0,16.405199999999997,0
5027,US-2017-130953,2017-07-29,2017-08-03,Standard Class,RF-19735,Roland Fjeld,Consumer,United States,Oklahoma City,Oklahoma,73120,Central,OFF-AP-10002311,Office Supplies,Appliances,"Holmes Replacement Filter for HEPA Air Cleaner, Very Large Room, HEPA Filter",137.62,2,0.0,60.552800000000005,0
5028,US-2017-130953,2017-07-29,2017-08-03,Standard Class,RF-19735,Roland Fjeld,Consumer,United States,Oklahoma City,Oklahoma,73120,Central,FUR-CH-10004626,Furniture,Chairs,Office Star Flex Back Scooter Chair with Aluminum Finish Frame,302.67,3,0.0,72.6408,0
5116,CA-2017-125640,2017-07-25,2017-07-29,Standard Class,DD-13570,Dorothy Dickinson,Consumer,United States,Philadelphia,Pennsylvania,19134,East,OFF-LA-10004178,Office Supplies,Labels,Avery 491,3.3040000000000003,1,0.2,1.0737999999999999,0
5297,CA-2017-108791,2017-07-27,2017-07-31,Standard Class,TM-21490,Tony Molinari,Consumer,United States,Yonkers,New York,10701,East,FUR-FU-10004018,Furniture,Furnishings,Tensor Computer Mounted Lamp,14.89,1,0.0,4.020300000000001,0
5298,CA-2017-108791,2017-07-27,2017-07-31,Standard Class,TM-21490,Tony Molinari,Consumer,United States,Yonkers,New York,10701,East,TEC-PH-10002660,Technology,Phones,Nortel Networks T7316 E Nt8 B27,543.92,8,0.0,135.98000000000002,0
5498,CA-2017-164378,2017-07-15,2017-07-18,Second Class,MM-18055,Michelle Moray,Consumer,United States,New York City,New York,10024,East,OFF-AR-10001177,Office Supplies,Art,Newell 349,6.56,2,0.0,1.9023999999999992,0
5499,CA-2017-164378,2017-07-15,2017-07-18,Second Class,MM-18055,Michelle Moray,Consumer,United States,New York City,New York,10024,East,OFF-LA-10000634,Office Supplies,Labels,Avery 509,7.83,3,0.0,3.6018,0
5649,CA-2017-142342,2017-07-17,2017-07-19,Second Class,AJ-10795,Anthony Johnson,Corporate,United States,Apple Valley,California,92307,West,OFF-PA-10004609,Office Supplies,Paper,Xerox 221,32.400000000000006,5,0.0,15.552000000000001,0
5651,CA-2017-142342,2017-07-17,2017-07-19,Second Class,AJ-10795,Anthony Johnson,Corporate,United States,Apple Valley,California,92307,West,OFF-ST-10002957,Office Supplies,Storage,Sterilite Show Offs Storage Containers,10.56,2,0.0,0.0,0
5713,CA-2017-115805,2017-07-31,2017-07-31,Same Day,KW-16435,Katrina Willman,Consumer,United States,Chicago,Illinois,60653,Central,TEC-PH-10003092,Technology,Phones,Motorola L804,36.792,1,0.2,4.139099999999999,0
5931,US-2017-169551,2017-07-07,2017-07-09,First Class,RL-19615,Rob Lucas,Consumer,United States,Philadelphia,Pennsylvania,19120,East,OFF-PA-10004100,Office Supplies,Paper,Xerox 216,15.552000000000003,3,0.2,5.4432,0
5932,US-2017-169551,2017-07-07,2017-07-09,First Class,RL-19615,Rob Lucas,Consumer,United States,Philadelphia,Pennsylvania,19120,East,TEC-PH-10001363,Technology,Phones,Apple iPhone 5S,683.9879999999999,2,0.4,-113.9980000000001,0
5933,US-2017-169551,2017-07-07,2017-07-09,First Class,RL-19615,Rob Lucas,Consumer,United States,Philadelphia,Pennsylvania,19120,East,OFF-ST-10004835,Office Supplies,Storage,Plastic Stacking Crates & Casters,13.392000000000001,3,0.2,1.0044,0
5934,US-2017-169551,2017-07-07,2017-07-09,First Class,RL-19615,Rob Lucas,Consumer,United States,Philadelphia,Pennsylvania,19120,East,TEC-AC-10002018,Technology,Accessories,AmazonBasics 3-Button USB Wired Mouse,16.776000000000003,3,0.2,4.8231,0
5976,CA-2017-102155,2017-07-13,2017-07-17,Standard Class,RR-19525,Rick Reed,Corporate,United States,Overland Park,Kansas,66212,Central,OFF-ST-10001496,Office Supplies,Storage,Standard Rollaway File with Lock,360.38,2,0.0,93.6988,0
6153,CA-2017-139437,2017-07-03,2017-07-08,Standard Class,RD-19585,Rob Dowd,Consumer,United States,Los Angeles,California,90004,West,OFF-ST-10002485,Office Supplies,Storage,Rogers Deluxe File Chest,87.92,4,0.0,0.8791999999999973,0
6585,CA-2017-104731,2017-07-21,2017-07-27,Standard Class,AM-10705,Anne McFarland,Consumer,United States,Salem,Virginia,24153,South,TEC-PH-10002660,Technology,Phones,Nortel Networks T7316 E Nt8 B27,271.96,4,0.0,67.99000000000001,0
6586,CA-2017-104731,2017-07-21,2017-07-27,Standard Class,AM-10705,Anne McFarland,Consumer,United States,Salem,Virginia,24153,South,FUR-FU-10003274,Furniture,Furnishings,Regeneration Desk Collection,8.8,5,0.0,3.8720000000000003,0
6587,CA-2017-104731,2017-07-21,2017-07-27,Standard Class,AM-10705,Anne McFarland,Consumer,United States,Salem,Virginia,24153,South,OFF-AR-10003829,Office Supplies,Art,Newell 35,19.68,6,0.0,5.707199999999998,0
6589,CA-2017-104731,2017-07-21,2017-07-27,Standard Class,AM-10705,Anne McFarland,Consumer,United States,Salem,Virginia,24153,South,OFF-BI-10003355,Office Supplies,Binders,Cardinal Holdit Business Card Pockets,14.940000000000001,3,0.0,7.171200000000001,0
6699,CA-2017-145429,2017-07-21,2017-07-25,Standard Class,SW-20455,Shaun Weien,Consumer,United States,San Diego,California,92024,West,OFF-PA-10003205,Office Supplies,Paper,"Wirebound Message Forms, Four 2 3/4 x 5 Forms per Page, Pink Paper",16.34,2,0.0,7.6798,0
6743,US-2017-101784,2017-07-06,2017-07-11,Standard Class,PO-18850,Patrick O'Brill,Consumer,United States,Los Angeles,California,90008,West,FUR-CH-10001146,Furniture,Chairs,"Global Task Chair, Black",122.13600000000001,3,0.2,-13.740299999999994,0
6786,CA-2017-121293,2017-07-25,2017-07-28,Second Class,JC-15775,John Castell,Consumer,United States,Philadelphia,Pennsylvania,19143,East,OFF-ST-10000060,Office Supplies,Storage,Fellowes Bankers Box Staxonsteel Drawer File/Stacking System,259.9200000000001,5,0.2,-25.992000000000004,0
6787,CA-2017-121293,2017-07-25,2017-07-28,Second Class,JC-15775,John Castell,Consumer,United States,Philadelphia,Pennsylvania,19143,East,OFF-PA-10004100,Office Supplies,Paper,Xerox 216,20.736000000000004,4,0.2,7.2576,0
6832,US-2017-123204,2017-07-21,2017-07-27,Standard Class,CS-11860,Cari Schnelling,Consumer,United States,New York City,New York,10024,East,OFF-AP-10002287,Office Supplies,Appliances,"Eureka Sanitaire  Multi-Pro Heavy-Duty Upright, Disposable Bags",17.48,4,0.0,4.5448,0
6902,US-2017-135013,2017-07-24,2017-07-24,Same Day,HR-14830,Harold Ryan,Corporate,United States,Huntington Beach,California,92646,West,TEC-CO-10001449,Technology,Copiers,Hewlett Packard LaserJet 3310 Copier,2399.96,5,0.2,839.9860000000001,0
6911,US-2017-115301,2017-07-29,2017-08-02,Standard Class,VG-21790,Vivek Gonzalez,Consumer,United States,Seattle,Washington,98103,West,FUR-BO-10004709,Furniture,Bookcases,"Bush Westfield Collection Bookcases, Medium Cherry Finish",115.96,2,0.0,25.511200000000002,0
7044,US-2017-165358,2017-07-18,2017-07-23,Standard Class,SV-20365,Seth Vernon,Consumer,United States,Philadelphia,Pennsylvania,19134,East,FUR-CH-10002647,Furniture,Chairs,"Situations Contoured Folding Chairs, 4/Set",198.744,4,0.3,-14.195999999999984,0
7045,US-2017-165358,2017-07-18,2017-07-23,Standard Class,SV-20365,Seth Vernon,Consumer,United States,Philadelphia,Pennsylvania,19134,East,OFF-SU-10004768,Office Supplies,Supplies,Acme Kleencut Forged Steel Scissors,9.184000000000001,2,0.2,1.1479999999999988,0
7084,CA-2017-118724,2017-07-21,2017-07-25,Second Class,AR-10825,Anthony Rawles,Corporate,United States,Concord,California,94521,West,OFF-AR-10003469,Office Supplies,Art,Nontoxic Chalk,3.52,2,0.0,1.6896,0
7496,CA-2017-121048,2017-07-14,2017-07-18,Standard Class,TC-21295,Toby Carlisle,Consumer,United States,Westminster,California,92683,West,OFF-BI-10004022,Office Supplies,Binders,Acco Suede Grain Vinyl Round Ring Binder,4.4479999999999995,2,0.2,1.4455999999999996,0
7497,CA-2017-121048,2017-07-14,2017-07-18,Standard Class,TC-21295,Toby Carlisle,Consumer,United States,Westminster,California,92683,West,FUR-FU-10003601,Furniture,Furnishings,"Deflect-o RollaMat Studded, Beveled Mat for Medium Pile Carpeting",276.69,3,0.0,49.804199999999994,0
7498,CA-2017-121048,2017-07-14,2017-07-18,Standard Class,TC-21295,Toby Carlisle,Consumer,United States,Westminster,California,92683,West,OFF-FA-10000490,Office Supplies,Fasteners,"OIC Binder Clips, Mini, 1/4"" Capacity, Black",4.96,4,0.0,2.3312,0
7500,CA-2017-121048,2017-07-14,2017-07-18,Standard Class,TC-21295,Toby Carlisle,Consumer,United States,Westminster,California,92683,West,FUR-FU-10002960,Furniture,Furnishings,"Eldon 200 Class Desk Accessories, Burgundy",18.84,3,0.0,7.912800000000001,0
7502,CA-2017-121048,2017-07-14,2017-07-18,Standard Class,TC-21295,Toby Carlisle,Consumer,United States,Westminster,California,92683,West,TEC-PH-10004977,Technology,Phones,GE 30524EE4,470.3760000000001,3,0.2,52.917299999999955,0
7510,US-2017-161935,2017-07-14,2017-07-18,Standard Class,JL-15835,John Lee,Consumer,United States,Columbus,Ohio,43229,East,TEC-PH-10000560,Technology,Phones,Samsung Galaxy S III - 16GB - pebble blue (T-Mobile),1889.946,9,0.4,-377.9892,0
7513,US-2017-161935,2017-07-14,2017-07-18,Standard Class,JL-15835,John Lee,Consumer,United States,Columbus,Ohio,43229,East,OFF-ST-10001837,Office Supplies,Storage,"SAFCO Mobile Desk Side File, Wire Frame",239.456,7,0.2,17.959200000000003,0
7514,US-2017-161935,2017-07-14,2017-07-18,Standard Class,JL-15835,John Lee,Consumer,United States,Columbus,Ohio,43229,East,OFF-AR-10004757,Office Supplies,Art,Crayola Colored Pencils,13.120000000000001,5,0.2,2.131999999999999,0
7659,CA-2017-155740,2017-07-30,2017-08-02,First Class,TC-21475,Tony Chapman,Home Office,United States,Lakewood,Ohio,44107,East,OFF-BI-10001071,Office Supplies,Binders,GBC ProClick Punch Binding System,76.77600000000001,4,0.7,-53.74319999999997,0
7691,US-2017-128951,2017-07-15,2017-07-17,First Class,RS-19420,Ricardo Sperren,Corporate,United States,Suffolk,Virginia,23434,South,FUR-TA-10004575,Furniture,Tables,Hon 5100 Series Wood Tables,872.94,3,0.0,157.12919999999997,0
7696,CA-2017-107958,2017-07-02,2017-07-05,First Class,AH-10120,Adrian Hane,Home Office,United States,Houston,Texas,77036,Central,OFF-PA-10000357,Office Supplies,Paper,"White Dual Perf Computer Printout Paper, 2700 Sheets, 1 Part, Heavyweight, 20 lbs., 14 7/8 x 11",163.96,5,0.2,59.4355,0
7870,US-2017-166233,2017-07-03,2017-07-09,Standard Class,MO-17950,Michael Oakman,Consumer,United States,Jacksonville,North Carolina,28540,South,TEC-AC-10002167,Technology,Accessories,Imation 8gb Micro Traveldrive Usb 2.0 Flash Drive,24.0,2,0.2,-2.6999999999999993,0
7894,CA-2017-125367,2017-07-23,2017-07-30,Standard Class,NM-18445,Nathan Mautz,Home Office,United States,New York City,New York,10011,East,OFF-BI-10002412,Office Supplies,Binders,Wilson Jones “Snap” Scratch Pad Binder Tool for Ring Binders,13.919999999999998,3,0.2,4.3500000000000005,0
7930,CA-2017-167549,2017-07-25,2017-07-27,First Class,EM-14200,Evan Minnotte,Home Office,United States,Dallas,Texas,75217,Central,FUR-TA-10004767,Furniture,Tables,Safco Drafting Table,298.116,6,0.3,-4.258800000000036,0
8038,CA-2017-169012,2017-07-10,2017-07-14,Standard Class,BF-11275,Beth Fritzler,Corporate,United States,Columbus,Georgia,31907,South,OFF-AP-10003278,Office Supplies,Appliances,Belkin 7-Outlet SurgeMaster Home Series,41.910000000000004,3,0.0,10.896600000000003,0
8095,CA-2017-133046,2017-07-27,2017-08-01,Second Class,DK-13375,Dennis Kane,Consumer,United States,Seattle,Washington,98115,West,OFF-PA-10003883,Office Supplies,Paper,"Message Book, Phone, Wirebound Standard Line Memo, 2 3/4"" X 5""",26.2,4,0.0,12.052,0
8096,CA-2017-133046,2017-07-27,2017-08-01,Second Class,DK-13375,Dennis Kane,Consumer,United States,Seattle,Washington,98115,West,OFF-PA-10002787,Office Supplies,Paper,Xerox 227,12.96,2,0.0,6.2208000000000006,0
8119,US-2017-106551,2017-07-22,2017-07-27,Standard Class,EB-13930,Eric Barreto,Consumer,United States,Chicago,Illinois,60653,Central,FUR-CH-10004997,Furniture,Chairs,Hon Every-Day Series Multi-Task Chairs,526.3439999999999,4,0.3,-75.19199999999998,0
8302,US-2017-167318,2017-07-26,2017-08-01,Standard Class,GZ-14545,George Zrebassa,Corporate,United States,Los Angeles,California,90036,West,TEC-AC-10003870,Technology,Accessories,Logitech Z-906 Speaker sys - home theater - 5.1-CH,1649.95,5,0.0,659.98,0
8303,US-2017-167318,2017-07-26,2017-08-01,Standard Class,GZ-14545,George Zrebassa,Corporate,United States,Los Angeles,California,90036,West,FUR-CH-10000665,Furniture,Chairs,"Global Airflow Leather Mesh Back Chair, Black",362.352,3,0.2,45.293999999999954,0
8327,CA-2017-103478,2017-07-21,2017-07-24,Second Class,KL-16555,Kelly Lampkin,Corporate,United States,Aurora,Illinois,60505,Central,OFF-BI-10001890,Office Supplies,Binders,Avery Poly Binder Pockets,2.8639999999999994,4,0.8,-4.582400000000002,0
8328,CA-2017-103478,2017-07-21,2017-07-24,Second Class,KL-16555,Kelly Lampkin,Corporate,United States,Aurora,Illinois,60505,Central,OFF-BI-10004224,Office Supplies,Binders,Catalog Binders with Expanding Posts,94.19199999999998,7,0.8,-164.83600000000007,0
8405,CA-2017-140480,2017-07-08,2017-07-12,Standard Class,HE-14800,Harold Engle,Corporate,United States,Newark,Delaware,19711,East,FUR-FU-10003247,Furniture,Furnishings,36X48 HARDFLOOR CHAIRMAT,83.92,4,0.0,5.874399999999994,0
8406,CA-2017-140480,2017-07-08,2017-07-12,Standard Class,HE-14800,Harold Engle,Corporate,United States,Newark,Delaware,19711,East,TEC-AC-10002473,Technology,Accessories,Maxell 4.7GB DVD-R,141.9,5,0.0,58.179,0
8409,CA-2017-140480,2017-07-08,2017-07-12,Standard Class,HE-14800,Harold Engle,Corporate,United States,Newark,Delaware,19711,East,OFF-AR-10004010,Office Supplies,Art,Hunt Boston Vacuum Mount KS Pencil Sharpener,174.95000000000002,5,0.0,45.487,0
8492,CA-2017-106824,2017-07-07,2017-07-11,Standard Class,AT-10735,Annie Thurman,Consumer,United States,Los Angeles,California,90049,West,OFF-FA-10001135,Office Supplies,Fasteners,"Brites Rubber Bands, 1 1/2 oz. Box",5.9399999999999995,3,0.0,0.11880000000000024,0
8639,CA-2017-118346,2017-07-23,2017-07-24,First Class,PO-19180,Philisse Overcash,Home Office,United States,Kenosha,Wisconsin,53142,Central,TEC-AC-10000736,Technology,Accessories,Logitech G600 MMO Gaming Mouse,399.95,5,0.0,143.982,0
8714,CA-2017-136623,2017-07-11,2017-07-16,Standard Class,TS-21430,Tom Stivers,Corporate,United States,San Diego,California,92105,West,TEC-PH-10000004,Technology,Phones,Belkin iPhone and iPad Lightning Cable,71.952,6,0.2,5.396399999999996,0
8715,CA-2017-136623,2017-07-11,2017-07-16,Standard Class,TS-21430,Tom Stivers,Corporate,United States,San Diego,California,92105,West,OFF-BI-10003708,Office Supplies,Binders,"Acco Four Pocket Poly Ring Binder with Label Holder, Smoke, 1""",29.800000000000004,5,0.2,9.312499999999998,0
9010,CA-2017-106047,2017-07-12,2017-07-18,Standard Class,CS-11860,Cari Schnelling,Consumer,United States,Fairfield,Ohio,45014,East,OFF-PA-10000791,Office Supplies,Paper,"Wirebound Message Books, Four 2 3/4 x 5 Forms per Page, 200 Sets per Book",3.816,1,0.2,1.1924999999999997,0
9230,CA-2017-133718,2017-07-23,2017-07-26,First Class,TB-21520,Tracy Blumstein,Consumer,United States,Los Angeles,California,90045,West,OFF-BI-10003429,Office Supplies,Binders,"Cardinal HOLDit! Binder Insert Strips,Extra Strips",15.192,3,0.2,5.507099999999999,0
9231,CA-2017-133718,2017-07-23,2017-07-26,First Class,TB-21520,Tracy Blumstein,Consumer,United States,Los Angeles,California,90045,West,OFF-PA-10002689,Office Supplies,Paper,Weyerhaeuser First Choice Laser/Copy Paper (20Lb. and 88 Bright),58.32000000000001,9,0.0,27.9936,0
9319,US-2017-108343,2017-07-20,2017-07-25,Standard Class,AR-10825,Anthony Rawles,Corporate,United States,New York City,New York,10009,East,OFF-PA-10000743,Office Supplies,Paper,Xerox 1977,13.36,2,0.0,6.4128,0
9321,US-2017-108343,2017-07-20,2017-07-25,Standard Class,AR-10825,Anthony Rawles,Corporate,United States,New York City,New York,10009,East,FUR-FU-10000747,Furniture,Furnishings,Tenex B1-RE Series Chair Mats for Low Pile Carpets,183.92,4,0.0,31.266399999999976,0
9439,CA-2017-126144,2017-07-31,2017-08-05,Standard Class,GM-14680,Greg Matthias,Consumer,United States,Philadelphia,Pennsylvania,19134,East,TEC-PH-10001079,Technology,Phones,Polycom SoundPoint Pro SE-225 Corded phone,285.57599999999996,4,0.4,-57.115200000000016,0
9569,CA-2017-104388,2017-07-05,2017-07-07,First Class,DK-12835,Damala Kotsonis,Corporate,United States,Fremont,Nebraska,68025,Central,TEC-PH-10002293,Technology,Phones,Anker 36W 4-Port USB Wall Charger Travel Power Adapter for iPhone 5s 5c 5,79.96,4,0.0,22.388800000000003,0
9703,CA-2017-147032,2017-07-31,2017-08-04,Standard Class,LB-16795,Laurel Beltran,Home Office,United States,Wilmington,Delaware,19805,East,OFF-PA-10003256,Office Supplies,Paper,Avery Personal Creations Heavyweight Cards,11.54,1,0.0,5.539199999999999,0
9704,CA-2017-147032,2017-07-31,2017-08-04,Standard Class,LB-16795,Laurel Beltran,Home Office,United States,Wilmington,Delaware,19805,East,OFF-BI-10003656,Office Supplies,Binders,Fellowes PB200 Plastic Comb Binding Machine,849.95,5,0.0,390.977,0
9809,CA-2017-145093,2017-07-21,2017-07-26,Standard Class,PT-19090,Pete Takahito,Consumer,United States,Chicago,Illinois,60623,Central,OFF-BI-10001116,Office Supplies,Binders,"Wilson Jones 1"" Hanging DublLock Ring Binders",2.1119999999999997,2,0.8,-3.3792,0
