Row ID,Order ID,Order Date,Ship Date,Ship Mode,Customer ID,Customer Name,Segment,Country,City,State,Postal Code,Region,Product ID,Category,Sub-Category,Product Name,Sales,Quantity,Discount,Profit,Data_origen
201,CA-2017-105074,2017-06-24,2017-06-29,Standard Class,MB-17305,Maria Bertelson,Consumer,United States,Akron,Ohio,44312,East,OFF-PA-10002666,Office Supplies,Paper,Southworth 25% Cotton Linen-Finish Paper & Envelopes,21.744000000000003,3,0.2,6.794999999999999,0
267,CA-2017-136826,2017-06-16,2017-06-20,Standard Class,CB-12535,Claudia Bergmann,Corporate,United States,Chapel Hill,North Carolina,27514,South,OFF-AR-10003602,Office Supplies,Art,"Quartet Omega Colored Chalk, 12/Pack",14.015999999999998,3,0.2,4.7303999999999995,0
486,CA-2017-140963,2017-06-10,2017-06-13,First Class,MT-18070,Michelle Tran,Home Office,United States,Los Angeles,California,90045,West,FUR-BO-10001337,Furniture,Bookcases,O'Sullivan Living Dimensions 2-Shelf Bookcases,514.165,5,0.15,-30.24499999999999,0
487,CA-2017-140963,2017-06-10,2017-06-13,First Class,MT-18070,Michelle Tran,Home Office,United States,Los Angeles,California,90045,West,TEC-PH-10001924,Technology,Phones,iHome FM Clock Radio with Lightning Dock,279.96,5,0.2,17.497500000000016,0
555,CA-2017-100650,2017-06-29,2017-07-03,Second Class,DK-13225,Dean Katz,Corporate,United States,Anaheim,California,92804,West,OFF-ST-10001780,Office Supplies,Storage,Tennsco 16-Compartment Lockers with Coat Rack,1295.78,2,0.0,310.98720000000003,0
644,CA-2017-106103,2017-06-10,2017-06-15,Standard Class,SC-20305,Sean Christensen,Consumer,United States,Rochester Hills,Michigan,48307,Central,TEC-AC-10003832,Technology,Accessories,Imation 16GB Mini TravelDrive USB 2.0 Flash Drive,132.52,4,0.0,54.333200000000005,0
654,CA-2017-140844,2017-06-19,2017-06-23,Standard Class,AR-10405,Allen Rosenblatt,Corporate,United States,New York City,New York,10035,East,TEC-AC-10001101,Technology,Accessories,Sony 16GB Class 10 Micro SDHC R40 Memory Card,103.12,8,0.0,10.311999999999998,0
667,CA-2017-132682,2017-06-08,2017-06-10,Second Class,TH-21235,Tiffany House,Corporate,United States,Dallas,Texas,75081,Central,OFF-PA-10000474,Office Supplies,Paper,Easy-staple paper,85.056,3,0.2,28.70639999999999,0
668,CA-2017-132682,2017-06-08,2017-06-10,Second Class,TH-21235,Tiffany House,Corporate,United States,Dallas,Texas,75081,Central,TEC-PH-10004042,Technology,Phones,ClearOne Communications CHAT 70 OC Speaker Phone,381.576,3,0.2,28.6182,0
830,CA-2017-129462,2017-06-16,2017-06-21,Second Class,JE-15745,Joel Eaton,Consumer,United States,Florence,Kentucky,41042,South,FUR-CH-10000665,Furniture,Chairs,"Global Airflow Leather Mesh Back Chair, Black",301.96,2,0.0,90.58799999999997,0
831,CA-2017-129462,2017-06-16,2017-06-21,Second Class,JE-15745,Joel Eaton,Consumer,United States,Florence,Kentucky,41042,South,OFF-AP-10003884,Office Supplies,Appliances,"Fellowes Smart Surge Ten-Outlet Protector, Platinum",180.66,3,0.0,50.58480000000001,0
832,CA-2017-129462,2017-06-16,2017-06-21,Second Class,JE-15745,Joel Eaton,Consumer,United States,Florence,Kentucky,41042,South,TEC-PH-10001557,Technology,Phones,Pyle PMP37LED,191.98,2,0.0,51.834599999999995,0
887,CA-2017-115364,2017-06-26,2017-07-02,Standard Class,OT-18730,Olvera Toch,Consumer,United States,San Diego,California,92105,West,OFF-ST-10002486,Office Supplies,Storage,Eldon Shelf Savers Cubes and Bins,83.76,12,0.0,1.6751999999999967,0
892,CA-2017-133256,2017-06-26,2017-06-27,First Class,TH-21550,Tracy Hopkins,Home Office,United States,Detroit,Michigan,48227,Central,OFF-PA-10001622,Office Supplies,Paper,"Ampad Poly Cover Wirebound Steno Book, 6"" x 9"" Assorted Colors, Gregg Ruled",4.54,1,0.0,2.0429999999999997,0
894,CA-2017-133256,2017-06-26,2017-06-27,First Class,TH-21550,Tracy Hopkins,Home Office,United States,Detroit,Michigan,48227,Central,TEC-PH-10002660,Technology,Phones,Nortel Networks T7316 E Nt8 B27,543.92,8,0.0,135.98000000000002,0
1012,CA-2017-118437,2017-06-17,2017-06-21,Second Class,PF-19165,Philip Fox,Consumer,United States,Olympia,Washington,98502,West,FUR-FU-10004848,Furniture,Furnishings,"Howard Miller 13-3/4"" Diameter Brushed Chrome Round Wall Clock",155.25,3,0.0,46.574999999999996,0
1013,CA-2017-118437,2017-06-17,2017-06-21,Second Class,PF-19165,Philip Fox,Consumer,United States,Olympia,Washington,98502,West,OFF-ST-10003722,Office Supplies,Storage,Project Tote Personal File,14.03,1,0.0,4.068699999999998,0
1090,CA-2017-158407,2017-06-04,2017-06-10,Standard Class,LW-16990,Lindsay Williams,Corporate,United States,Monroe,North Carolina,28110,South,FUR-FU-10001967,Furniture,Furnishings,Telescoping Adjustable Floor Lamp,31.983999999999998,2,0.2,1.998999999999998,0
1091,CA-2017-158407,2017-06-04,2017-06-10,Standard Class,LW-16990,Lindsay Williams,Corporate,United States,Monroe,North Carolina,28110,South,TEC-PH-10001819,Technology,Phones,Innergie mMini Combo Duo USB Travel Charging Kit,71.98400000000001,2,0.2,25.194399999999995,0
1160,CA-2017-147039,2017-06-29,2017-07-04,Standard Class,AA-10315,Alex Avila,Consumer,United States,Minneapolis,Minnesota,55407,Central,OFF-AP-10000576,Office Supplies,Appliances,"Belkin 325VA UPS Surge Protector, 6'",362.94,3,0.0,90.73500000000001,0
1270,CA-2017-100426,2017-06-04,2017-06-08,Standard Class,DC-12850,Dan Campbell,Consumer,United States,Florence,Alabama,35630,South,OFF-PA-10002870,Office Supplies,Paper,"Ampad Phone Message Book, Recycled, 400 Message Capacity, 5 ¾” x 11”",12.48,2,0.0,5.616,0
1446,CA-2017-102337,2017-06-13,2017-06-16,First Class,SD-20485,Shirley Daniels,Home Office,United States,Chicago,Illinois,60653,Central,OFF-ST-10004804,Office Supplies,Storage,"Belkin 19"" Vented Equipment Shelf, Black",164.736,4,0.2,-39.12479999999999,0
1448,CA-2017-102337,2017-06-13,2017-06-16,First Class,SD-20485,Shirley Daniels,Home Office,United States,Chicago,Illinois,60653,Central,TEC-PH-10002564,Technology,Phones,OtterBox Defender Series Case - Samsung Galaxy S4,47.984,2,0.2,5.997999999999992,0
1456,CA-2017-148474,2017-06-12,2017-06-19,Standard Class,ME-17320,Maria Etezadi,Home Office,United States,Columbus,Georgia,31907,South,OFF-BI-10000977,Office Supplies,Binders,Ibico Plastic Spiral Binding Combs,91.19999999999999,3,0.0,41.952,0
1511,CA-2017-100384,2017-06-24,2017-07-01,Standard Class,NH-18610,Nicole Hansen,Corporate,United States,Pomona,California,91767,West,OFF-AR-10002135,Office Supplies,Art,Boston Heavy-Duty Trimline Electric Pencil Sharpeners,385.6,8,0.0,111.82399999999996,0
1563,US-2017-102890,2017-06-30,2017-06-30,Same Day,SG-20470,Sheri Gordon,Consumer,United States,New York City,New York,10011,East,FUR-TA-10000577,Furniture,Tables,Bretford CR4500 Series Slim Rectangular Table,1044.6299999999999,5,0.4,-295.97849999999994,0
1569,US-2017-152002,2017-06-11,2017-06-11,Same Day,DV-13465,Dianna Vittorini,Consumer,United States,Los Angeles,California,90004,West,OFF-PA-10000357,Office Supplies,Paper,"White Dual Perf Computer Printout Paper, 2700 Sheets, 1 Part, Heavyweight, 20 lbs., 14 7/8 x 11",122.97,3,0.0,60.255300000000005,0
1629,CA-2017-101049,2017-06-21,2017-06-25,Second Class,AS-10240,Alan Shonely,Consumer,United States,Cleveland,Ohio,44105,East,FUR-FU-10004415,Furniture,Furnishings,"Stacking Tray, Side-Loading, Legal, Smoke",17.92,5,0.2,2.4639999999999986,0
1630,CA-2017-101049,2017-06-21,2017-06-25,Second Class,AS-10240,Alan Shonely,Consumer,United States,Cleveland,Ohio,44105,East,OFF-BI-10001510,Office Supplies,Binders,Deluxe Heavy-Duty Vinyl Round Ring Binder,41.25600000000001,6,0.7,-34.38000000000001,0
1993,CA-2017-133648,2017-06-25,2017-07-02,Standard Class,ML-17755,Max Ludwig,Home Office,United States,Springfield,Oregon,97477,West,OFF-LA-10003923,Office Supplies,Labels,Alphabetical Labels for Top Tab Filing,71.04,6,0.2,26.640000000000004,0
2258,CA-2017-105214,2017-06-16,2017-06-19,First Class,TS-21610,Troy Staebel,Consumer,United States,San Francisco,California,94122,West,FUR-CH-10000015,Furniture,Chairs,Hon Multipurpose Stacking Arm Chairs,1212.96,7,0.2,90.97199999999998,0
2259,CA-2017-105214,2017-06-16,2017-06-19,First Class,TS-21610,Troy Staebel,Consumer,United States,San Francisco,California,94122,West,OFF-PA-10001776,Office Supplies,Paper,"Wirebound Message Books, Four 2 3/4"" x 5"" Forms per Page, 600 Sets per Book",18.54,2,0.0,8.713799999999999,0
2309,US-2017-120418,2017-06-11,2017-06-12,First Class,BC-11125,Becky Castell,Home Office,United States,Peoria,Arizona,85345,West,FUR-CH-10001394,Furniture,Chairs,Global Leather Executive Chair,280.79200000000003,1,0.2,35.09899999999996,0
2310,US-2017-120418,2017-06-11,2017-06-12,First Class,BC-11125,Becky Castell,Home Office,United States,Peoria,Arizona,85345,West,OFF-ST-10002370,Office Supplies,Storage,"Sortfiler Multipurpose Personal File Organizer, Black",68.44800000000001,4,0.2,7.700399999999995,0
2311,US-2017-120418,2017-06-11,2017-06-12,First Class,BC-11125,Becky Castell,Home Office,United States,Peoria,Arizona,85345,West,OFF-AR-10002956,Office Supplies,Art,Boston 16801 Nautilus Battery Pencil Sharpener,88.04,5,0.2,6.602999999999998,0
2480,CA-2017-141992,2017-06-19,2017-06-25,Standard Class,FO-14305,Frank Olsen,Consumer,United States,Dallas,Texas,75220,Central,OFF-SU-10002557,Office Supplies,Supplies,Fiskars Spring-Action Scissors,11.184000000000001,1,0.2,0.8388,0
2500,US-2017-133781,2017-06-22,2017-06-23,First Class,DC-12850,Dan Campbell,Consumer,United States,Miami,Florida,33178,South,OFF-EN-10004483,Office Supplies,Envelopes,"#10 White Business Envelopes,4 1/8 x 9 1/2",37.608000000000004,3,0.2,12.692699999999995,0
2503,CA-2017-131618,2017-06-17,2017-06-20,First Class,LS-17200,Luke Schmidt,Corporate,United States,Skokie,Illinois,60076,Central,OFF-BI-10001294,Office Supplies,Binders,Fellowes Binding Cases,9.359999999999998,4,0.8,-16.380000000000003,0
2587,CA-2017-131695,2017-06-30,2017-07-06,Standard Class,RA-19285,Ralph Arnett,Consumer,United States,New York City,New York,10024,East,OFF-ST-10001476,Office Supplies,Storage,Steel Personal Filing/Posting Tote,248.57,7,0.0,67.11390000000002,0
2588,CA-2017-131695,2017-06-30,2017-07-06,Standard Class,RA-19285,Ralph Arnett,Consumer,United States,New York City,New York,10024,East,FUR-FU-10002045,Furniture,Furnishings,"Executive Impressions 14""",22.23,1,0.0,9.781200000000002,0
2640,CA-2017-108441,2017-06-12,2017-06-18,Standard Class,SB-20170,Sarah Bern,Consumer,United States,New York City,New York,10035,East,OFF-AR-10004691,Office Supplies,Art,Boston 1730 StandUp Electric Pencil Sharpener,64.14,3,0.0,16.6764,0
2685,CA-2017-137085,2017-06-29,2017-07-06,Standard Class,CT-11995,Carol Triggs,Consumer,United States,Los Angeles,California,90004,West,OFF-BI-10000632,Office Supplies,Binders,Satellite Sectional Post Binders,312.552,9,0.2,101.57939999999999,0
2707,CA-2017-155873,2017-06-16,2017-06-21,Standard Class,AB-10255,Alejandro Ballentine,Home Office,United States,Carlsbad,New Mexico,88220,West,OFF-PA-10001246,Office Supplies,Paper,Xerox 215,19.44,3,0.0,9.3312,0
2708,CA-2017-155873,2017-06-16,2017-06-21,Standard Class,AB-10255,Alejandro Ballentine,Home Office,United States,Carlsbad,New Mexico,88220,West,OFF-PA-10001815,Office Supplies,Paper,Xerox 1885,192.16,4,0.0,92.23679999999999,0
3690,CA-2017-140760,2017-06-02,2017-06-05,Second Class,DO-13435,Denny Ordway,Consumer,United States,Mesa,Arizona,85204,West,OFF-EN-10001141,Office Supplies,Envelopes,"Manila Recycled Extra-Heavyweight Clasp Envelopes, 6"" x 9""",43.92,5,0.2,15.921000000000003,0
4050,CA-2017-136350,2017-06-24,2017-06-26,Second Class,GA-14515,George Ashbrook,Consumer,United States,New York City,New York,10011,East,FUR-FU-10003601,Furniture,Furnishings,"Deflect-o RollaMat Studded, Beveled Mat for Medium Pile Carpeting",276.69,3,0.0,49.804199999999994,0
4083,US-2017-151316,2017-06-24,2017-06-30,Standard Class,MC-17635,Matthew Clasen,Corporate,United States,Decatur,Illinois,62521,Central,OFF-BI-10004632,Office Supplies,Binders,Ibico Hi-Tech Manual Binding System,182.99399999999997,3,0.8,-320.23950000000013,0
4101,US-2017-102288,2017-06-19,2017-06-23,Standard Class,ZC-21910,Zuschuss Carroll,Consumer,United States,Houston,Texas,77095,Central,OFF-AP-10004655,Office Supplies,Appliances,"Holmes Visible Mist Ultrasonic Humidifier with 2.3-Gallon Output per Day, Replacement Filter",2.2639999999999993,1,0.8,-5.207200000000001,0
4102,US-2017-102288,2017-06-19,2017-06-23,Standard Class,ZC-21910,Zuschuss Carroll,Consumer,United States,Houston,Texas,77095,Central,OFF-AP-10002906,Office Supplies,Appliances,Hoover Replacement Belt for Commercial Guardsman Heavy-Duty Upright Vacuum,0.44399999999999995,1,0.8,-1.1100000000000003,0
4222,CA-2017-134565,2017-06-11,2017-06-13,Second Class,TB-21400,Tom Boeckenhauer,Consumer,United States,Seattle,Washington,98103,West,TEC-MA-10001570,Technology,Machines,Cisco Desktop Collaboration Experience DX650 IP Video Phone,385.80000000000007,5,0.2,130.20749999999998,0
4224,CA-2017-134565,2017-06-11,2017-06-13,Second Class,TB-21400,Tom Boeckenhauer,Consumer,United States,Seattle,Washington,98103,West,FUR-BO-10001519,Furniture,Bookcases,O'Sullivan 3-Shelf Heavy-Duty Bookcases,174.42000000000002,3,0.0,41.860800000000005,0
4497,CA-2017-112753,2017-06-18,2017-06-23,Standard Class,CC-12670,Craig Carreira,Consumer,United States,Los Angeles,California,90032,West,OFF-PA-10002036,Office Supplies,Paper,Xerox 1930,38.88,6,0.0,19.0512,0
4542,US-2017-132206,2017-06-16,2017-06-21,Standard Class,MK-17905,Michael Kennedy,Corporate,United States,Chicago,Illinois,60653,Central,OFF-BI-10000756,Office Supplies,Binders,Storex DuraTech Recycled Plastic Frosted Binders,5.935999999999999,7,0.8,-8.904000000000003,0
4709,CA-2017-138149,2017-06-29,2017-06-30,First Class,WB-21850,William Brown,Consumer,United States,Los Angeles,California,90049,West,OFF-ST-10002974,Office Supplies,Storage,"Trav-L-File Heavy-Duty Shuttle II, Black",130.71,3,0.0,39.212999999999994,0
4710,CA-2017-138149,2017-06-29,2017-06-30,First Class,WB-21850,William Brown,Consumer,United States,Los Angeles,California,90049,West,OFF-AR-10000255,Office Supplies,Art,Newell 328,11.68,2,0.0,3.0367999999999995,0
4711,CA-2017-138149,2017-06-29,2017-06-30,First Class,WB-21850,William Brown,Consumer,United States,Los Angeles,California,90049,West,TEC-AC-10001284,Technology,Accessories,Enermax Briskie RF Wireless Keyboard and Mouse Combo,62.31,3,0.0,22.4316,0
4769,CA-2017-158883,2017-06-02,2017-06-03,Same Day,CS-11860,Cari Schnelling,Consumer,United States,Jacksonville,North Carolina,28540,South,OFF-PA-10004733,Office Supplies,Paper,Things To Do Today Spiral Book,25.344,4,0.2,9.187199999999999,0
4840,CA-2017-106831,2017-06-01,2017-06-03,First Class,FH-14350,Fred Harton,Consumer,United States,Dublin,Ohio,43017,East,TEC-PH-10001700,Technology,Phones,Panasonic KX-TG6844B Expandable Digital Cordless Telephone,158.37599999999998,4,0.4,-34.31479999999999,0
4865,CA-2017-163531,2017-06-26,2017-06-30,Standard Class,SC-20725,Steven Cartwright,Consumer,United States,New York City,New York,10024,East,TEC-PH-10001425,Technology,Phones,Mophie Juice Pack Helium for iPhone,239.96999999999997,3,0.0,67.1916,0
5157,CA-2017-163006,2017-06-30,2017-07-04,Second Class,GH-14410,Gary Hansen,Home Office,United States,Chicago,Illinois,60653,Central,TEC-PH-10002584,Technology,Phones,Samsung Galaxy S4,1001.5840000000001,2,0.2,125.19799999999992,0
5158,CA-2017-163006,2017-06-30,2017-07-04,Second Class,GH-14410,Gary Hansen,Home Office,United States,Chicago,Illinois,60653,Central,FUR-CH-10000229,Furniture,Chairs,Global Enterprise Series Seating High-Back Swivel/Tilt Chairs,569.058,3,0.3,-178.84680000000006,0
5219,CA-2017-167080,2017-06-10,2017-06-14,Standard Class,LC-16930,Linda Cazamias,Corporate,United States,New York City,New York,10011,East,OFF-AR-10001868,Office Supplies,Art,Prang Dustless Chalk Sticks,8.4,5,0.0,4.2,0
5293,CA-2017-151218,2017-06-20,2017-06-23,First Class,PJ-19015,Pauline Johnson,Consumer,United States,Miami,Florida,33180,South,OFF-ST-10004835,Office Supplies,Storage,Plastic Stacking Crates & Casters,4.464,1,0.2,0.3348,0
5368,CA-2017-158071,2017-06-10,2017-06-15,Standard Class,BD-11320,Bill Donatelli,Consumer,United States,Seattle,Washington,98103,West,OFF-LA-10004689,Office Supplies,Labels,Avery 512,11.56,4,0.0,5.4332,0
5369,CA-2017-158071,2017-06-10,2017-06-15,Standard Class,BD-11320,Bill Donatelli,Consumer,United States,Seattle,Washington,98103,West,OFF-ST-10001228,Office Supplies,Storage,Personal File Boxes with Fold-Down Carry Handle,15.58,1,0.0,3.8949999999999996,0
5478,CA-2017-169691,2017-06-15,2017-06-18,First Class,Dp-13240,Dean percer,Home Office,United States,Maple Grove,Minnesota,55369,Central,OFF-PA-10003022,Office Supplies,Paper,Xerox 1992,17.94,3,0.0,8.790600000000001,0
5618,CA-2017-125745,2017-06-30,2017-07-04,Standard Class,DV-13045,Darrin Van Huff,Corporate,United States,Memphis,Tennessee,38109,South,FUR-FU-10001591,Furniture,Furnishings,Advantus Panel Wall Certificate Holder - 8.5x11,19.52,2,0.2,5.368000000000001,0
5733,CA-2017-143574,2017-06-29,2017-07-02,First Class,DR-12880,Dan Reichenbach,Corporate,United States,Milford,Connecticut,6460,East,FUR-BO-10002598,Furniture,Bookcases,"Hon Metal Bookcases, Putty",638.82,9,0.0,185.25779999999997,0
5735,CA-2017-143574,2017-06-29,2017-07-02,First Class,DR-12880,Dan Reichenbach,Corporate,United States,Milford,Connecticut,6460,East,FUR-FU-10003976,Furniture,Furnishings,"DAX Executive Solid Wood Document Frame, Desktop or Hang, Mahogany, 5 x 7",25.16,2,0.0,8.554399999999998,0
5926,CA-2017-150420,2017-06-03,2017-06-08,Standard Class,GD-14590,Giulietta Dortch,Corporate,United States,Bellingham,Washington,98226,West,TEC-AC-10004975,Technology,Accessories,Plantronics Audio 995 Wireless Stereo Headset,1099.5,10,0.0,362.83500000000004,0
6304,CA-2017-162712,2017-06-18,2017-06-20,Second Class,NK-18490,Neil Knudson,Home Office,United States,Corpus Christi,Texas,78415,Central,OFF-PA-10000167,Office Supplies,Paper,Xerox 1925,74.352,3,0.2,23.234999999999992,0
6482,CA-2017-140872,2017-06-03,2017-06-10,Standard Class,NR-18550,Nick Radford,Consumer,United States,Pembroke Pines,Florida,33024,South,FUR-BO-10002824,Furniture,Bookcases,Bush Mission Pointe Library,241.56799999999998,2,0.2,0.0,0
6485,CA-2017-113908,2017-06-03,2017-06-09,Standard Class,KN-16390,Katherine Nockton,Corporate,United States,New York City,New York,10011,East,TEC-MA-10003173,Technology,Machines,Hewlett-Packard 300S Scientific Calculator,78.66,6,0.0,36.18359999999999,0
6486,CA-2017-113908,2017-06-03,2017-06-09,Standard Class,KN-16390,Katherine Nockton,Corporate,United States,New York City,New York,10011,East,OFF-PA-10004156,Office Supplies,Paper,Xerox 188,45.36,4,0.0,22.226399999999998,0
6745,CA-2017-111269,2017-06-16,2017-06-18,Second Class,CS-12355,Christine Sundaresam,Consumer,United States,Dublin,Ohio,43017,East,TEC-AC-10001606,Technology,Accessories,Logitech Wireless Performance Mouse MX for PC and Mac,479.952,6,0.2,107.98920000000001,0
6941,CA-2017-107132,2017-06-26,2017-06-30,Standard Class,SC-20260,Scott Cohen,Corporate,United States,New York City,New York,10009,East,OFF-SU-10002503,Office Supplies,Supplies,Acme Preferred Stainless Steel Scissors,28.4,5,0.0,8.235999999999999,0
7090,CA-2017-118864,2017-06-15,2017-06-19,Second Class,KH-16690,Kristen Hastings,Corporate,United States,Los Angeles,California,90032,West,TEC-PH-10001809,Technology,Phones,Panasonic KX T7736-B Digital phone,119.96,1,0.2,7.497499999999999,0
7105,CA-2017-128944,2017-06-19,2017-06-21,Second Class,KH-16330,Katharine Harms,Corporate,United States,Newark,Ohio,43055,East,FUR-CH-10000785,Furniture,Chairs,Global Ergonomic Managers Chair,760.1159999999999,6,0.3,-43.43520000000001,0
7107,CA-2017-128944,2017-06-19,2017-06-21,Second Class,KH-16330,Katharine Harms,Corporate,United States,Newark,Ohio,43055,East,TEC-AC-10001553,Technology,Accessories,"Memorex 25GB 6X Branded Blu-Ray Recordable Disc, 15/Pack",122.32799999999999,9,0.2,1.5291000000000032,0
7262,CA-2017-137001,2017-06-10,2017-06-13,Second Class,GZ-14545,George Zrebassa,Corporate,United States,Thousand Oaks,California,91360,West,OFF-AR-10001231,Office Supplies,Art,"Sanford EarthWrite Recycled Pencils, Medium Soft, #2",14.700000000000001,7,0.0,4.1160000000000005,0
7265,CA-2017-122056,2017-06-13,2017-06-17,Standard Class,PG-18895,Paul Gonzalez,Consumer,United States,Springfield,Virginia,22153,South,OFF-AR-10004260,Office Supplies,Art,Boston 1799 Powerhouse Electric Pencil Sharpener,181.86,7,0.0,50.9208,0
7310,CA-2017-112172,2017-06-10,2017-06-14,Second Class,MM-18280,Muhammed MacIntyre,Corporate,United States,New York City,New York,10024,East,OFF-FA-10004395,Office Supplies,Fasteners,Plymouth Boxed Rubber Bands by Plymouth,14.129999999999999,3,0.0,0.7065000000000001,0
7454,CA-2017-134796,2017-06-25,2017-07-01,Standard Class,FM-14380,Fred McMath,Consumer,United States,Bolingbrook,Illinois,60440,Central,TEC-PH-10003505,Technology,Phones,Geemarc AmpliPOWER60,148.48,2,0.2,16.703999999999986,0
7731,CA-2017-104850,2017-06-13,2017-06-19,Standard Class,TW-21025,Tamara Willingham,Home Office,United States,Seattle,Washington,98103,West,FUR-CH-10003774,Furniture,Chairs,"Global Wood Trimmed Manager's Task Chair, Khaki",291.136,4,0.2,-25.474400000000017,0
7733,CA-2017-143294,2017-06-02,2017-06-08,Standard Class,JD-15790,John Dryer,Consumer,United States,Houston,Texas,77070,Central,OFF-PA-10000743,Office Supplies,Paper,Xerox 1977,10.688,2,0.2,3.7407999999999997,0
7801,CA-2017-157413,2017-06-01,2017-06-06,Standard Class,BW-11065,Barry Weirich,Consumer,United States,Philadelphia,Pennsylvania,19120,East,OFF-ST-10002756,Office Supplies,Storage,"Tennsco Stur-D-Stor Boltless Shelving, 5 Shelves, 24"" Deep, Sand",324.744,3,0.2,-77.12669999999997,0
7816,US-2017-109316,2017-06-08,2017-06-10,First Class,MG-17680,Maureen Gastineau,Home Office,United States,Los Angeles,California,90049,West,TEC-PH-10000307,Technology,Phones,Shocksock Galaxy S4 Armband,17.52,2,0.2,-3.5040000000000022,0
7896,CA-2017-124744,2017-06-21,2017-06-25,Standard Class,EH-14125,Eugene Hildebrand,Home Office,United States,Wheeling,West Virginia,26003,East,OFF-BI-10000145,Office Supplies,Binders,Zipper Ring Binder Pockets,6.24,2,0.0,3.0576,0
7915,CA-2017-165323,2017-06-17,2017-06-21,Standard Class,SR-20740,Steven Roelle,Home Office,United States,New York City,New York,10024,East,TEC-MA-10003673,Technology,Machines,Hewlett-Packard Desktjet 6988DT Refurbished Printer,3404.5,5,0.0,1668.205,0
7916,CA-2017-165323,2017-06-17,2017-06-21,Standard Class,SR-20740,Steven Roelle,Home Office,United States,New York City,New York,10024,East,TEC-AC-10004992,Technology,Accessories,Kingston Digital DataTraveler 64GB USB 2.0,101.34,3,0.0,8.107199999999992,0
8039,CA-2017-109393,2017-06-30,2017-07-02,Second Class,JC-15775,John Castell,Consumer,United States,Los Angeles,California,90032,West,FUR-BO-10003966,Furniture,Bookcases,"Sauder Facets Collection Library, Sky Alder Finish",435.999,3,0.15,5.1293999999999755,0
8118,US-2017-113201,2017-06-30,2017-07-05,Standard Class,TT-21220,Thomas Thornton,Consumer,United States,Los Angeles,California,90045,West,OFF-PA-10000675,Office Supplies,Paper,Xerox 1919,204.95000000000002,5,0.0,100.4255,0
8275,CA-2017-164112,2017-06-30,2017-07-04,Standard Class,ND-18460,Neil Ducich,Corporate,United States,Mount Vernon,New York,10550,East,OFF-ST-10002615,Office Supplies,Storage,"Dual Level, Single-Width Filing Carts",1085.42,7,0.0,282.2092,0
8342,CA-2017-141481,2017-06-11,2017-06-14,First Class,ZD-21925,Zuschuss Donatelli,Consumer,United States,Los Angeles,California,90036,West,OFF-AP-10004532,Office Supplies,Appliances,Kensington 6 Outlet Guardian Standard Surge Protector,61.44,3,0.0,16.5888,0
8518,CA-2017-149720,2017-06-04,2017-06-07,Second Class,EM-14065,Erin Mull,Consumer,United States,Frisco,Texas,75034,Central,FUR-FU-10002501,Furniture,Furnishings,Nu-Dell Executive Frame,30.336000000000006,6,0.6,-17.443199999999997,0
8697,CA-2017-119284,2017-06-15,2017-06-20,Standard Class,TS-21205,Thomas Seio,Corporate,United States,Nashville,Tennessee,37211,South,TEC-PH-10001051,Technology,Phones,HTC One,239.976,3,0.2,26.997299999999967,0
8699,CA-2017-119284,2017-06-15,2017-06-20,Standard Class,TS-21205,Thomas Seio,Corporate,United States,Nashville,Tennessee,37211,South,FUR-TA-10004152,Furniture,Tables,"Barricks 18"" x 48"" Non-Folding Utility Table with Bottom Storage Shelf",120.96,2,0.4,-28.224000000000004,0
8701,CA-2017-119284,2017-06-15,2017-06-20,Standard Class,TS-21205,Thomas Seio,Corporate,United States,Nashville,Tennessee,37211,South,OFF-AP-10004249,Office Supplies,Appliances,Staple holder,76.608,8,0.2,6.703199999999995,0
8703,CA-2017-119284,2017-06-15,2017-06-20,Standard Class,TS-21205,Thomas Seio,Corporate,United States,Nashville,Tennessee,37211,South,OFF-PA-10000312,Office Supplies,Paper,Xerox 1955,91.36000000000001,5,0.2,29.691999999999993,0
8733,CA-2017-116988,2017-06-27,2017-06-29,Second Class,PW-19030,Pauline Webber,Corporate,United States,Seattle,Washington,98105,West,OFF-PA-10003848,Office Supplies,Paper,Xerox 1997,19.44,3,0.0,9.3312,0
8735,CA-2017-116988,2017-06-27,2017-06-29,Second Class,PW-19030,Pauline Webber,Corporate,United States,Seattle,Washington,98105,West,TEC-AC-10003832,Technology,Accessories,Logitech P710e Mobile Speakerphone,1287.45,5,0.0,244.61549999999988,0
8789,CA-2017-126914,2017-06-15,2017-06-19,Standard Class,JE-15715,Joe Elijah,Consumer,United States,Monroe,North Carolina,28110,South,FUR-CH-10000847,Furniture,Chairs,Global Executive Mid-Back Manager's Chair,698.3520000000001,3,0.2,52.37639999999996,0
8790,CA-2017-126914,2017-06-15,2017-06-19,Standard Class,JE-15715,Joe Elijah,Consumer,United States,Monroe,North Carolina,28110,South,FUR-BO-10000468,Furniture,Bookcases,O'Sullivan 2-Shelf Heavy-Duty Bookcases,77.72800000000001,2,0.2,-3.8863999999999947,0
8924,CA-2017-133928,2017-06-11,2017-06-17,Standard Class,ZC-21910,Zuschuss Carroll,Consumer,United States,Hickory,North Carolina,28601,South,OFF-BI-10001525,Office Supplies,Binders,"Acco Pressboard Covers with Storage Hooks, 14 7/8"" x 11"", Executive Red",4.572000000000001,4,0.7,-3.8100000000000005,0
9033,CA-2017-105823,2017-06-22,2017-06-26,Standard Class,RB-19465,Rick Bensley,Home Office,United States,Detroit,Michigan,48227,Central,FUR-CH-10000454,Furniture,Chairs,"Hon Deluxe Fabric Upholstered Stacking Chairs, Rounded Back",487.96,2,0.0,146.38799999999998,0
9175,CA-2017-119424,2017-06-12,2017-06-14,Second Class,SB-20185,Sarah Brown,Consumer,United States,Kent,Washington,98031,West,TEC-PH-10002564,Technology,Phones,OtterBox Defender Series Case - Samsung Galaxy S4,71.976,3,0.2,8.99699999999999,0
9176,CA-2017-119424,2017-06-12,2017-06-14,Second Class,SB-20185,Sarah Brown,Consumer,United States,Kent,Washington,98031,West,OFF-PA-10001639,Office Supplies,Paper,Xerox 203,19.44,3,0.0,9.3312,0
9287,CA-2017-154011,2017-06-19,2017-06-26,Standard Class,DB-13270,Deborah Brumfield,Home Office,United States,Dallas,Texas,75081,Central,OFF-BI-10003166,Office Supplies,Binders,GBC Plasticlear Binding Covers,6.887999999999998,3,0.8,-11.020800000000005,0
9451,CA-2017-145506,2017-06-03,2017-06-07,Standard Class,MO-17800,Meg O'Connel,Home Office,United States,Spokane,Washington,99207,West,OFF-ST-10004963,Office Supplies,Storage,Eldon Gobal File Keepers,136.26,9,0.0,5.450399999999991,0
9537,CA-2017-124191,2017-06-12,2017-06-14,Second Class,TS-21610,Troy Staebel,Consumer,United States,Chicago,Illinois,60610,Central,FUR-FU-10002364,Furniture,Furnishings,"Eldon Expressions Wood Desk Accessories, Oak",8.856,3,0.6,-6.863400000000001,0
9624,CA-2017-137449,2017-06-29,2017-06-30,First Class,ME-17725,Max Engle,Consumer,United States,Dallas,Texas,75220,Central,OFF-AP-10000240,Office Supplies,Appliances,Belkin F9G930V10-GRY 9 Outlet Surge,21.391999999999992,2,0.8,-54.54960000000001,0
9625,CA-2017-137449,2017-06-29,2017-06-30,First Class,ME-17725,Max Engle,Consumer,United States,Dallas,Texas,75220,Central,FUR-TA-10002855,Furniture,Tables,Bevis Round Conference Table Top & Single Column Base,307.314,3,0.3,-39.51180000000004,0
9626,CA-2017-137449,2017-06-29,2017-06-30,First Class,ME-17725,Max Engle,Consumer,United States,Dallas,Texas,75220,Central,FUR-BO-10000780,Furniture,Bookcases,O'Sullivan Plantations 2-Door Library in Landvery Oak,409.9992,3,0.32,-96.47039999999996,0
9646,US-2017-107979,2017-06-08,2017-06-13,Standard Class,FO-14305,Frank Olsen,Consumer,United States,Glendale,Arizona,85301,West,OFF-ST-10002485,Office Supplies,Storage,Rogers Deluxe File Chest,35.168,2,0.2,-8.352400000000001,0
9690,US-2017-135986,2017-06-20,2017-06-27,Standard Class,PG-18895,Paul Gonzalez,Consumer,United States,Richmond,Virginia,23223,South,TEC-PH-10003691,Technology,Phones,BlackBerry Q10,503.96,4,0.0,125.99000000000001,0
9828,CA-2017-169999,2017-06-19,2017-06-26,Standard Class,JS-15685,Jim Sink,Corporate,United States,New York City,New York,10035,East,OFF-ST-10001511,Office Supplies,Storage,Space Solutions Commercial Steel Shelving,129.3,2,0.0,6.464999999999989,0
9855,CA-2017-138870,2017-06-19,2017-06-23,Standard Class,GA-14515,George Ashbrook,Consumer,United States,San Francisco,California,94109,West,FUR-FU-10002396,Furniture,Furnishings,"DAX Copper Panel Document Frame, 5 x 7 Size",50.32,4,0.0,21.134400000000003,0
9856,CA-2017-138870,2017-06-19,2017-06-23,Standard Class,GA-14515,George Ashbrook,Consumer,United States,San Francisco,California,94109,West,OFF-PA-10004438,Office Supplies,Paper,Xerox 1907,24.56,2,0.0,11.543199999999999,0
9937,CA-2017-132955,2017-06-24,2017-06-28,Standard Class,SC-20575,Sonia Cooley,Consumer,United States,Cranston,Rhode Island,2920,East,OFF-BI-10002735,Office Supplies,Binders,GBC Prestige Therm-A-Bind Covers,102.93,3,0.0,48.377100000000006,0
9948,CA-2017-121559,2017-06-01,2017-06-03,Second Class,HW-14935,Helen Wasserman,Corporate,United States,Indianapolis,Indiana,46203,Central,FUR-CH-10003746,Furniture,Chairs,Hon 4070 Series Pagoda Round Back Stacking Chairs,1925.88,6,0.0,539.2464,0
9949,CA-2017-121559,2017-06-01,2017-06-03,Second Class,HW-14935,Helen Wasserman,Corporate,United States,Indianapolis,Indiana,46203,Central,OFF-AP-10002945,Office Supplies,Appliances,Honeywell Enviracaire Portable HEPA Air Cleaner for 17' x 22' Room,2405.2,8,0.0,793.7159999999999,0
