Row ID,Order ID,Order Date,Ship Date,Ship Mode,Customer ID,Customer Name,Segment,Country,City,State,Postal Code,Region,Product ID,Category,Sub-Category,Product Name,Sales,Quantity,Discount,Profit,Data_origen
420,CA-2017-110478,2017-03-04,2017-03-09,Standard Class,SP-20860,Sung Pak,Corporate,United States,Los Angeles,California,90045,West,OFF-AR-10001573,Office Supplies,Art,American Pencil,9.32,4,0.0,2.702799999999999,0
447,CA-2017-154214,2017-03-20,2017-03-25,Second Class,TB-21595,Troy Blackwell,Consumer,United States,Columbus,Indiana,47201,Central,FUR-FU-10000206,Furniture,Furnishings,"GE General Purpose, Extra Long Life, Showcase & Floodlight Incandescent Bulbs",2.91,1,0.0,1.3677,0
679,US-2017-119438,2017-03-18,2017-03-23,Standard Class,CD-11980,Carol Darley,Consumer,United States,Tyler,Texas,75701,Central,FUR-FU-10003553,Furniture,Furnishings,"Howard Miller 13-1/2"" Diameter Rosebrook Wall Clock",82.524,3,0.6,-41.26199999999997,0
680,US-2017-119438,2017-03-18,2017-03-23,Standard Class,CD-11980,Carol Darley,Consumer,United States,Tyler,Texas,75701,Central,OFF-BI-10004632,Office Supplies,Binders,Ibico Hi-Tech Manual Binding System,182.99399999999997,3,0.8,-320.23950000000013,0
787,CA-2017-129567,2017-03-17,2017-03-21,Second Class,CL-12565,Clay Ludtke,Consumer,United States,Lancaster,California,93534,West,OFF-BI-10000014,Office Supplies,Binders,Heavy-Duty E-Z-D Binders,17.456,2,0.2,5.8914,0
1323,CA-2017-121804,2017-03-03,2017-03-08,Standard Class,LP-17095,Liz Preis,Consumer,United States,Murray,Kentucky,42071,South,OFF-AP-10004859,Office Supplies,Appliances,Acco 6 Outlet Guardian Premium Surge Suppressor,72.8,5,0.0,19.656000000000002,0
1338,CA-2017-100524,2017-03-31,2017-04-02,Second Class,CM-12115,Chad McGuire,Consumer,United States,New York City,New York,10011,East,FUR-FU-10004018,Furniture,Furnishings,Tensor Computer Mounted Lamp,29.78,2,0.0,8.040600000000001,0
1372,CA-2017-136672,2017-03-07,2017-03-12,Standard Class,MG-17890,Michael Granlund,Home Office,United States,Clinton,Maryland,20735,East,TEC-AC-10004510,Technology,Accessories,Logitech Desktop MK120 Mouse and keyboard Combo,49.08,3,0.0,4.907999999999998,0
1770,CA-2017-146024,2017-03-02,2017-03-08,Standard Class,SC-20770,Stewart Carmichael,Corporate,United States,Dallas,Texas,75081,Central,OFF-SU-10001935,Office Supplies,Supplies,Staple remover,6.976000000000001,4,0.2,-1.3952000000000013,0
1771,CA-2017-146024,2017-03-02,2017-03-08,Standard Class,SC-20770,Stewart Carmichael,Corporate,United States,Dallas,Texas,75081,Central,OFF-BI-10003291,Office Supplies,Binders,Wilson Jones Leather-Like Binders with DublLock Round Rings,12.221999999999998,7,0.8,-20.166300000000007,0
1861,US-2017-121251,2017-03-26,2017-03-27,First Class,GM-14440,Gary McGarr,Consumer,United States,New York City,New York,10009,East,FUR-BO-10001918,Furniture,Bookcases,"Sauder Forest Hills Library with Doors, Woodland Oak Finish",257.568,2,0.2,-28.976400000000012,0
1880,US-2017-166611,2017-03-28,2017-04-02,Standard Class,CK-12760,Cyma Kinney,Corporate,United States,Jacksonville,Florida,32216,South,OFF-BI-10001191,Office Supplies,Binders,Canvas Sectional Post Binders,68.74200000000002,9,0.7,-48.119399999999985,0
1930,US-2017-101539,2017-03-16,2017-03-18,Second Class,VM-21685,Valerie Mitchum,Home Office,United States,Seattle,Washington,98105,West,OFF-ST-10004180,Office Supplies,Storage,Safco Commercial Shelving,46.51,1,0.0,1.8603999999999985,0
1931,US-2017-101539,2017-03-16,2017-03-18,Second Class,VM-21685,Valerie Mitchum,Home Office,United States,Seattle,Washington,98105,West,TEC-PH-10004165,Technology,Phones,Mitel MiVoice 5330e IP Phone,659.9760000000001,3,0.2,49.49819999999997,0
2104,CA-2017-167101,2017-03-24,2017-03-28,Second Class,BM-11650,Brian Moss,Corporate,United States,New York City,New York,10009,East,OFF-PA-10000357,Office Supplies,Paper,Xerox 1888,221.92,4,0.0,106.52159999999999,0
2105,CA-2017-167101,2017-03-24,2017-03-28,Second Class,BM-11650,Brian Moss,Corporate,United States,New York City,New York,10009,East,TEC-AC-10001266,Technology,Accessories,Memorex Micro Travel Drive 8 GB,26.0,2,0.0,11.7,0
2163,CA-2017-166296,2017-03-13,2017-03-19,Standard Class,KF-16285,Karen Ferguson,Home Office,United States,Manteca,California,95336,West,OFF-PA-10004359,Office Supplies,Paper,Multicolor Computer Printout Paper,314.54999999999995,3,0.0,150.98399999999998,0
2334,CA-2017-169285,2017-03-21,2017-03-25,Standard Class,RW-19690,Robert Waldorf,Consumer,United States,Lafayette,Indiana,47905,Central,OFF-PA-10004971,Office Supplies,Paper,Xerox 196,5.78,1,0.0,2.8322000000000003,0
2384,US-2017-117534,2017-03-25,2017-03-26,First Class,CV-12295,Christina VanderZanden,Consumer,United States,Fresno,California,93727,West,OFF-AR-10003087,Office Supplies,Art,Staples in misc. colors,16.02,9,0.0,4.4856,0
2386,US-2017-117534,2017-03-25,2017-03-26,First Class,CV-12295,Christina VanderZanden,Consumer,United States,Fresno,California,93727,West,TEC-PH-10000141,Technology,Phones,Clearsounds A400,211.168,4,0.2,15.837600000000009,0
2387,US-2017-117534,2017-03-25,2017-03-26,First Class,CV-12295,Christina VanderZanden,Consumer,United States,Fresno,California,93727,West,TEC-CO-10000971,Technology,Copiers,Hewlett Packard 310 Color Digital Copier,479.98400000000004,2,0.2,59.99799999999996,0
2451,CA-2017-140949,2017-03-17,2017-03-22,Second Class,DB-13405,Denny Blanton,Consumer,United States,New York City,New York,10011,East,OFF-LA-10000081,Office Supplies,Labels,Avery 496,18.75,5,0.0,9.0,0
2452,CA-2017-140949,2017-03-17,2017-03-22,Second Class,DB-13405,Denny Blanton,Consumer,United States,New York City,New York,10011,East,TEC-PH-10000149,Technology,Phones,Cisco SPA525G2 IP Phone - Wireless,119.69999999999999,6,0.0,31.121999999999996,0
2455,CA-2017-140949,2017-03-17,2017-03-22,Second Class,DB-13405,Denny Blanton,Consumer,United States,New York City,New York,10011,East,TEC-AC-10003038,Technology,Accessories,Kingston Digital DataTraveler 16GB USB 2.0,71.6,8,0.0,13.603999999999992,0
2457,CA-2017-140949,2017-03-17,2017-03-22,Second Class,DB-13405,Denny Blanton,Consumer,United States,New York City,New York,10011,East,OFF-LA-10004093,Office Supplies,Labels,Avery 486,7.31,1,0.0,3.4356999999999998,0
2458,CA-2017-140949,2017-03-17,2017-03-22,Second Class,DB-13405,Denny Blanton,Consumer,United States,New York City,New York,10011,East,OFF-AR-10001683,Office Supplies,Art,Lumber Crayons,59.099999999999994,6,0.0,22.458000000000002,0
2459,CA-2017-140949,2017-03-17,2017-03-22,Second Class,DB-13405,Denny Blanton,Consumer,United States,New York City,New York,10011,East,OFF-ST-10003455,Office Supplies,Storage,"Tenex File Box, Personal Filing Tote with Lid, Black",46.53,3,0.0,12.097800000000001,0
2509,CA-2017-163902,2017-03-02,2017-03-08,Standard Class,MY-17380,Maribeth Yedwab,Corporate,United States,Los Angeles,California,90045,West,TEC-PH-10000675,Technology,Phones,Panasonic KX TS3282B Corded phone,196.776,3,0.2,14.758199999999995,0
2943,CA-2017-155880,2017-03-25,2017-03-31,Standard Class,JD-16150,Justin Deggeller,Corporate,United States,Milwaukee,Wisconsin,53209,Central,FUR-CH-10002880,Furniture,Chairs,"Global High-Back Leather Tilter, Burgundy",368.96999999999997,3,0.0,40.58669999999998,0
2994,CA-2017-147291,2017-03-11,2017-03-17,Standard Class,MJ-17740,Max Jones,Consumer,United States,Detroit,Michigan,48227,Central,OFF-BI-10003091,Office Supplies,Binders,GBC DocuBind TL200 Manual Binding Machine,895.92,4,0.0,421.08239999999995,0
3062,CA-2017-127621,2017-03-03,2017-03-07,Standard Class,RE-19450,Richard Eichhorn,Consumer,United States,Dallas,Texas,75081,Central,OFF-PA-10001307,Office Supplies,Paper,"Important Message Pads, 50 4-1/4 x 5-1/2 Forms per Pad",26.880000000000003,8,0.2,9.743999999999998,0
3067,CA-2017-106859,2017-03-13,2017-03-18,Second Class,BF-11215,Benjamin Farhat,Home Office,United States,Albuquerque,New Mexico,87105,West,TEC-AC-10004001,Technology,Accessories,Logitech Wireless Headset H600 Over-The-Head Design,214.95000000000002,5,0.0,88.12950000000001,0
3069,CA-2017-106859,2017-03-13,2017-03-18,Second Class,BF-11215,Benjamin Farhat,Home Office,United States,Albuquerque,New Mexico,87105,West,OFF-PA-10001815,Office Supplies,Paper,Xerox 1885,288.24,6,0.0,138.35519999999997,0
3089,US-2017-159205,2017-03-31,2017-04-02,Second Class,DB-12910,Daniel Byrd,Home Office,United States,Henderson,Kentucky,42420,South,FUR-FU-10001591,Furniture,Furnishings,Advantus Panel Wall Certificate Holder - 8.5x11,61.0,5,0.0,25.620000000000005,0
3188,CA-2017-159352,2017-03-12,2017-03-17,Standard Class,KB-16585,Ken Black,Corporate,United States,Lowell,Massachusetts,1852,East,TEC-PH-10004700,Technology,Phones,PowerGen Dual USB Car Charger,69.93,7,0.0,32.1678,0
3243,CA-2017-114524,2017-03-31,2017-04-05,Second Class,EG-13900,Emily Grady,Consumer,United States,Chicago,Illinois,60623,Central,OFF-BI-10002799,Office Supplies,Binders,"SlimView Poly Binder, 3/8""",13.467999999999998,13,0.8,-22.895600000000005,0
3379,CA-2017-142867,2017-03-17,2017-03-21,Standard Class,PO-19180,Philisse Overcash,Home Office,United States,Houston,Texas,77095,Central,OFF-BI-10003166,Office Supplies,Binders,GBC Plasticlear Binding Covers,13.775999999999996,6,0.8,-22.04160000000001,0
3475,CA-2017-111815,2017-03-03,2017-03-10,Standard Class,EP-13915,Emily Phan,Consumer,United States,Dearborn Heights,Michigan,48127,Central,TEC-AC-10002926,Technology,Accessories,Logitech Wireless Marathon Mouse M705,99.98,2,0.0,42.991400000000006,0
3736,CA-2017-168193,2017-03-06,2017-03-11,Second Class,RM-19750,Roland Murray,Consumer,United States,New York City,New York,10011,East,FUR-FU-10002554,Furniture,Furnishings,"Westinghouse Floor Lamp with Metal Mesh Shade, Black",71.97,3,0.0,16.553099999999993,0
4343,CA-2017-105410,2017-03-19,2017-03-22,First Class,ND-18370,Natalie DeCherney,Consumer,United States,San Francisco,California,94110,West,OFF-BI-10004970,Office Supplies,Binders,"ACCOHIDE 3-Ring Binder, Blue, 1""",19.824,6,0.2,6.690599999999999,0
4345,CA-2017-105410,2017-03-19,2017-03-22,First Class,ND-18370,Natalie DeCherney,Consumer,United States,San Francisco,California,94110,West,TEC-AC-10001552,Technology,Accessories,Logitech K350 2.4Ghz Wireless Keyboard,99.54,2,0.0,10.949399999999997,0
4429,CA-2017-119452,2017-03-21,2017-03-27,Standard Class,CL-12565,Clay Ludtke,Consumer,United States,Tulsa,Oklahoma,74133,Central,FUR-CH-10004495,Furniture,Chairs,"Global Leather and Oak Executive Chair, Black",1805.88,6,0.0,523.7051999999999,0
4744,CA-2017-168123,2017-03-05,2017-03-05,Same Day,JD-16060,Julia Dunbar,Consumer,United States,Rochester,Minnesota,55901,Central,OFF-FA-10002763,Office Supplies,Fasteners,Advantus Map Pennant Flags and Round Head Tacks,7.9,2,0.0,2.5279999999999996,0
4747,CA-2017-168123,2017-03-05,2017-03-05,Same Day,JD-16060,Julia Dunbar,Consumer,United States,Rochester,Minnesota,55901,Central,OFF-BI-10001097,Office Supplies,Binders,Avery Hole Reinforcements,18.69,3,0.0,9.158100000000001,0
4885,CA-2017-104080,2017-03-08,2017-03-15,Standard Class,AH-10210,Alan Hwang,Consumer,United States,Anaheim,California,92804,West,OFF-AR-10001972,Office Supplies,Art,Newell 323,3.36,2,0.0,0.8736000000000002,0
4904,CA-2017-110884,2017-03-07,2017-03-12,Standard Class,SH-20395,Shahid Hopkins,Consumer,United States,New York City,New York,10035,East,OFF-LA-10003510,Office Supplies,Labels,"Avery 4027 File Folder Labels for Dot Matrix Printers, 5000 Labels per Box, White",91.59,3,0.0,42.1314,0
4932,CA-2017-143651,2017-03-25,2017-03-30,Standard Class,FM-14215,Filia McAdams,Corporate,United States,Seattle,Washington,98103,West,OFF-AR-10001446,Office Supplies,Art,Newell 309,23.1,2,0.0,6.93,0
4998,CA-2017-155824,2017-03-10,2017-03-15,Standard Class,KS-16300,Karen Seio,Corporate,United States,Raleigh,North Carolina,27604,South,OFF-BI-10000014,Office Supplies,Binders,Heavy-Duty E-Z-D Binders,13.092000000000002,4,0.7,-10.037199999999999,0
5021,CA-2017-136511,2017-03-23,2017-03-25,Second Class,MZ-17515,Mary Zewe,Corporate,United States,New York City,New York,10011,East,OFF-SU-10003505,Office Supplies,Supplies,Premier Electric Letter Opener,347.58,3,0.0,17.378999999999976,0
5151,CA-2017-125101,2017-03-06,2017-03-10,Second Class,SH-19975,Sally Hughsby,Corporate,United States,San Francisco,California,94109,West,OFF-ST-10000675,Office Supplies,Storage,"File Shuttle II and Handi-File, Black",67.78,2,0.0,16.945,0
5230,CA-2017-124436,2017-03-19,2017-03-22,Second Class,SA-20830,Sue Ann Reed,Consumer,United States,Fresno,California,93727,West,OFF-BI-10001553,Office Supplies,Binders,SpineVue Locking Slant-D Ring Binders by Cardinal,14.624000000000002,2,0.2,5.118399999999999,0
5296,CA-2017-142174,2017-03-04,2017-03-09,Standard Class,DP-13000,Darren Powers,Consumer,United States,Houston,Texas,77041,Central,OFF-PA-10000806,Office Supplies,Paper,Xerox 1934,89.568,2,0.2,32.4684,0
5562,CA-2017-133263,2017-03-31,2017-04-02,Second Class,JE-15610,Jim Epp,Corporate,United States,Atlanta,Georgia,30318,South,OFF-BI-10001153,Office Supplies,Binders,Ibico Recycled Grain-Textured Covers,34.54,1,0.0,17.27,0
5563,CA-2017-133263,2017-03-31,2017-04-02,Second Class,JE-15610,Jim Epp,Corporate,United States,Atlanta,Georgia,30318,South,TEC-CO-10001449,Technology,Copiers,Hewlett Packard LaserJet 3310 Copier,2999.95,5,0.0,1439.976,0
5565,CA-2017-157966,2017-03-13,2017-03-13,Same Day,SU-20665,Stephanie Ulpright,Home Office,United States,Chicago,Illinois,60610,Central,OFF-AR-10000799,Office Supplies,Art,Col-Erase Pencils with Erasers,19.456000000000003,4,0.2,2.188799999999997,0
5566,CA-2017-157966,2017-03-13,2017-03-13,Same Day,SU-20665,Stephanie Ulpright,Home Office,United States,Chicago,Illinois,60610,Central,TEC-MA-10002109,Technology,Machines,"HP Officejet Pro 8600 e-All-In-One Printer, Copier, Scanner, Fax",209.986,2,0.3,8.99939999999998,0
5567,CA-2017-157966,2017-03-13,2017-03-13,Same Day,SU-20665,Stephanie Ulpright,Home Office,United States,Chicago,Illinois,60610,Central,OFF-AR-10003338,Office Supplies,Art,"Eberhard Faber 3 1/2"" Golf Pencils",29.760000000000005,5,0.2,1.8599999999999994,0
5569,CA-2017-157966,2017-03-13,2017-03-13,Same Day,SU-20665,Stephanie Ulpright,Home Office,United States,Chicago,Illinois,60610,Central,TEC-CO-10001449,Technology,Copiers,Hewlett Packard LaserJet 3310 Copier,959.984,2,0.2,335.99440000000004,0
5570,CA-2017-157966,2017-03-13,2017-03-13,Same Day,SU-20665,Stephanie Ulpright,Home Office,United States,Chicago,Illinois,60610,Central,OFF-PA-10001934,Office Supplies,Paper,Xerox 1993,15.552000000000003,3,0.2,5.6376,0
5608,CA-2017-105193,2017-03-25,2017-03-31,Standard Class,JL-15835,John Lee,Consumer,United States,New York City,New York,10024,East,OFF-AR-10001547,Office Supplies,Art,Newell 311,11.05,5,0.0,2.9835000000000003,0
5720,CA-2017-126550,2017-03-29,2017-04-02,Second Class,RD-19720,Roger Demir,Consumer,United States,Lafayette,Indiana,47905,Central,OFF-ST-10001031,Office Supplies,Storage,Adjustable Personal File Tote,81.4,5,0.0,21.164000000000005,0
5742,US-2017-147886,2017-03-28,2017-03-31,First Class,DH-13075,Dave Hallsten,Corporate,United States,Fairfield,California,94533,West,TEC-MA-10004679,Technology,Machines,StarTech.com 10/100 VDSL2 Ethernet Extender Kit,532.72,2,0.2,53.27199999999999,0
5743,US-2017-147886,2017-03-28,2017-03-31,First Class,DH-13075,Dave Hallsten,Corporate,United States,Fairfield,California,94533,West,OFF-PA-10003651,Office Supplies,Paper,Xerox 1968,26.72,4,0.0,12.8256,0
5745,US-2017-147886,2017-03-28,2017-03-31,First Class,DH-13075,Dave Hallsten,Corporate,United States,Fairfield,California,94533,West,OFF-ST-10002743,Office Supplies,Storage,SAFCO Boltless Steel Shelving,795.48,7,0.0,7.954799999999963,0
6513,CA-2017-167640,2017-03-06,2017-03-10,Standard Class,FC-14245,Frank Carlisle,Home Office,United States,San Francisco,California,94109,West,OFF-LA-10004559,Office Supplies,Labels,Avery 49,11.52,4,0.0,5.6448,0
6515,CA-2017-167640,2017-03-06,2017-03-10,Standard Class,FC-14245,Frank Carlisle,Home Office,United States,San Francisco,California,94109,West,TEC-PH-10001336,Technology,Phones,Digium D40 VoIP phone,206.38400000000001,2,0.2,23.218199999999996,0
6562,CA-2017-144680,2017-03-31,2017-04-02,First Class,SC-20260,Scott Cohen,Corporate,United States,Arlington,Texas,76017,Central,OFF-AP-10003040,Office Supplies,Appliances,Fellowes 8 Outlet Superior Workstation Surge Protector w/o Phone/Fax/Modem Protection,33.61999999999999,5,0.8,-90.77400000000003,0
6689,CA-2017-140494,2017-03-10,2017-03-15,Second Class,CM-11815,Candace McMahon,Corporate,United States,San Francisco,California,94109,West,TEC-AC-10004568,Technology,Accessories,Maxell LTO Ultrium - 800 GB,111.96,4,0.0,21.27239999999999,0
7144,US-2017-141558,2017-03-11,2017-03-16,Standard Class,MH-17290,Marc Harrigan,Home Office,United States,Philadelphia,Pennsylvania,19140,East,TEC-PH-10002555,Technology,Phones,Nortel Meridian M5316 Digital phone,776.8499999999999,5,0.4,-181.265,0
7145,US-2017-141558,2017-03-11,2017-03-16,Standard Class,MH-17290,Marc Harrigan,Home Office,United States,Philadelphia,Pennsylvania,19140,East,OFF-BI-10002794,Office Supplies,Binders,"Avery Trapezoid Ring Binder, 3"" Capacity, Black, 1040 sheets",12.294,1,0.7,-8.605799999999999,0
7146,US-2017-141558,2017-03-11,2017-03-16,Standard Class,MH-17290,Marc Harrigan,Home Office,United States,Philadelphia,Pennsylvania,19140,East,FUR-TA-10004086,Furniture,Tables,KI Adjustable-Height Table,154.764,3,0.4,-46.42920000000002,0
7147,US-2017-141558,2017-03-11,2017-03-16,Standard Class,MH-17290,Marc Harrigan,Home Office,United States,Philadelphia,Pennsylvania,19140,East,OFF-ST-10004946,Office Supplies,Storage,Desktop 3-Pocket Hot File,43.28,1,0.2,3.246000000000002,0
7173,US-2017-141677,2017-03-26,2017-03-30,Standard Class,HK-14890,Heather Kirkland,Corporate,United States,Houston,Texas,77070,Central,TEC-AC-10000158,Technology,Accessories,Sony 64GB Class 10 Micro SDHC R40 Memory Card,143.96,5,0.2,1.7995000000000019,0
7175,US-2017-141677,2017-03-26,2017-03-30,Standard Class,HK-14890,Heather Kirkland,Corporate,United States,Houston,Texas,77070,Central,OFF-PA-10002581,Office Supplies,Paper,Xerox 1951,74.352,3,0.2,23.234999999999992,0
7176,US-2017-141677,2017-03-26,2017-03-30,Standard Class,HK-14890,Heather Kirkland,Corporate,United States,Houston,Texas,77070,Central,OFF-AP-10001205,Office Supplies,Appliances,Belkin 5 Outlet SurgeMaster Power Centers,87.16799999999998,8,0.8,-226.6368,0
7177,US-2017-141677,2017-03-26,2017-03-30,Standard Class,HK-14890,Heather Kirkland,Corporate,United States,Houston,Texas,77070,Central,OFF-ST-10000344,Office Supplies,Storage,"Neat Ideas Personal Hanging Folder Files, Black",32.232,3,0.2,2.417399999999999,0
7232,CA-2017-153843,2017-03-13,2017-03-15,First Class,SC-20380,Shahid Collister,Consumer,United States,Fairfield,Connecticut,6824,East,OFF-AP-10001564,Office Supplies,Appliances,Hoover Commercial Lightweight Upright Vacuum with E-Z Empty Dirt Cup,465.16,2,0.0,120.9416,0
7353,CA-2017-152135,2017-03-16,2017-03-18,Second Class,MG-17650,Matthew Grinstein,Home Office,United States,Lakewood,Ohio,44107,East,TEC-PH-10003505,Technology,Phones,Geemarc AmpliPOWER60,445.44,8,0.4,-81.66400000000004,0
7503,US-2017-120147,2017-03-30,2017-03-30,Same Day,TB-21400,Tom Boeckenhauer,Consumer,United States,Los Angeles,California,90036,West,OFF-AR-10000817,Office Supplies,Art,Manco Dry-Lighter Erasable Highlighter,6.08,2,0.0,2.0671999999999997,0
7504,US-2017-120147,2017-03-30,2017-03-30,Same Day,TB-21400,Tom Boeckenhauer,Consumer,United States,Los Angeles,California,90036,West,TEC-PH-10002447,Technology,Phones,AT&T CL83451 4-Handset Telephone,164.79200000000003,1,0.2,18.53909999999999,0
7536,US-2017-160143,2017-03-31,2017-04-07,Standard Class,HG-14965,Henry Goldwyn,Corporate,United States,Los Angeles,California,90004,West,OFF-SU-10004231,Office Supplies,Supplies,Acme Tagit Stainless Steel Antibacterial Scissors,29.700000000000003,3,0.0,8.019,0
7639,CA-2017-104885,2017-03-02,2017-03-08,Standard Class,DB-13555,Dorothy Badders,Corporate,United States,Newark,Delaware,19711,East,OFF-EN-10003286,Office Supplies,Envelopes,Staple envelope,57.959999999999994,7,0.0,27.241199999999996,0
7640,CA-2017-104885,2017-03-02,2017-03-08,Standard Class,DB-13555,Dorothy Badders,Corporate,United States,Newark,Delaware,19711,East,FUR-BO-10003660,Furniture,Bookcases,"Bush Cubix Collection Bookcases, Fully Assembled",441.96,2,0.0,101.6508,0
7799,CA-2017-166184,2017-03-24,2017-03-27,First Class,HR-14830,Harold Ryan,Corporate,United States,New York City,New York,10035,East,TEC-PH-10002624,Technology,Phones,Samsung Galaxy S4 Mini,469.99,1,0.0,136.29709999999994,0
7922,CA-2017-107713,2017-03-13,2017-03-17,Standard Class,JB-16000,Joy Bell-,Consumer,United States,Columbia,Maryland,21044,East,OFF-BI-10002026,Office Supplies,Binders,Avery Arch Ring Binders,174.3,3,0.0,81.92099999999999,0
8043,US-2017-133081,2017-03-11,2017-03-15,Standard Class,PV-18985,Paul Van Hugh,Home Office,United States,Cambridge,Massachusetts,2138,East,TEC-AC-10001772,Technology,Accessories,Memorex Mini Travel Drive 16 GB USB 2.0 Flash Drive,63.88,4,0.0,24.913200000000003,0
8044,US-2017-133081,2017-03-11,2017-03-15,Standard Class,PV-18985,Paul Van Hugh,Home Office,United States,Cambridge,Massachusetts,2138,East,FUR-FU-10001379,Furniture,Furnishings,"Executive Impressions 16-1/2"" Circular Wall Clock",26.72,1,0.0,11.756800000000002,0
8152,CA-2017-140151,2017-03-23,2017-03-25,First Class,RB-19360,Raymond Buch,Consumer,United States,Seattle,Washington,98115,West,OFF-ST-10001558,Office Supplies,Storage,Acco Perma 4000 Stacking Storage Drawers,32.48,2,0.0,4.872,0
8153,CA-2017-140151,2017-03-23,2017-03-25,First Class,RB-19360,Raymond Buch,Consumer,United States,Seattle,Washington,98115,West,OFF-PA-10002986,Office Supplies,Paper,Xerox 1898,20.04,3,0.0,9.6192,0
8155,US-2017-143770,2017-03-20,2017-03-24,Standard Class,RD-19720,Roger Demir,Consumer,United States,Middletown,Connecticut,6457,East,TEC-AC-10002842,Technology,Accessories,WD My Passport Ultra 2TB Portable External Hard Drive,238.0,2,0.0,38.08000000000001,0
8295,US-2017-146906,2017-03-13,2017-03-17,Standard Class,MT-17815,Meg Tillman,Consumer,United States,New York City,New York,10011,East,TEC-PH-10001809,Technology,Phones,Panasonic KX T7736-B Digital phone,299.9,2,0.0,74.975,0
8440,CA-2017-114370,2017-03-14,2017-03-17,Second Class,BN-11470,Brad Norvell,Corporate,United States,Chicago,Illinois,60623,Central,TEC-PH-10000213,Technology,Phones,Seidio BD2-HK3IPH5-BK DILEX Case and Holster Combo for Apple iPhone 5/5s - Black,49.61600000000001,2,0.2,4.961599999999999,0
8487,CA-2017-124716,2017-03-27,2017-03-31,Standard Class,BD-11560,Brendan Dodson,Home Office,United States,Fresno,California,93727,West,OFF-PA-10001144,Office Supplies,Paper,Xerox 1913,110.96,2,0.0,53.260799999999996,0
8488,CA-2017-124716,2017-03-27,2017-03-31,Standard Class,BD-11560,Brendan Dodson,Home Office,United States,Fresno,California,93727,West,OFF-PA-10000859,Office Supplies,Paper,Unpadded Memo Slips,11.94,3,0.0,5.97,0
8525,CA-2017-161172,2017-03-16,2017-03-16,Same Day,SP-20920,Susan Pistek,Consumer,United States,Columbus,Ohio,43229,East,TEC-PH-10004348,Technology,Phones,OtterBox Defender Series Case - iPhone 5c,44.376,2,0.4,-7.396000000000004,0
8526,CA-2017-161172,2017-03-16,2017-03-16,Same Day,SP-20920,Susan Pistek,Consumer,United States,Columbus,Ohio,43229,East,FUR-FU-10003424,Furniture,Furnishings,Nu-Dell Oak Frame,51.264,6,0.2,7.689599999999993,0
8541,CA-2017-147354,2017-03-09,2017-03-13,Standard Class,KB-16315,Karl Braun,Consumer,United States,Los Angeles,California,90008,West,OFF-BI-10003910,Office Supplies,Binders,DXL Angle-View Binders with Locking Rings by Samsill,30.84,5,0.2,9.6375,0
8619,CA-2017-117513,2017-03-03,2017-03-08,Standard Class,BT-11395,Bill Tyler,Corporate,United States,Los Angeles,California,90004,West,FUR-TA-10001520,Furniture,Tables,"Lesro Sheffield Collection Coffee Table, End Table, Center Table, Corner Table",399.672,7,0.2,-14.98770000000006,0
8792,CA-2017-162075,2017-03-18,2017-03-24,Standard Class,TT-21220,Thomas Thornton,Consumer,United States,Houston,Texas,77041,Central,TEC-PH-10001557,Technology,Phones,Pyle PMP37LED,537.544,7,0.2,47.03509999999997,0
8825,CA-2017-117156,2017-03-21,2017-03-23,Second Class,TB-21055,Ted Butterfield,Consumer,United States,Reading,Pennsylvania,19601,East,OFF-EN-10003845,Office Supplies,Envelopes,Colored Envelopes,8.856,3,0.2,2.878199999999999,0
8972,CA-2017-122308,2017-03-24,2017-03-28,Standard Class,MV-17485,Mark Van Huff,Consumer,United States,New York City,New York,10011,East,FUR-CH-10000665,Furniture,Chairs,"Global Airflow Leather Mesh Back Chair, Black",271.764,2,0.1,60.39199999999997,0
9014,CA-2017-143084,2017-03-18,2017-03-22,Standard Class,BP-11050,Barry Pond,Corporate,United States,Los Angeles,California,90008,West,OFF-AR-10002766,Office Supplies,Art,Prang Drawing Pencil Set,13.899999999999999,5,0.0,3.7529999999999997,0
9015,CA-2017-143084,2017-03-18,2017-03-22,Standard Class,BP-11050,Barry Pond,Corporate,United States,Los Angeles,California,90008,West,OFF-EN-10003072,Office Supplies,Envelopes,Peel & Seel Envelopes,19.4,5,0.0,9.312000000000001,0
9122,CA-2017-122007,2017-03-18,2017-03-20,Second Class,JK-15325,Jason Klamczynski,Corporate,United States,Los Angeles,California,90032,West,OFF-AP-10000358,Office Supplies,Appliances,Fellowes Basic Home/Office Series Surge Protectors,90.86,7,0.0,26.349399999999992,0
9228,CA-2017-140515,2017-03-19,2017-03-24,Standard Class,GZ-14545,George Zrebassa,Corporate,United States,Los Angeles,California,90008,West,OFF-AP-10001205,Office Supplies,Appliances,Belkin 5 Outlet SurgeMaster Power Centers,381.35999999999996,7,0.0,106.78080000000003,0
9252,CA-2017-155712,2017-03-02,2017-03-08,Standard Class,KD-16615,Ken Dana,Corporate,United States,Los Angeles,California,90008,West,OFF-BI-10004224,Office Supplies,Binders,Catalog Binders with Expanding Posts,107.64800000000001,2,0.2,33.639999999999986,0
9293,CA-2017-124114,2017-03-02,2017-03-02,Same Day,RS-19765,Roland Schwarz,Corporate,United States,Waco,Texas,76706,Central,OFF-BI-10004022,Office Supplies,Binders,Acco Suede Grain Vinyl Round Ring Binder,0.5559999999999998,1,0.8,-0.9452,0
9363,CA-2017-111591,2017-03-21,2017-03-25,Standard Class,PS-18970,Paul Stevenson,Home Office,United States,Seattle,Washington,98105,West,OFF-FA-10004838,Office Supplies,Fasteners,"Super Bands, 12/Pack",13.020000000000001,7,0.0,0.3906000000000005,0
9530,CA-2017-101637,2017-03-24,2017-03-25,Same Day,AC-10615,Ann Chong,Corporate,United States,Beaumont,Texas,77705,Central,OFF-ST-10002352,Office Supplies,Storage,Iris Project Case,12.768,2,0.2,0.9575999999999993,0
9754,CA-2017-113705,2017-03-27,2017-03-29,Second Class,LC-16870,Lena Cacioppo,Consumer,United States,Richmond,Virginia,23223,South,OFF-LA-10000476,Office Supplies,Labels,"Avery 05222 Permanent Self-Adhesive File Folder Labels for Typewriters, on Rolls, White, 250/Roll",8.26,2,0.0,3.7996,0
9755,CA-2017-113705,2017-03-27,2017-03-29,Second Class,LC-16870,Lena Cacioppo,Consumer,United States,Richmond,Virginia,23223,South,OFF-BI-10001679,Office Supplies,Binders,GBC Instant Index System for Binding Systems,17.76,2,0.0,8.88,0
9756,CA-2017-113705,2017-03-27,2017-03-29,Second Class,LC-16870,Lena Cacioppo,Consumer,United States,Richmond,Virginia,23223,South,OFF-ST-10001128,Office Supplies,Storage,"Carina Mini System Audio Rack, Model AR050B",332.94,3,0.0,9.98820000000002,0
9757,CA-2017-113705,2017-03-27,2017-03-29,Second Class,LC-16870,Lena Cacioppo,Consumer,United States,Richmond,Virginia,23223,South,FUR-TA-10002533,Furniture,Tables,BPI Conference Tables,292.1,2,0.0,58.41999999999999,0
