Row ID,Order ID,Order Date,Ship Date,Ship Mode,Customer ID,Customer Name,Segment,Country,City,State,Postal Code,Region,Product ID,Category,Sub-Category,Product Name,Sales,Quantity,Discount,Profit,Data_origen
96,US-2017-109484,2017-11-06,2017-11-12,Standard Class,RB-19705,Roger Barcio,Home Office,United States,Portland,Oregon,97206,West,OFF-BI-10004738,Office Supplies,Binders,Flexible Leather- Look Classic Collection Ring Binder,5.682000000000001,1,0.7,-3.7880000000000003,0
97,CA-2017-161018,2017-11-09,2017-11-11,Second Class,PN-18775,Parhena Norris,Home Office,United States,New York City,New York,10009,East,FUR-FU-10000629,Furniture,Furnishings,9-3/4 Diameter Round Wall Clock,96.53,7,0.0,40.5426,0
107,CA-2017-119004,2017-11-23,2017-11-28,Standard Class,JM-15250,Janet Martin,Consumer,United States,Charlotte,North Carolina,28205,South,TEC-AC-10003499,Technology,Accessories,Memorex Mini Travel Drive 8 GB USB 2.0 Flash Drive,74.11200000000001,8,0.2,17.6016,0
108,CA-2017-119004,2017-11-23,2017-11-28,Standard Class,JM-15250,Janet Martin,Consumer,United States,Charlotte,North Carolina,28205,South,TEC-PH-10002844,Technology,Phones,Speck Products Candyshell Flip Case,27.992000000000004,1,0.2,2.0993999999999993,0
109,CA-2017-119004,2017-11-23,2017-11-28,Standard Class,JM-15250,Janet Martin,Consumer,United States,Charlotte,North Carolina,28205,South,OFF-AR-10000390,Office Supplies,Art,Newell Chalk Holder,3.3040000000000003,1,0.2,1.0737999999999999,0
237,CA-2017-160514,2017-11-12,2017-11-16,Standard Class,DB-13120,David Bremer,Corporate,United States,Santa Clara,California,95051,West,OFF-PA-10002479,Office Supplies,Paper,Xerox 4200 Series MultiUse Premium Copy Paper (20Lb. and 84 Bright),10.56,2,0.0,4.752,0
304,US-2017-152380,2017-11-19,2017-11-23,Standard Class,JH-15910,Jonathan Howell,Consumer,United States,Chicago,Illinois,60623,Central,FUR-TA-10002533,Furniture,Tables,BPI Conference Tables,219.07500000000002,3,0.5,-131.44500000000005,0
415,CA-2017-142636,2017-11-03,2017-11-07,Standard Class,KC-16675,Kimberly Carter,Corporate,United States,Seattle,Washington,98105,West,OFF-PA-10000157,Office Supplies,Paper,Xerox 191,139.86,7,0.0,65.73419999999999,0
416,CA-2017-142636,2017-11-03,2017-11-07,Standard Class,KC-16675,Kimberly Carter,Corporate,United States,Seattle,Washington,98105,West,FUR-CH-10001891,Furniture,Chairs,Global Deluxe Office Fabric Chairs,307.136,4,0.2,26.874400000000023,0
419,CA-2017-154816,2017-11-06,2017-11-10,Standard Class,VB-21745,Victoria Brennan,Corporate,United States,Richmond,Kentucky,40475,South,OFF-PA-10003845,Office Supplies,Paper,Xerox 1987,5.78,1,0.0,2.8322000000000003,0
506,CA-2017-134978,2017-11-12,2017-11-15,Second Class,EB-13705,Ed Braxton,Corporate,United States,New York City,New York,10024,East,OFF-BI-10003274,Office Supplies,Binders,"Avery Durable Slant Ring Binders, No Labels",15.920000000000002,5,0.2,5.372999999999999,0
512,CA-2017-135307,2017-11-26,2017-11-27,First Class,LS-17245,Lynn Smith,Consumer,United States,Gladstone,Missouri,64118,Central,TEC-AC-10002399,Technology,Accessories,SanDisk Cruzer 32 GB USB Flash Drive,38.04,2,0.0,12.172799999999999,0
561,CA-2017-118731,2017-11-20,2017-11-22,Second Class,LP-17080,Liz Pelletier,Consumer,United States,San Francisco,California,94110,West,OFF-BI-10000069,Office Supplies,Binders,"GBC Prepunched Paper, 19-Hole, for Binding Systems, 24-lb",84.05600000000001,7,0.2,27.318199999999983,0
685,US-2017-168116,2017-11-04,2017-11-04,Same Day,GT-14635,Grant Thornton,Corporate,United States,Burlington,North Carolina,27217,South,OFF-AP-10002457,Office Supplies,Appliances,"Eureka The Boss Plus 12-Amp Hard Box Upright Vacuum, Red",167.44000000000003,2,0.2,14.65099999999999,0
838,US-2017-156083,2017-11-04,2017-11-11,Standard Class,JL-15175,James Lanier,Home Office,United States,Columbia,Tennessee,38401,South,OFF-PA-10001560,Office Supplies,Paper,"Adams Telephone Message Books, 5 1/4” x 11”",9.664000000000001,2,0.2,3.2615999999999996,0
880,CA-2017-111689,2017-11-30,2017-12-02,Second Class,HP-14815,Harold Pawlan,Home Office,United States,New York City,New York,10024,East,OFF-BI-10003984,Office Supplies,Binders,Lock-Up Easel 'Spel-Binder',68.47200000000001,3,0.2,23.109299999999998,0
902,CA-2017-150959,2017-11-11,2017-11-13,First Class,TD-20995,Tamara Dahlen,Consumer,United States,Garland,Texas,75043,Central,OFF-BI-10001510,Office Supplies,Binders,Deluxe Heavy-Duty Vinyl Round Ring Binder,18.336,4,0.8,-32.08800000000001,0
948,US-2017-110576,2017-11-28,2017-12-02,Standard Class,RB-19795,Ross Baird,Home Office,United States,Philadelphia,Pennsylvania,19120,East,FUR-FU-10003601,Furniture,Furnishings,"Deflect-o RollaMat Studded, Beveled Mat for Medium Pile Carpeting",516.488,7,0.2,-12.912200000000027,0
949,US-2017-110576,2017-11-28,2017-12-02,Standard Class,RB-19795,Ross Baird,Home Office,United States,Philadelphia,Pennsylvania,19120,East,FUR-FU-10000576,Furniture,Furnishings,Luxo Professional Fluorescent Magnifier Lamp with Clamp-Mount Base,1007.2320000000001,6,0.2,75.54240000000001,0
951,US-2017-110576,2017-11-28,2017-12-02,Standard Class,RB-19795,Ross Baird,Home Office,United States,Philadelphia,Pennsylvania,19120,East,OFF-PA-10000788,Office Supplies,Paper,Xerox 210,15.552000000000003,3,0.2,5.4432,0
956,CA-2017-119305,2017-11-30,2017-12-04,Standard Class,SW-20275,Scott Williamson,Consumer,United States,Jackson,Mississippi,39212,South,OFF-ST-10000604,Office Supplies,Storage,Home/Office Personal File Carts,173.79999999999998,5,0.0,43.44999999999999,0
1229,CA-2017-100013,2017-11-06,2017-11-11,Standard Class,ZC-21910,Zuschuss Carroll,Consumer,United States,Los Angeles,California,90045,West,OFF-EN-10001219,Office Supplies,Envelopes,"#10- 4 1/8"" x 9 1/2"" Security-Tint Envelopes",15.28,2,0.0,7.4872,0
1230,CA-2017-100013,2017-11-06,2017-11-11,Standard Class,ZC-21910,Zuschuss Carroll,Consumer,United States,Los Angeles,California,90045,West,FUR-FU-10001424,Furniture,Furnishings,Dax Clear Box Frame,8.73,1,0.0,2.9681999999999995,0
1231,CA-2017-100013,2017-11-06,2017-11-11,Standard Class,ZC-21910,Zuschuss Carroll,Consumer,United States,Los Angeles,California,90045,West,OFF-AR-10001022,Office Supplies,Art,SANFORD Liquid Accent Tank-Style Highlighters,5.68,2,0.0,1.7607999999999997,0
1364,US-2017-155425,2017-11-10,2017-11-11,First Class,AB-10600,Ann Blume,Corporate,United States,Tucson,Arizona,85705,West,OFF-BI-10001036,Office Supplies,Binders,Cardinal EasyOpen D-Ring Binders,38.388000000000005,14,0.7,-25.592,0
1366,US-2017-155425,2017-11-10,2017-11-11,First Class,AB-10600,Ann Blume,Corporate,United States,Tucson,Arizona,85705,West,TEC-AC-10001314,Technology,Accessories,Case Logic 2.4GHz Wireless Keyboard,239.95200000000003,6,0.2,-35.99280000000004,0
1367,US-2017-155425,2017-11-10,2017-11-11,First Class,AB-10600,Ann Blume,Corporate,United States,Tucson,Arizona,85705,West,TEC-PH-10002563,Technology,Phones,Adtran 1202752G1,201.584,2,0.2,15.118800000000007,0
1368,US-2017-155425,2017-11-10,2017-11-11,First Class,AB-10600,Ann Blume,Corporate,United States,Tucson,Arizona,85705,West,FUR-CH-10003312,Furniture,Chairs,Hon 2090 “Pillow Soft” Series Mid Back Swivel/Tilt Chairs,899.1360000000001,4,0.2,-146.10960000000014,0
1479,CA-2017-121468,2017-11-19,2017-11-20,First Class,KD-16345,Katherine Ducich,Consumer,United States,Westminster,California,92683,West,TEC-PH-10000376,Technology,Phones,Square Credit Card Reader,31.968000000000004,4,0.2,2.3976000000000006,0
1492,CA-2017-166436,2017-11-24,2017-11-28,Standard Class,TS-21370,Todd Sumrall,Corporate,United States,New York City,New York,10035,East,OFF-PA-10001838,Office Supplies,Paper,"Adams Telephone Message Book W/Dividers/Space For Phone Numbers, 5 1/4""X8 1/2"", 300/Messages",5.88,1,0.0,2.8811999999999998,0
1500,CA-2017-130386,2017-11-12,2017-11-18,Standard Class,NG-18430,Nathan Gelder,Consumer,United States,Austin,Texas,78745,Central,OFF-PA-10002749,Office Supplies,Paper,"Wirebound Message Books, 5-1/2 x 4 Forms, 2 or 4 Forms per Page",16.056,3,0.2,5.8203000000000005,0
1501,CA-2017-130386,2017-11-12,2017-11-18,Standard Class,NG-18430,Nathan Gelder,Consumer,United States,Austin,Texas,78745,Central,OFF-PA-10003823,Office Supplies,Paper,Xerox 197,223.056,9,0.2,69.70499999999998,0
1570,CA-2017-165029,2017-11-26,2017-11-30,Standard Class,AH-10075,Adam Hart,Corporate,United States,Atlanta,Georgia,30318,South,OFF-AR-10003504,Office Supplies,Art,Newell 347,12.84,3,0.0,3.723599999999999,0
1599,CA-2017-158876,2017-11-19,2017-11-21,Second Class,AB-10150,Aimee Bixby,Consumer,United States,Carrollton,Texas,75007,Central,OFF-SU-10001165,Office Supplies,Supplies,Acme Elite Stainless Steel Scissors,6.672000000000001,1,0.2,0.5004,0
1604,CA-2017-116645,2017-11-30,2017-12-04,Standard Class,ME-17725,Max Engle,Consumer,United States,Newark,Delaware,19711,East,OFF-AR-10001044,Office Supplies,Art,"BOSTON Ranger #55 Pencil Sharpener, Black",155.94,6,0.0,45.22259999999999,0
1655,US-2017-132444,2017-11-18,2017-11-21,First Class,CD-12280,Christina DeMoss,Consumer,United States,Seattle,Washington,98105,West,OFF-FA-10000611,Office Supplies,Fasteners,Binder Clips by OIC,2.96,2,0.0,1.4207999999999998,0
1656,US-2017-132444,2017-11-18,2017-11-21,First Class,CD-12280,Christina DeMoss,Consumer,United States,Seattle,Washington,98105,West,OFF-BI-10001116,Office Supplies,Binders,"Wilson Jones 1"" Hanging DublLock Ring Binders",8.448,2,0.2,2.9568000000000003,0
1813,US-2017-161193,2017-11-20,2017-11-26,Standard Class,BT-11680,Brian Thompson,Consumer,United States,Newark,Ohio,43055,East,FUR-FU-10001861,Furniture,Furnishings,"Floodlight Indoor Halogen Bulbs, 1 Bulb per Pack, 60 Watts",77.6,5,0.2,28.129999999999995,0
1866,US-2017-116659,2017-11-12,2017-11-12,Same Day,NG-18355,Nat Gilpin,Corporate,United States,Newark,Ohio,43055,East,TEC-PH-10002824,Technology,Phones,Jabra SPEAK 410 Multidevice Speakerphone,370.782,3,0.4,-92.69550000000004,0
1935,CA-2017-101245,2017-11-27,2017-12-03,Standard Class,LW-16990,Lindsay Williams,Corporate,United States,San Francisco,California,94109,West,OFF-PA-10003129,Office Supplies,Paper,Tops White Computer Printout Paper,244.54999999999998,5,0.0,114.93849999999998,0
2072,US-2017-110996,2017-11-20,2017-11-25,Standard Class,KA-16525,Kelly Andreada,Consumer,United States,Ontario,California,91761,West,FUR-CH-10003956,Furniture,Chairs,Novimex High-Tech Fabric Mesh Task Chair,283.92,5,0.2,-46.13700000000003,0
2151,US-2017-139969,2017-11-19,2017-11-26,Standard Class,AF-10870,Art Ferguson,Consumer,United States,College Station,Texas,77840,Central,FUR-CH-10001973,Furniture,Chairs,Office Star Flex Back Scooter Chair with White Frame,233.058,3,0.3,-53.270399999999995,0
2245,CA-2017-103380,2017-11-21,2017-11-25,Standard Class,BF-11005,Barry Franz,Home Office,United States,Pasadena,California,91104,West,OFF-FA-10004248,Office Supplies,Fasteners,Advantus T-Pin Paper Clips,9.02,2,0.0,3.5178000000000003,0
2246,CA-2017-103380,2017-11-21,2017-11-25,Standard Class,BF-11005,Barry Franz,Home Office,United States,Pasadena,California,91104,West,OFF-AP-10001492,Office Supplies,Appliances,"Acco Six-Outlet Power Strip, 4' Cord Length",8.62,1,0.0,2.2412,0
2247,CA-2017-103380,2017-11-21,2017-11-25,Standard Class,BF-11005,Barry Franz,Home Office,United States,Pasadena,California,91104,West,TEC-PH-10004165,Technology,Phones,Mitel MiVoice 5330e IP Phone,659.9760000000001,3,0.2,49.49819999999997,0
2287,CA-2017-165687,2017-11-17,2017-11-23,Standard Class,CS-12355,Christine Sundaresam,Consumer,United States,Salem,Virginia,24153,South,OFF-AP-10004036,Office Supplies,Appliances,Bionaire 99.97% HEPA Air Cleaner,35.04,2,0.0,12.264,0
2308,CA-2017-116225,2017-11-05,2017-11-09,Standard Class,SV-20935,Susan Vittorini,Consumer,United States,New York City,New York,10009,East,TEC-AC-10001432,Technology,Accessories,Enermax Aurora Lite Keyboard,390.75,5,0.0,171.93000000000006,0
2420,CA-2017-159597,2017-11-09,2017-11-14,Standard Class,MC-17590,Matt Collister,Corporate,United States,Coachella,California,92236,West,OFF-ST-10002289,Office Supplies,Storage,"Safco Wire Cube Shelving System, For Use as 4 or 5 14"" Cubes, Black",63.56,2,0.0,3.1779999999999973,0
2552,CA-2017-101042,2017-11-19,2017-11-23,Standard Class,AB-10105,Adrian Barton,Consumer,United States,Henderson,Kentucky,42420,South,FUR-FU-10004665,Furniture,Furnishings,"3M Polarizing Task Lamp with Clamp Arm, Light Gray",821.8799999999999,6,0.0,213.68880000000001,0
2553,CA-2017-101042,2017-11-19,2017-11-23,Standard Class,AB-10105,Adrian Barton,Consumer,United States,Henderson,Kentucky,42420,South,OFF-BI-10000088,Office Supplies,Binders,GBC Imprintable Covers,21.96,2,0.0,10.7604,0
2567,CA-2017-123967,2017-11-01,2017-11-03,Second Class,SF-20200,Sarah Foster,Consumer,United States,Bellingham,Washington,98226,West,OFF-BI-10001308,Office Supplies,Binders,GBC Standard Plastic Binding Systems' Combs,25.120000000000005,5,0.2,7.849999999999998,0
2568,CA-2017-123967,2017-11-01,2017-11-03,Second Class,SF-20200,Sarah Foster,Consumer,United States,Bellingham,Washington,98226,West,FUR-TA-10003954,Furniture,Tables,Hon 94000 Series Round Tables,2665.62,9,0.0,239.9058000000001,0
2593,CA-2017-128300,2017-11-24,2017-11-26,Second Class,RS-19765,Roland Schwarz,Corporate,United States,Summerville,South Carolina,29483,South,TEC-PH-10002807,Technology,Phones,Motorla HX550 Universal Bluetooth Headset,79.1,2,0.0,39.55,0
2629,US-2017-165344,2017-11-13,2017-11-15,First Class,SB-20290,Sean Braxton,Corporate,United States,Springfield,Ohio,45503,East,TEC-MA-10002210,Technology,Machines,Epson TM-T88V Direct Thermal Printer - Monochrome - Desktop,652.9950000000001,7,0.7,-935.9594999999999,0
2630,US-2017-165344,2017-11-13,2017-11-15,First Class,SB-20290,Sean Braxton,Corporate,United States,Springfield,Ohio,45503,East,OFF-BI-10003196,Office Supplies,Binders,Accohide Poly Flexible Ring Binders,11.220000000000002,10,0.7,-7.479999999999997,0
2726,CA-2017-149888,2017-11-07,2017-11-13,Standard Class,EP-13915,Emily Phan,Consumer,United States,Philadelphia,Pennsylvania,19120,East,TEC-PH-10003811,Technology,Phones,Jabra Supreme Plus Driver Edition Headset,359.97,5,0.4,-71.99400000000003,0
2727,CA-2017-149888,2017-11-07,2017-11-13,Standard Class,EP-13915,Emily Phan,Consumer,United States,Philadelphia,Pennsylvania,19120,East,FUR-TA-10000849,Furniture,Tables,Bevis Rectangular Conference Tables,350.352,4,0.4,-140.14079999999996,0
2836,CA-2017-110842,2017-11-11,2017-11-16,Standard Class,GA-14725,Guy Armstrong,Consumer,United States,Los Angeles,California,90036,West,OFF-AP-10003971,Office Supplies,Appliances,Belkin 6 Outlet Metallic Surge Strip,10.89,1,0.0,2.8314000000000004,0
2837,CA-2017-110842,2017-11-11,2017-11-16,Standard Class,GA-14725,Guy Armstrong,Consumer,United States,Los Angeles,California,90036,West,OFF-PA-10000520,Office Supplies,Paper,Xerox 201,19.44,3,0.0,9.3312,0
2838,CA-2017-110842,2017-11-11,2017-11-16,Standard Class,GA-14725,Guy Armstrong,Consumer,United States,Los Angeles,California,90036,West,OFF-BI-10000977,Office Supplies,Binders,Ibico Plastic Spiral Binding Combs,121.6,5,0.2,39.51999999999999,0
2846,CA-2017-138163,2017-11-17,2017-11-20,First Class,XP-21865,Xylona Preis,Consumer,United States,Everett,Massachusetts,2149,East,OFF-AR-10001958,Office Supplies,Art,Stanley Bostitch Contemporary Electric Pencil Sharpeners,50.94,3,0.0,14.263200000000001,0
2890,CA-2017-164049,2017-11-02,2017-11-06,Standard Class,KH-16630,Ken Heidel,Corporate,United States,Seattle,Washington,98105,West,OFF-PA-10000791,Office Supplies,Paper,"Wirebound Message Books, Four 2 3/4 x 5 Forms per Page, 200 Sets per Book",23.849999999999998,5,0.0,10.732499999999998,0
2907,CA-2017-121615,2017-11-03,2017-11-09,Standard Class,DL-12925,Daniel Lacy,Consumer,United States,Eagan,Minnesota,55122,Central,OFF-PA-10000327,Office Supplies,Paper,Xerox 1971,8.56,2,0.0,3.8519999999999994,0
2908,CA-2017-121615,2017-11-03,2017-11-09,Standard Class,DL-12925,Daniel Lacy,Consumer,United States,Eagan,Minnesota,55122,Central,OFF-ST-10001325,Office Supplies,Storage,Sterilite Officeware Hinged File Box,52.400000000000006,5,0.0,14.148,0
2930,CA-2017-143434,2017-11-18,2017-11-24,Standard Class,ME-17320,Maria Etezadi,Home Office,United States,Saginaw,Michigan,48601,Central,FUR-FU-10002597,Furniture,Furnishings,"C-Line Magnetic Cubicle Keepers, Clear Polypropylene",19.76,4,0.0,8.2992,0
2944,CA-2017-126242,2017-11-19,2017-11-24,Standard Class,MC-18100,Mick Crebagga,Consumer,United States,Los Angeles,California,90049,West,OFF-ST-10000675,Office Supplies,Storage,"File Shuttle II and Handi-File, Black",305.01,9,0.0,76.2525,0
2945,CA-2017-126242,2017-11-19,2017-11-24,Standard Class,MC-18100,Mick Crebagga,Consumer,United States,Los Angeles,California,90049,West,FUR-FU-10002685,Furniture,Furnishings,"Executive Impressions 13-1/2"" Indoor/Outdoor Wall Clock",18.7,1,0.0,7.106,0
2950,CA-2017-134915,2017-11-12,2017-11-12,Same Day,EM-14140,Eugene Moren,Home Office,United States,Glendale,Arizona,85301,West,TEC-AC-10001266,Technology,Accessories,Memorex Micro Travel Drive 8 GB,41.6,4,0.2,12.999999999999998,0
2951,CA-2017-134915,2017-11-12,2017-11-12,Same Day,EM-14140,Eugene Moren,Home Office,United States,Glendale,Arizona,85301,West,OFF-PA-10002160,Office Supplies,Paper,Xerox 1978,23.120000000000005,5,0.2,8.381,0
2952,CA-2017-134915,2017-11-12,2017-11-12,Same Day,EM-14140,Eugene Moren,Home Office,United States,Glendale,Arizona,85301,West,FUR-CH-10004875,Furniture,Chairs,Harbour Creations 67200 Series Stacking Chairs,113.88800000000002,2,0.2,9.9652,0
2953,CA-2017-134915,2017-11-12,2017-11-12,Same Day,EM-14140,Eugene Moren,Home Office,United States,Glendale,Arizona,85301,West,FUR-FU-10000305,Furniture,Furnishings,"Tenex V2T-RE Standard Weight Series Chair Mat, 45"" x 53"", Lip 25"" x 12""",113.56800000000001,2,0.2,-5.6784000000000034,0
2954,CA-2017-134915,2017-11-12,2017-11-12,Same Day,EM-14140,Eugene Moren,Home Office,United States,Glendale,Arizona,85301,West,TEC-PH-10000347,Technology,Phones,Cush Cases Heavy Duty Rugged Cover Case for Samsung Galaxy S5 - Purple,7.920000000000001,2,0.2,0.6929999999999998,0
2969,CA-2017-167941,2017-11-06,2017-11-09,Second Class,JF-15565,Jill Fjeld,Consumer,United States,Fayetteville,North Carolina,28314,South,OFF-AP-10002118,Office Supplies,Appliances,"1.7 Cubic Foot Compact ""Cube"" Office Refrigerators",499.58400000000006,3,0.2,43.713600000000014,0
2973,CA-2017-167941,2017-11-06,2017-11-09,Second Class,JF-15565,Jill Fjeld,Consumer,United States,Fayetteville,North Carolina,28314,South,OFF-ST-10000736,Office Supplies,Storage,Carina Double Wide Media Storage Towers in Natural & Black,259.136,4,0.2,-51.82720000000002,0
3024,CA-2017-124674,2017-11-17,2017-11-23,Standard Class,JB-16000,Joy Bell-,Consumer,United States,Brownsville,Texas,78521,Central,FUR-BO-10002202,Furniture,Bookcases,"Atlantic Metals Mobile 2-Shelf Bookcases, Custom Colors",327.73279999999994,2,0.32,-14.458800000000025,0
3047,CA-2017-125290,2017-11-06,2017-11-10,Second Class,CC-12430,Chuck Clark,Home Office,United States,Minneapolis,Minnesota,55407,Central,OFF-PA-10003127,Office Supplies,Paper,Easy-staple paper,26.38,1,0.0,12.134799999999998,0
3070,US-2017-120089,2017-11-30,2017-11-30,Same Day,ML-17755,Max Ludwig,Home Office,United States,Toledo,Ohio,43615,East,OFF-AP-10003779,Office Supplies,Appliances,Kensington 7 Outlet MasterPiece Power Center with Fax/Phone Line Protection,663.936,4,0.2,82.99199999999988,0
3135,CA-2017-164168,2017-11-12,2017-11-18,Standard Class,LS-16975,Lindsay Shagiari,Home Office,United States,Dallas,Texas,75081,Central,OFF-BI-10000666,Office Supplies,Binders,Surelock Post Binders,30.55999999999999,5,0.8,-45.84000000000002,0
3136,CA-2017-164168,2017-11-12,2017-11-18,Standard Class,LS-16975,Lindsay Shagiari,Home Office,United States,Dallas,Texas,75081,Central,OFF-ST-10002583,Office Supplies,Storage,Fellowes Neat Ideas Storage Cubes,77.952,3,0.2,-15.590400000000002,0
3137,CA-2017-164168,2017-11-12,2017-11-18,Standard Class,LS-16975,Lindsay Shagiari,Home Office,United States,Dallas,Texas,75081,Central,TEC-PH-10004908,Technology,Phones,Panasonic KX TS3282W Corded phone,67.992,1,0.2,8.498999999999992,0
3139,CA-2017-164168,2017-11-12,2017-11-18,Standard Class,LS-16975,Lindsay Shagiari,Home Office,United States,Dallas,Texas,75081,Central,TEC-AC-10004568,Technology,Accessories,Maxell LTO Ultrium - 800 GB,44.784,2,0.2,-0.5598000000000045,0
3140,CA-2017-164168,2017-11-12,2017-11-18,Standard Class,LS-16975,Lindsay Shagiari,Home Office,United States,Dallas,Texas,75081,Central,FUR-FU-10001756,Furniture,Furnishings,"Eldon Expressions Desk Accessory, Wood Photo Frame, Mahogany",22.848,3,0.6,-17.707200000000007,0
3175,CA-2017-157483,2017-11-11,2017-11-18,Standard Class,EP-13915,Emily Phan,Consumer,United States,Detroit,Michigan,48227,Central,OFF-AR-10004260,Office Supplies,Art,Boston 1799 Powerhouse Electric Pencil Sharpener,181.86,7,0.0,50.9208,0
3182,CA-2017-152912,2017-11-09,2017-11-12,Second Class,BM-11650,Brian Moss,Corporate,United States,Columbia,Maryland,21044,East,OFF-BI-10004728,Office Supplies,Binders,Wilson Jones Turn Tabs Binder Tool for Ring Binders,9.64,2,0.0,4.4344,0
3183,CA-2017-152912,2017-11-09,2017-11-12,Second Class,BM-11650,Brian Moss,Corporate,United States,Columbia,Maryland,21044,East,TEC-AC-10004666,Technology,Accessories,Maxell iVDR EX 500GB Cartridge,826.6200000000001,3,0.0,355.4466000000001,0
3184,CA-2017-152912,2017-11-09,2017-11-12,Second Class,BM-11650,Brian Moss,Corporate,United States,Columbia,Maryland,21044,East,OFF-ST-10003208,Office Supplies,Storage,Adjustable Depth Letter/Legal Cart,1633.14,9,0.0,473.61059999999975,0
3275,CA-2017-116358,2017-11-02,2017-11-06,Standard Class,KM-16225,Kalyca Meade,Corporate,United States,Overland Park,Kansas,66212,Central,OFF-FA-10003495,Office Supplies,Fasteners,Staples,18.240000000000002,3,0.0,9.120000000000001,0
3276,CA-2017-116358,2017-11-02,2017-11-06,Standard Class,KM-16225,Kalyca Meade,Corporate,United States,Overland Park,Kansas,66212,Central,OFF-AR-10004685,Office Supplies,Art,"Binney & Smith Crayola Metallic Colored Pencils, 8-Color Set",27.78,6,0.0,9.167399999999999,0
3349,CA-2017-154732,2017-11-05,2017-11-07,First Class,AH-10195,Alan Haines,Corporate,United States,Chicago,Illinois,60623,Central,OFF-BI-10000474,Office Supplies,Binders,Avery Recycled Flexi-View Covers for Binding Systems,16.029999999999998,5,0.8,-25.648000000000003,0
3381,CA-2017-103156,2017-11-23,2017-11-24,First Class,TD-20995,Tamara Dahlen,Consumer,United States,Philadelphia,Pennsylvania,19120,East,FUR-FU-10000320,Furniture,Furnishings,OIC Stacking Trays,24.048000000000002,9,0.2,7.214400000000001,0
3472,CA-2017-122644,2017-11-12,2017-11-17,Standard Class,SF-20965,Sylvia Foulston,Corporate,United States,Columbus,Ohio,43229,East,OFF-PA-10003673,Office Supplies,Paper,Strathmore Photo Mount Cards,10.848,2,0.2,3.5255999999999994,0
3554,CA-2017-107832,2017-11-23,2017-11-26,Second Class,FH-14275,Frank Hawley,Corporate,United States,Philadelphia,Pennsylvania,19120,East,OFF-BI-10001658,Office Supplies,Binders,GBC Standard Therm-A-Bind Covers,7.476000000000002,1,0.7,-5.980799999999999,0
3559,CA-2017-152737,2017-11-07,2017-11-12,Standard Class,TS-21505,Tony Sayre,Consumer,United States,San Francisco,California,94122,West,OFF-BI-10002982,Office Supplies,Binders,Avery Self-Adhesive Photo Pockets for Polaroid Photos,21.792,4,0.2,7.627199999999998,0
3590,CA-2017-146535,2017-11-24,2017-11-30,Standard Class,FM-14290,Frank Merwin,Home Office,United States,Richmond,Kentucky,40475,South,OFF-BI-10000546,Office Supplies,Binders,Avery Durable Binders,2.88,1,0.0,1.4112,0
3630,CA-2017-155957,2017-11-26,2017-11-30,Standard Class,CC-12610,Corey Catlett,Corporate,United States,Columbus,Ohio,43229,East,OFF-AP-10002082,Office Supplies,Appliances,Holmes HEPA Air Purifier,52.272000000000006,3,0.2,9.800999999999998,0
3675,CA-2017-154109,2017-11-06,2017-11-11,Standard Class,ML-17410,Maris LaWare,Consumer,United States,Philadelphia,Pennsylvania,19143,East,FUR-CH-10003774,Furniture,Chairs,"Global Wood Trimmed Manager's Task Chair, Khaki",127.372,2,0.3,-30.933200000000006,0
3676,CA-2017-154109,2017-11-06,2017-11-11,Standard Class,ML-17410,Maris LaWare,Consumer,United States,Philadelphia,Pennsylvania,19143,East,OFF-PA-10000157,Office Supplies,Paper,Xerox 191,47.952000000000005,3,0.2,16.183799999999998,0
3779,US-2017-148768,2017-11-30,2017-12-02,Second Class,PN-18775,Parhena Norris,Home Office,United States,Miami,Florida,33180,South,TEC-PH-10002564,Technology,Phones,OtterBox Defender Series Case - Samsung Galaxy S4,71.976,3,0.2,8.99699999999999,0
3784,CA-2017-165204,2017-11-13,2017-11-16,Second Class,MN-17935,Michael Nguyen,Consumer,United States,Memphis,Tennessee,38109,South,OFF-ST-10003716,Office Supplies,Storage,Tennsco Double-Tier Lockers,720.0640000000001,4,0.2,-63.005600000000015,0
3800,CA-2017-147760,2017-11-04,2017-11-05,First Class,KL-16555,Kelly Lampkin,Corporate,United States,Greensboro,North Carolina,27405,South,TEC-PH-10002483,Technology,Phones,Motorola Moto X,1359.96,5,0.2,118.99650000000003,0
3848,CA-2017-129000,2017-11-25,2017-11-27,Second Class,SZ-20035,Sam Zeldin,Home Office,United States,Canton,Michigan,48187,Central,OFF-ST-10001097,Office Supplies,Storage,Office Impressions Heavy Duty Welded Shelving & Multimedia Storage Drawers,501.81000000000006,3,0.0,0.0,0
3853,CA-2017-130526,2017-11-26,2017-11-29,First Class,GT-14755,Guy Thornton,Consumer,United States,Rockford,Illinois,61107,Central,OFF-BI-10001524,Office Supplies,Binders,GBC Premium Transparent Covers with Diagonal Lined Pattern,33.56799999999999,8,0.8,-53.708800000000025,0
3946,CA-2017-167871,2017-11-18,2017-11-23,Standard Class,AF-10870,Art Ferguson,Consumer,United States,Homestead,Florida,33030,South,OFF-PA-10001977,Office Supplies,Paper,Xerox 194,44.384,1,0.2,15.534399999999998,0
4011,CA-2017-100811,2017-11-21,2017-11-24,First Class,CC-12475,Cindy Chapman,Consumer,United States,Philadelphia,Pennsylvania,19143,East,OFF-PA-10001204,Office Supplies,Paper,Xerox 1972,8.448,2,0.2,2.6399999999999997,0
4075,CA-2017-108112,2017-11-15,2017-11-20,Standard Class,DK-12895,Dana Kaydos,Consumer,United States,Miramar,Florida,33023,South,FUR-FU-10003553,Furniture,Furnishings,"Howard Miller 13-1/2"" Diameter Rosebrook Wall Clock",220.064,4,0.2,55.01600000000001,0
4076,CA-2017-108112,2017-11-15,2017-11-20,Standard Class,DK-12895,Dana Kaydos,Consumer,United States,Miramar,Florida,33023,South,FUR-FU-10001488,Furniture,Furnishings,"Tenex 46"" x 60"" Computer Anti-Static Chairmat, Rectangular Shaped",339.136,4,0.2,0.0,0
4191,CA-2017-166709,2017-11-17,2017-11-22,Standard Class,HL-15040,Hunter Lopez,Consumer,United States,Newark,Delaware,19711,East,TEC-CO-10004722,Technology,Copiers,Canon imageCLASS 2200 Advanced Copier,10499.97,3,0.0,5039.9856,0
4227,CA-2017-120327,2017-11-11,2017-11-16,Standard Class,WB-21850,William Brown,Consumer,United States,Urbandale,Iowa,50322,Central,OFF-FA-10004854,Office Supplies,Fasteners,"Vinyl Coated Wire Paper Clips in Organizer Box, 800/Box",45.92,4,0.0,21.5824,0
4247,CA-2017-117702,2017-11-28,2017-12-04,Standard Class,LS-16975,Lindsay Shagiari,Home Office,United States,Baltimore,Maryland,21215,East,FUR-FU-10000576,Furniture,Furnishings,Luxo Professional Fluorescent Magnifier Lamp with Clamp-Mount Base,1049.2,5,0.0,272.79200000000003,0
4355,CA-2017-153654,2017-11-24,2017-11-26,Second Class,MD-17860,Michael Dominguez,Corporate,United States,Asheville,North Carolina,28806,South,OFF-BI-10004465,Office Supplies,Binders,Avery Durable Slant Ring Binders,19.008000000000003,8,0.7,-12.671999999999997,0
4389,CA-2017-111556,2017-11-20,2017-11-22,First Class,CD-11920,Carlos Daly,Consumer,United States,New York City,New York,10035,East,OFF-PA-10003651,Office Supplies,Paper,Xerox 1968,46.76,7,0.0,22.4448,0
4390,CA-2017-111556,2017-11-20,2017-11-22,First Class,CD-11920,Carlos Daly,Consumer,United States,New York City,New York,10035,East,FUR-BO-10003159,Furniture,Bookcases,"Sauder Camden County Collection Libraries, Planked Cherry Finish",183.96800000000002,2,0.2,-25.29560000000002,0
4391,CA-2017-111556,2017-11-20,2017-11-22,First Class,CD-11920,Carlos Daly,Consumer,United States,New York City,New York,10035,East,TEC-PH-10001459,Technology,Phones,Samsung Galaxy Mega 6.3,1259.97,3,0.0,327.59220000000005,0
4392,CA-2017-111556,2017-11-20,2017-11-22,First Class,CD-11920,Carlos Daly,Consumer,United States,New York City,New York,10035,East,OFF-AR-10004602,Office Supplies,Art,Boston KS Multi-Size Manual Pencil Sharpener,68.97,3,0.0,19.311600000000002,0
4469,CA-2017-168641,2017-11-24,2017-12-01,Standard Class,KA-16525,Kelly Andreada,Consumer,United States,New York City,New York,10035,East,FUR-BO-10000780,Furniture,Bookcases,O'Sullivan Plantations 2-Door Library in Landvery Oak,321.568,2,0.2,-16.078399999999988,0
4585,US-2017-163790,2017-11-02,2017-11-04,Second Class,NL-18310,Nancy Lomonaco,Home Office,United States,Danville,California,94526,West,OFF-EN-10001335,Office Supplies,Envelopes,"White Business Envelopes with Contemporary Seam, Recycled White Business Envelopes",76.58,7,0.0,38.29,0
4586,US-2017-163790,2017-11-02,2017-11-04,Second Class,NL-18310,Nancy Lomonaco,Home Office,United States,Danville,California,94526,West,OFF-AR-10003469,Office Supplies,Art,Nontoxic Chalk,8.8,5,0.0,4.224,0
4587,US-2017-163790,2017-11-02,2017-11-04,Second Class,NL-18310,Nancy Lomonaco,Home Office,United States,Danville,California,94526,West,OFF-BI-10003718,Office Supplies,Binders,GBC Therma-A-Bind 250T Electric Binding System,590.352,6,0.2,206.62319999999997,0
4589,US-2017-163790,2017-11-02,2017-11-04,Second Class,NL-18310,Nancy Lomonaco,Home Office,United States,Danville,California,94526,West,FUR-FU-10002508,Furniture,Furnishings,Document Clip Frames,25.02,3,0.0,10.508400000000002,0
4590,US-2017-163790,2017-11-02,2017-11-04,Second Class,NL-18310,Nancy Lomonaco,Home Office,United States,Danville,California,94526,West,OFF-ST-10001511,Office Supplies,Storage,Space Solutions Commercial Steel Shelving,452.55000000000007,7,0.0,22.627499999999962,0
4774,CA-2017-119746,2017-11-23,2017-11-27,Standard Class,CM-12385,Christopher Martinez,Consumer,United States,Chicago,Illinois,60610,Central,OFF-LA-10001613,Office Supplies,Labels,Avery File Folder Labels,11.52,5,0.2,4.176,0
4841,CA-2017-154123,2017-11-20,2017-11-25,Standard Class,SC-20050,Sample Company A,Home Office,United States,Henderson,Kentucky,42420,South,FUR-FU-10000629,Furniture,Furnishings,9-3/4 Diameter Round Wall Clock,27.58,2,0.0,11.5836,0
4868,CA-2017-122490,2017-11-13,2017-11-18,Standard Class,TT-21070,Ted Trevino,Consumer,United States,Seattle,Washington,98103,West,OFF-ST-10000991,Office Supplies,Storage,Space Solutions HD Industrial Steel Shelving.,344.90999999999997,3,0.0,10.347300000000004,0
4869,CA-2017-122490,2017-11-13,2017-11-18,Standard Class,TT-21070,Ted Trevino,Consumer,United States,Seattle,Washington,98103,West,OFF-LA-10001613,Office Supplies,Labels,Avery File Folder Labels,8.64,3,0.0,4.2336,0
4871,CA-2017-131366,2017-11-24,2017-11-29,Standard Class,SC-20440,Shaun Chance,Corporate,United States,Lancaster,Pennsylvania,17602,East,OFF-PA-10000675,Office Supplies,Paper,Xerox 1919,229.544,7,0.2,83.2097,0
4880,CA-2017-143567,2017-11-02,2017-11-05,Second Class,TB-21175,Thomas Boland,Corporate,United States,Henderson,Kentucky,42420,South,OFF-EN-10004846,Office Supplies,Envelopes,Letter or Legal Size Expandable Poly String Tie Envelopes,5.32,2,0.0,2.6068000000000002,0
4881,CA-2017-143567,2017-11-02,2017-11-05,Second Class,TB-21175,Thomas Boland,Corporate,United States,Henderson,Kentucky,42420,South,FUR-CH-10000454,Furniture,Chairs,"Hon Deluxe Fabric Upholstered Stacking Chairs, Rounded Back",975.92,4,0.0,292.77599999999995,0
4883,CA-2017-143567,2017-11-02,2017-11-05,Second Class,TB-21175,Thomas Boland,Corporate,United States,Henderson,Kentucky,42420,South,OFF-ST-10001580,Office Supplies,Storage,Super Decoflex Portable Personal File,59.92,4,0.0,16.7776,0
4950,CA-2017-107125,2017-11-27,2017-12-02,Standard Class,BD-11320,Bill Donatelli,Consumer,United States,Los Angeles,California,90045,West,FUR-FU-10000732,Furniture,Furnishings,Eldon 200 Class Desk Accessories,18.84,3,0.0,6.0287999999999995,0
5067,CA-2017-142090,2017-11-30,2017-12-07,Standard Class,SC-20380,Shahid Collister,Consumer,United States,Burlington,North Carolina,27217,South,FUR-TA-10001889,Furniture,Tables,Bush Advantage Collection Racetrack Conference Table,1781.6819999999998,7,0.4,-653.2834,0
5079,CA-2017-143217,2017-11-11,2017-11-17,Standard Class,CG-12040,Catherine Glotzbach,Home Office,United States,Milwaukee,Wisconsin,53209,Central,OFF-BI-10002949,Office Supplies,Binders,Prestige Round Ring Binders,18.240000000000002,3,0.0,8.572799999999999,0
5081,US-2017-133312,2017-11-25,2017-11-29,Standard Class,BD-11500,Bradley Drucker,Consumer,United States,San Francisco,California,94122,West,OFF-ST-10001325,Office Supplies,Storage,Sterilite Officeware Hinged File Box,10.48,1,0.0,2.8296,0
5117,CA-2017-154137,2017-11-11,2017-11-17,Standard Class,MT-17815,Meg Tillman,Consumer,United States,New York City,New York,10009,East,OFF-ST-10003324,Office Supplies,Storage,Belkin OmniView SE Rackmount Kit,35.48,1,0.0,0.0,0
5134,CA-2017-155607,2017-11-26,2017-11-30,Standard Class,FG-14260,Frank Gastineau,Home Office,United States,New York City,New York,10009,East,OFF-AP-10001962,Office Supplies,Appliances,Black & Decker Filter for Double Action Dustbuster Cordless Vac BLDV7210,58.730000000000004,7,0.0,14.682500000000001,0
5135,CA-2017-155607,2017-11-26,2017-11-30,Standard Class,FG-14260,Frank Gastineau,Home Office,United States,New York City,New York,10009,East,OFF-BI-10003364,Office Supplies,Binders,Binding Machine Supplies,93.34400000000001,4,0.2,32.6704,0
5191,US-2017-136679,2017-11-14,2017-11-18,Standard Class,XP-21865,Xylona Preis,Consumer,United States,Pasadena,Texas,77506,Central,OFF-AR-10003582,Office Supplies,Art,"Boston Electric Pencil Sharpener, Model 1818, Charcoal Black",45.04,2,0.2,4.504000000000003,0
5249,US-2017-110989,2017-11-03,2017-11-05,Second Class,EJ-14155,Eva Jacobs,Consumer,United States,Seattle,Washington,98105,West,TEC-AC-10002345,Technology,Accessories,HP Standard 104 key PS/2 Keyboard,43.5,3,0.0,10.875,0
5311,CA-2017-131254,2017-11-19,2017-11-21,First Class,NC-18415,Nathan Cano,Consumer,United States,Houston,Texas,77095,Central,OFF-BI-10003527,Office Supplies,Binders,Fellowes PB500 Electric Punch Plastic Comb Binding Machine with Manual Bind,1525.1879999999996,6,0.8,-2287.782,0
5441,US-2017-153633,2017-11-13,2017-11-18,Second Class,TC-21295,Toby Carlisle,Consumer,United States,Jupiter,Florida,33458,South,OFF-AR-10002335,Office Supplies,Art,DIXON Oriole Pencils,2.064,1,0.2,0.15480000000000005,0
5503,CA-2017-127782,2017-11-02,2017-11-06,Standard Class,TH-21115,Thea Hudgings,Corporate,United States,Philadelphia,Pennsylvania,19140,East,FUR-FU-10001847,Furniture,Furnishings,Eldon Image Series Black Desk Accessories,3.312,1,0.2,0.6623999999999998,0
5505,CA-2017-127782,2017-11-02,2017-11-06,Standard Class,TH-21115,Thea Hudgings,Corporate,United States,Philadelphia,Pennsylvania,19140,East,OFF-EN-10003845,Office Supplies,Envelopes,Colored Envelopes,8.856,3,0.2,2.878199999999999,0
5585,CA-2017-105333,2017-11-30,2017-12-04,Standard Class,VP-21730,Victor Preis,Home Office,United States,New York City,New York,10011,East,OFF-ST-10002182,Office Supplies,Storage,"Iris 3-Drawer Stacking Bin, Black",83.56,4,0.0,1.671199999999999,0
5805,CA-2017-113873,2017-11-13,2017-11-19,Standard Class,KE-16420,Katrina Edelman,Corporate,United States,Dallas,Texas,75220,Central,OFF-ST-10000943,Office Supplies,Storage,Eldon ProFile File 'N Store Portable File Tub Letter/Legal Size Black,61.792,4,0.2,6.179200000000002,0
5806,CA-2017-113873,2017-11-13,2017-11-19,Standard Class,KE-16420,Katrina Edelman,Corporate,United States,Dallas,Texas,75220,Central,FUR-BO-10003441,Furniture,Bookcases,"Bush Westfield Collection Bookcases, Fully Assembled",205.99919999999997,3,0.32,-27.264600000000016,0
5905,US-2017-153948,2017-11-06,2017-11-06,Same Day,FM-14290,Frank Merwin,Home Office,United States,San Francisco,California,94122,West,OFF-PA-10000143,Office Supplies,Paper,Astroparche Fine Business Paper,26.400000000000002,5,0.0,12.672,0
5906,US-2017-153948,2017-11-06,2017-11-06,Same Day,FM-14290,Frank Merwin,Home Office,United States,San Francisco,California,94122,West,OFF-LA-10000414,Office Supplies,Labels,Avery 503,41.4,4,0.0,19.872,0
5907,US-2017-153948,2017-11-06,2017-11-06,Same Day,FM-14290,Frank Merwin,Home Office,United States,San Francisco,California,94122,West,TEC-AC-10003441,Technology,Accessories,Kingston Digital DataTraveler 32GB USB 2.0,16.95,1,0.0,1.0169999999999995,0
5925,CA-2017-146458,2017-11-19,2017-11-22,Second Class,RB-19435,Richard Bierner,Consumer,United States,Springfield,Virginia,22153,South,OFF-AR-10001177,Office Supplies,Art,Newell 349,22.959999999999997,7,0.0,6.658399999999997,0
6148,CA-2017-105130,2017-11-21,2017-11-25,Standard Class,PJ-18835,Patrick Jones,Corporate,United States,San Francisco,California,94122,West,OFF-BI-10001191,Office Supplies,Binders,Canvas Sectional Post Binders,40.736000000000004,2,0.2,14.7668,0
6213,CA-2017-149944,2017-11-12,2017-11-16,Second Class,MB-17305,Maria Bertelson,Consumer,United States,Longview,Washington,98632,West,OFF-FA-10003495,Office Supplies,Fasteners,Staples,18.240000000000002,3,0.0,9.120000000000001,0
6214,CA-2017-149944,2017-11-12,2017-11-16,Second Class,MB-17305,Maria Bertelson,Consumer,United States,Longview,Washington,98632,West,OFF-AP-10004708,Office Supplies,Appliances,Fellowes Superior 10 Outlet Split Surge Protector,76.12,2,0.0,22.074799999999996,0
6300,CA-2017-107314,2017-11-30,2017-12-03,First Class,MZ-17335,Maria Zettner,Home Office,United States,San Francisco,California,94109,West,FUR-FU-10003489,Furniture,Furnishings,Contemporary Borderless Frame,25.83,3,0.0,9.557099999999998,0
6303,CA-2017-166919,2017-11-23,2017-11-27,Standard Class,AH-10210,Alan Hwang,Consumer,United States,Dallas,Texas,75220,Central,TEC-PH-10001305,Technology,Phones,Panasonic KX TS208W Corded phone,195.96000000000004,5,0.2,19.596000000000018,0
6319,CA-2017-161459,2017-11-25,2017-11-29,Second Class,EB-13750,Edward Becker,Corporate,United States,Laguna Niguel,California,92677,West,TEC-PH-10004071,Technology,Phones,PayAnywhere Card Reader,39.96000000000001,5,0.2,3.4964999999999993,0
6320,CA-2017-161459,2017-11-25,2017-11-29,Second Class,EB-13750,Edward Becker,Corporate,United States,Laguna Niguel,California,92677,West,OFF-PA-10002377,Office Supplies,Paper,"Adams Telephone Message Book W/Dividers/Space For Phone Numbers, 5 1/4""X8 1/2"", 200/Messages",34.08,6,0.0,15.335999999999999,0
6363,CA-2017-110443,2017-11-21,2017-11-25,Standard Class,CK-12205,Chloris Kastensmidt,Consumer,United States,Renton,Washington,98059,West,OFF-BI-10001670,Office Supplies,Binders,Vinyl Sectional Post Binders,150.8,5,0.2,56.55,0
6505,CA-2017-128265,2017-11-17,2017-11-22,Second Class,VW-21775,Victoria Wilson,Corporate,United States,New York City,New York,10011,East,OFF-ST-10000142,Office Supplies,Storage,Deluxe Rollaway Locking File with Drawer,1247.6399999999999,3,0.0,349.33919999999995,0
6542,US-2017-107888,2017-11-16,2017-11-19,First Class,CC-12220,Chris Cortes,Consumer,United States,Seattle,Washington,98103,West,FUR-FU-10003394,Furniture,Furnishings,"Tenex ""The Solids"" Textured Chair Mats",139.92,2,0.0,23.786399999999986,0
6544,US-2017-107888,2017-11-16,2017-11-19,First Class,CC-12220,Chris Cortes,Consumer,United States,Seattle,Washington,98103,West,OFF-ST-10003123,Office Supplies,Storage,Fellowes Bases and Tops For Staxonsteel/High-Stak Systems,33.29,1,0.0,7.989599999999999,0
6936,CA-2017-137365,2017-11-30,2017-12-03,Second Class,BP-11095,Bart Pistole,Corporate,United States,El Paso,Texas,79907,Central,TEC-AC-10001767,Technology,Accessories,SanDisk Ultra 64 GB MicroSDHC Class 10 Memory Card,95.97600000000001,3,0.2,-10.79730000000001,0
6950,CA-2017-143021,2017-11-19,2017-11-19,Same Day,AP-10720,Anne Pryor,Home Office,United States,New York City,New York,10011,East,OFF-BI-10001628,Office Supplies,Binders,"Acco Data Flex Cable Posts For Top & Bottom Load Binders, 6"" Capacity",58.407999999999994,7,0.2,18.252499999999998,0
6979,CA-2017-155159,2017-11-25,2017-11-29,Second Class,DL-13315,Delfina Latchford,Consumer,United States,Atlanta,Georgia,30318,South,OFF-PA-10003724,Office Supplies,Paper,"Wirebound Message Book, 4 per Page",48.87,9,0.0,23.946299999999997,0
7319,CA-2017-158120,2017-11-17,2017-11-21,Standard Class,KH-16330,Katharine Harms,Corporate,United States,Hillsboro,Oregon,97123,West,OFF-BI-10002813,Office Supplies,Binders,Avery Reinforcements for Hole-Punch Pages,4.158,7,0.7,-3.465,0
7320,CA-2017-100097,2017-11-26,2017-11-29,Second Class,MN-17935,Michael Nguyen,Consumer,United States,New York City,New York,10009,East,TEC-PH-10002310,Technology,Phones,Plantronics Calisto P620-M USB Wireless Speakerphone System,979.95,5,0.0,264.58650000000006,0
7326,US-2017-128447,2017-11-10,2017-11-17,Standard Class,MC-17845,Michael Chen,Consumer,United States,Pasco,Washington,99301,West,OFF-AP-10004540,Office Supplies,Appliances,"Eureka The Boss Lite 10-Amp Upright Vacuum, Blue",400.79999999999995,5,0.0,112.224,0
7377,US-2017-145597,2017-11-02,2017-11-05,First Class,GG-14650,Greg Guthrie,Corporate,United States,Bloomington,Illinois,61701,Central,OFF-AR-10001958,Office Supplies,Art,Stanley Bostitch Contemporary Electric Pencil Sharpeners,54.336000000000006,4,0.2,5.4336,0
7390,CA-2017-108035,2017-11-29,2017-12-03,Standard Class,TT-21070,Ted Trevino,Consumer,United States,Chattanooga,Tennessee,37421,South,FUR-CH-10000454,Furniture,Chairs,"Hon Deluxe Fabric Upholstered Stacking Chairs, Rounded Back",390.368,2,0.2,48.79599999999998,0
7391,CA-2017-108035,2017-11-29,2017-12-03,Standard Class,TT-21070,Ted Trevino,Consumer,United States,Chattanooga,Tennessee,37421,South,FUR-FU-10004017,Furniture,Furnishings,"Executive Impressions 13"" Chairman Wall Clock",101.52000000000001,5,0.2,19.03499999999999,0
7490,CA-2017-157196,2017-11-05,2017-11-09,Standard Class,AA-10645,Anna Andreadi,Consumer,United States,San Diego,California,92105,West,OFF-PA-10003172,Office Supplies,Paper,Xerox 1996,12.96,2,0.0,6.2208000000000006,0
7492,US-2017-118598,2017-11-16,2017-11-16,Same Day,CM-12190,Charlotte Melton,Consumer,United States,Utica,New York,13501,East,TEC-PH-10002583,Technology,Phones,iOttie HLCRIO102 Car Mount,119.94,6,0.0,5.996999999999986,0
7557,CA-2017-159506,2017-11-27,2017-12-02,Standard Class,JR-16210,Justin Ritter,Corporate,United States,Columbus,Indiana,47201,Central,OFF-PA-10003641,Office Supplies,Paper,Xerox 1909,158.28,6,0.0,72.80879999999999,0
7558,CA-2017-159506,2017-11-27,2017-12-02,Standard Class,JR-16210,Justin Ritter,Corporate,United States,Columbus,Indiana,47201,Central,OFF-BI-10004519,Office Supplies,Binders,GBC DocuBind P100 Manual Binding Machine,497.93999999999994,3,0.0,224.07299999999998,0
7716,US-2017-101518,2017-11-03,2017-11-08,Standard Class,PB-19105,Peter Bühler,Consumer,United States,Philadelphia,Pennsylvania,19140,East,TEC-AC-10001553,Technology,Accessories,"Memorex 25GB 6X Branded Blu-Ray Recordable Disc, 15/Pack",40.775999999999996,3,0.2,0.5097000000000005,0
7757,CA-2017-100902,2017-11-17,2017-11-21,Standard Class,CK-12595,Clytie Kelty,Consumer,United States,Charlotte,North Carolina,28205,South,TEC-AC-10003174,Technology,Accessories,Plantronics S12 Corded Telephone Headset System,431.1600000000001,5,0.2,107.78999999999996,0
7928,CA-2017-120404,2017-11-20,2017-11-24,Second Class,KH-16330,Katharine Harms,Corporate,United States,New York City,New York,10035,East,TEC-PH-10001363,Technology,Phones,Apple iPhone 5S,569.99,1,0.0,170.99699999999996,0
7964,CA-2017-104864,2017-11-18,2017-11-23,Second Class,JS-15685,Jim Sink,Corporate,United States,Miramar,Florida,33023,South,OFF-AP-10002684,Office Supplies,Appliances,"Acco 7-Outlet Masterpiece Power Center, Wihtout Fax/Phone Line Protection",389.05600000000004,4,0.2,48.63199999999995,0
7965,CA-2017-104864,2017-11-18,2017-11-23,Second Class,JS-15685,Jim Sink,Corporate,United States,Miramar,Florida,33023,South,OFF-PA-10004609,Office Supplies,Paper,Xerox 221,20.736000000000004,4,0.2,7.2576,0
8020,CA-2017-167227,2017-11-02,2017-11-05,First Class,NP-18670,Nora Paige,Consumer,United States,Saint Louis,Missouri,63116,Central,OFF-AP-10001962,Office Supplies,Appliances,Black & Decker Filter for Double Action Dustbuster Cordless Vac BLDV7210,83.9,10,0.0,20.975,0
8021,CA-2017-167227,2017-11-02,2017-11-05,First Class,NP-18670,Nora Paige,Consumer,United States,Saint Louis,Missouri,63116,Central,OFF-PA-10001838,Office Supplies,Paper,"Adams Telephone Message Book W/Dividers/Space For Phone Numbers, 5 1/4""X8 1/2"", 300/Messages",11.76,2,0.0,5.7623999999999995,0
8110,CA-2017-160122,2017-11-18,2017-11-23,Standard Class,RD-19930,Russell D'Ascenzo,Consumer,United States,Chicago,Illinois,60623,Central,OFF-EN-10002592,Office Supplies,Envelopes,"Peel & Seel Recycled Catalog Envelopes, Brown",55.584,6,0.2,20.844,0
8226,CA-2017-104136,2017-11-01,2017-11-04,Second Class,SF-20065,Sandra Flanagan,Consumer,United States,Everett,Massachusetts,2149,East,OFF-PA-10004243,Office Supplies,Paper,Xerox 1939,189.7,10,0.0,91.05599999999998,0
8227,CA-2017-104136,2017-11-01,2017-11-04,Second Class,SF-20065,Sandra Flanagan,Consumer,United States,Everett,Massachusetts,2149,East,OFF-PA-10001033,Office Supplies,Paper,Xerox 1893,40.99,1,0.0,20.0851,0
8294,US-2017-168802,2017-11-03,2017-11-07,Standard Class,JO-15145,Jack O'Briant,Corporate,United States,Seattle,Washington,98103,West,OFF-BI-10002393,Office Supplies,Binders,Binder Posts,18.368000000000002,4,0.2,5.9696,0
8320,CA-2017-133620,2017-11-13,2017-11-18,Standard Class,EM-14065,Erin Mull,Consumer,United States,New York City,New York,10009,East,OFF-ST-10004634,Office Supplies,Storage,"Personal Folder Holder, Ebony",11.21,1,0.0,3.3629999999999995,0
8331,CA-2017-113572,2017-11-07,2017-11-11,Standard Class,FP-14320,Frank Preis,Consumer,United States,New York City,New York,10024,East,TEC-AC-10002370,Technology,Accessories,Maxell CD-R Discs,7.88,4,0.0,2.5215999999999994,0
8399,CA-2017-120061,2017-11-02,2017-11-07,Second Class,SR-20425,Sharelle Roach,Home Office,United States,Springfield,Ohio,45503,East,FUR-CH-10001973,Furniture,Chairs,Office Star Flex Back Scooter Chair with White Frame,155.37199999999999,2,0.3,-35.5136,0
8429,US-2017-132220,2017-11-12,2017-11-16,Standard Class,DJ-13510,Don Jones,Corporate,United States,Tempe,Arizona,85281,West,TEC-AC-10004227,Technology,Accessories,SanDisk Ultra 16 GB MicroSDHC Class 10 Memory Card,62.352000000000004,6,0.2,-10.911600000000007,0
8432,CA-2017-155621,2017-11-08,2017-11-13,Standard Class,KN-16450,Kean Nguyen,Corporate,United States,Baltimore,Maryland,21215,East,FUR-FU-10003535,Furniture,Furnishings,Howard Miller Distant Time Traveler Alarm Clock,274.20000000000005,10,0.0,112.422,0
8554,US-2017-102904,2017-11-13,2017-11-20,Standard Class,CB-12025,Cassandra Brandow,Consumer,United States,Decatur,Alabama,35601,South,TEC-AC-10000927,Technology,Accessories,Anker Ultrathin Bluetooth Wireless Keyboard Aluminum Cover with Stand ,239.92,8,0.0,23.99199999999999,0
8594,CA-2017-159667,2017-11-09,2017-11-13,Standard Class,PM-19135,Peter McVee,Home Office,United States,Jacksonville,Florida,32216,South,TEC-AC-10002567,Technology,Accessories,Logitech G602 Wireless Gaming Mouse,191.976,3,0.2,38.39519999999999,0
8595,CA-2017-159667,2017-11-09,2017-11-13,Standard Class,PM-19135,Peter McVee,Home Office,United States,Jacksonville,Florida,32216,South,TEC-PH-10004094,Technology,Phones,Motorola L703CM,499.16800000000006,4,0.2,31.197999999999993,0
8621,US-2017-119319,2017-11-06,2017-11-09,Second Class,LC-17050,Liz Carlisle,Consumer,United States,Dallas,Texas,75217,Central,FUR-FU-10003878,Furniture,Furnishings,"Linden 10"" Round Wall Clock, Black",30.560000000000002,5,0.6,-19.863999999999997,0
8684,CA-2017-101665,2017-11-25,2017-12-01,Standard Class,TZ-21580,Tracy Zic,Consumer,United States,San Francisco,California,94122,West,OFF-AR-10002335,Office Supplies,Art,DIXON Oriole Pencils,5.16,2,0.0,1.3416000000000001,0
8686,CA-2017-137323,2017-11-14,2017-11-18,Second Class,PW-19030,Pauline Webber,Corporate,United States,Watertown,New York,13601,East,OFF-ST-10003996,Office Supplies,Storage,"Letter/Legal File Tote with Clear Snap-On Lid, Black Granite",96.35999999999999,6,0.0,25.053599999999996,0
8821,CA-2017-100622,2017-11-03,2017-11-07,Standard Class,DK-13090,Dave Kipp,Consumer,United States,Orlando,Florida,32839,South,TEC-CO-10003236,Technology,Copiers,Canon Image Class D660 Copier,959.984,2,0.2,311.99479999999994,0
8875,CA-2017-142489,2017-11-14,2017-11-16,Second Class,TC-21295,Toby Carlisle,Consumer,United States,Houston,Texas,77095,Central,OFF-BI-10003684,Office Supplies,Binders,Wilson Jones Legal Size Ring Binders,21.989999999999995,5,0.8,-32.985,0
8913,CA-2017-102610,2017-11-04,2017-11-08,Standard Class,CA-12265,Christina Anderson,Consumer,United States,Chattanooga,Tennessee,37421,South,OFF-BI-10004364,Office Supplies,Binders,Storex Dura Pro Binders,3.564000000000001,2,0.7,-2.9700000000000006,0
8959,CA-2017-150266,2017-11-25,2017-11-30,Standard Class,RO-19780,Rose O'Brian,Consumer,United States,Houston,Texas,77070,Central,TEC-PH-10003437,Technology,Phones,Blue Parrot B250XT Professional Grade Wireless Bluetooth Headset with,299.96,5,0.2,37.49499999999996,0
8960,CA-2017-150266,2017-11-25,2017-11-30,Standard Class,RO-19780,Rose O'Brian,Consumer,United States,Houston,Texas,77070,Central,OFF-AP-10002867,Office Supplies,Appliances,Fellowes Command Center 5-outlet power strip,67.83999999999999,5,0.8,-179.776,0
8975,CA-2017-156622,2017-11-23,2017-11-26,First Class,JP-15460,Jennifer Patt,Corporate,United States,Dallas,Texas,75220,Central,OFF-PA-10000477,Office Supplies,Paper,Xerox 22,36.28800000000001,7,0.2,12.700800000000001,0
8976,CA-2017-156622,2017-11-23,2017-11-26,First Class,JP-15460,Jennifer Patt,Corporate,United States,Dallas,Texas,75220,Central,OFF-PA-10002923,Office Supplies,Paper,Xerox 1942,78.304,2,0.2,29.363999999999997,0
8977,CA-2017-156622,2017-11-23,2017-11-26,First Class,JP-15460,Jennifer Patt,Corporate,United States,Dallas,Texas,75220,Central,FUR-TA-10003008,Furniture,Tables,"Lesro Round Back Collection Coffee Table, End Table",127.785,1,0.3,-31.03349999999999,0
8997,US-2017-116491,2017-11-11,2017-11-13,First Class,PG-18820,Patrick Gardner,Consumer,United States,Dallas,Texas,75081,Central,TEC-PH-10004531,Technology,Phones,OtterBox Commuter Series Case - iPhone 5 & 5s,35.184,2,0.2,12.3144,0
9008,CA-2017-107825,2017-11-18,2017-11-18,Same Day,NB-18655,Nona Balk,Corporate,United States,Milwaukee,Wisconsin,53209,Central,OFF-LA-10003720,Office Supplies,Labels,Avery 487,7.38,2,0.0,3.4686,0
9009,CA-2017-107825,2017-11-18,2017-11-18,Same Day,NB-18655,Nona Balk,Corporate,United States,Milwaukee,Wisconsin,53209,Central,FUR-FU-10000206,Furniture,Furnishings,"GE General Purpose, Extra Long Life, Showcase & Floodlight Incandescent Bulbs",5.82,2,0.0,2.7354,0
9039,CA-2017-157420,2017-11-21,2017-11-21,Same Day,HZ-14950,Henia Zydlo,Consumer,United States,Houston,Texas,77095,Central,TEC-PH-10003555,Technology,Phones,Motorola HK250 Universal Bluetooth Headset,55.176,3,0.2,-12.414599999999997,0
9083,CA-2017-169005,2017-11-02,2017-11-06,Standard Class,BG-11035,Barry Gonzalez,Consumer,United States,Springfield,Virginia,22153,South,OFF-AR-10000246,Office Supplies,Art,Newell 318,5.56,2,0.0,1.4455999999999998,0
9123,CA-2017-162250,2017-11-24,2017-11-24,Same Day,PR-18880,Patrick Ryan,Consumer,United States,San Francisco,California,94109,West,OFF-PA-10002137,Office Supplies,Paper,"Southworth 100% Résumé Paper, 24lb.",7.78,1,0.0,3.5009999999999994,0
9218,US-2017-118157,2017-11-14,2017-11-17,First Class,AW-10930,Arthur Wiediger,Home Office,United States,Minneapolis,Minnesota,55407,Central,OFF-EN-10004459,Office Supplies,Envelopes,Security-Tint Envelopes,15.28,2,0.0,7.4872,0
9224,CA-2017-121160,2017-11-04,2017-11-04,Same Day,FM-14290,Frank Merwin,Home Office,United States,Bryan,Texas,77803,Central,OFF-BI-10001308,Office Supplies,Binders,GBC Standard Plastic Binding Systems' Combs,7.535999999999999,6,0.8,-13.18800000000001,0
9261,CA-2017-167976,2017-11-11,2017-11-14,Second Class,JL-15505,Jeremy Lonsdale,Consumer,United States,Aberdeen,South Dakota,57401,Central,OFF-SU-10004661,Office Supplies,Supplies,Acme Titanium Bonded Scissors,25.5,3,0.0,6.63,0
9265,US-2017-128118,2017-11-24,2017-12-01,Standard Class,MY-17380,Maribeth Yedwab,Corporate,United States,Memphis,Tennessee,38109,South,OFF-BI-10000216,Office Supplies,Binders,"Mead 1st Gear 2"" Zipper Binder, Asst. Colors",11.673000000000002,3,0.7,-7.782,0
9266,US-2017-128118,2017-11-24,2017-12-01,Standard Class,MY-17380,Maribeth Yedwab,Corporate,United States,Memphis,Tennessee,38109,South,OFF-EN-10003448,Office Supplies,Envelopes,"Peel & Seel Recycled Catalog Envelopes, Brown",64.84800000000001,7,0.2,24.317999999999998,0
9294,US-2017-116505,2017-11-17,2017-11-21,Second Class,TB-21625,Trudy Brown,Consumer,United States,Hagerstown,Maryland,21740,East,OFF-BI-10000050,Office Supplies,Binders,"Angle-D Binders with Locking Rings, Label Holders",43.8,6,0.0,20.586,0
9467,CA-2017-102925,2017-11-05,2017-11-10,Second Class,CD-12280,Christina DeMoss,Consumer,United States,New York City,New York,10024,East,OFF-BI-10002735,Office Supplies,Binders,GBC Prestige Therm-A-Bind Covers,164.68800000000002,6,0.2,55.58220000000001,0
9468,CA-2017-102925,2017-11-05,2017-11-10,Second Class,CD-12280,Christina DeMoss,Consumer,United States,New York City,New York,10024,East,FUR-TA-10003469,Furniture,Tables,Balt Split Level Computer Training Table,166.5,2,0.4,-66.6,0
9469,CA-2017-102925,2017-11-05,2017-11-10,Second Class,CD-12280,Christina DeMoss,Consumer,United States,New York City,New York,10024,East,OFF-PA-10001870,Office Supplies,Paper,Xerox 202,12.96,2,0.0,6.2208000000000006,0
9474,CA-2017-102925,2017-11-05,2017-11-10,Second Class,CD-12280,Christina DeMoss,Consumer,United States,New York City,New York,10024,East,FUR-FU-10004245,Furniture,Furnishings,"Career Cubicle Clock, 8 1/4"", Black",101.4,5,0.0,38.532000000000004,0
9482,CA-2017-150504,2017-11-06,2017-11-12,Standard Class,HG-14845,Harry Greene,Consumer,United States,Dallas,Texas,75220,Central,OFF-ST-10000615,Office Supplies,Storage,"SimpliFile Personal File, Black Granite, 15w x 6-15/16d x 11-1/4h",18.16,2,0.2,1.8160000000000016,0
9498,CA-2017-118213,2017-11-05,2017-11-07,First Class,AB-10060,Adam Bellavance,Home Office,United States,Greenwood,Indiana,46142,Central,OFF-PA-10002615,Office Supplies,Paper,"Ampad Gold Fibre Wirebound Steno Books, 6"" x 9"", Gregg Ruled",4.41,1,0.0,2.0286,0
9499,CA-2017-118213,2017-11-05,2017-11-07,First Class,AB-10060,Adam Bellavance,Home Office,United States,Greenwood,Indiana,46142,Central,OFF-PA-10000565,Office Supplies,Paper,Easy-staple paper,167.94,3,0.0,82.2906,0
9500,CA-2017-118213,2017-11-05,2017-11-07,First Class,AB-10060,Adam Bellavance,Home Office,United States,Greenwood,Indiana,46142,Central,OFF-PA-10003673,Office Supplies,Paper,Strathmore Photo Mount Cards,67.8,10,0.0,31.188,0
9618,CA-2017-160633,2017-11-16,2017-11-21,Standard Class,BS-11380,Bill Stewart,Corporate,United States,Bowling Green,Ohio,43402,East,TEC-CO-10002095,Technology,Copiers,Hewlett Packard 610 Color Digital Copier / Printer,899.982,3,0.4,74.99849999999992,0
9619,CA-2017-160633,2017-11-16,2017-11-21,Standard Class,BS-11380,Bill Stewart,Corporate,United States,Bowling Green,Ohio,43402,East,OFF-AR-10004022,Office Supplies,Art,Panasonic KP-380BK Classic Electric Pencil Sharpener,86.352,3,0.2,5.396999999999991,0
9720,CA-2017-166835,2017-11-12,2017-11-14,Second Class,DK-13375,Dennis Kane,Consumer,United States,Lancaster,Pennsylvania,17602,East,OFF-ST-10002574,Office Supplies,Storage,"SAFCO Commercial Wire Shelving, Black",221.024,2,0.2,-55.256,0
9732,CA-2017-124261,2017-11-14,2017-11-19,Standard Class,JE-15715,Joe Elijah,Consumer,United States,Los Angeles,California,90049,West,OFF-AR-10003504,Office Supplies,Art,Newell 347,34.24,8,0.0,9.929599999999997,0
9743,CA-2017-131303,2017-11-28,2017-12-02,Standard Class,EP-13915,Emily Phan,Consumer,United States,San Diego,California,92037,West,OFF-LA-10001074,Office Supplies,Labels,Round Specialty Laser Printer Labels,62.65,5,0.0,29.445499999999996,0
9747,CA-2017-137505,2017-11-24,2017-11-24,Same Day,BP-11290,Beth Paige,Consumer,United States,Los Angeles,California,90008,West,FUR-TA-10001676,Furniture,Tables,Hon 61000 Series Interactive Training Tables,71.08800000000001,2,0.2,-1.777200000000004,0
9761,CA-2017-159135,2017-11-04,2017-11-08,Standard Class,KM-16375,Katherine Murray,Home Office,United States,Springdale,Arkansas,72762,South,OFF-AR-10000657,Office Supplies,Art,"Binney & Smith inkTank Desk Highlighter, Chisel Tip, Yellow, 12/Box",4.3,2,0.0,1.4189999999999996,0
9988,CA-2017-163629,2017-11-17,2017-11-21,Standard Class,RA-19885,Ruben Ausman,Corporate,United States,Athens,Georgia,30605,South,TEC-AC-10001539,Technology,Accessories,Logitech G430 Surround Sound Gaming Headset with Dolby 7.1 Technology,79.99,1,0.0,28.7964,0
