Row ID,Order ID,Order Date,Ship Date,Ship Mode,Customer ID,Customer Name,Segment,Country,City,State,Postal Code,Region,Product ID,Category,Sub-Category,Product Name,Sales,Quantity,Discount,Profit,Data_origen
35,CA-2017-107727,2017-10-19,2017-10-23,Second Class,MA-17560,Matt Abelman,Home Office,United States,Houston,Texas,77095,Central,OFF-PA-10000249,Office Supplies,Paper,Easy-staple paper,29.472,3,0.2,9.946799999999998,0
87,CA-2017-155558,2017-10-26,2017-11-02,Standard Class,PG-18895,Paul Gonzalez,Consumer,United States,Rochester,Minnesota,55901,Central,TEC-AC-10001998,Technology,Accessories,Logitech LS21 Speaker System - PC Multimedia - 2.1-CH - Wired,19.99,1,0.0,6.796599999999998,0
277,CA-2017-132976,2017-10-13,2017-10-17,Standard Class,AG-10495,Andrew Gjertsen,Corporate,United States,Philadelphia,Pennsylvania,19140,East,OFF-PA-10000673,Office Supplies,Paper,"Post-it “Important Message” Note Pad, Neon Colors, 50 Sheets/Pad",11.648000000000001,2,0.2,4.0768,0
280,CA-2017-132976,2017-10-13,2017-10-17,Standard Class,AG-10495,Andrew Gjertsen,Corporate,United States,Philadelphia,Pennsylvania,19140,East,OFF-LA-10002043,Office Supplies,Labels,Avery 489,24.839999999999996,3,0.2,8.694,0
396,CA-2017-165603,2017-10-17,2017-10-19,Second Class,SS-20140,Saphhira Shifley,Corporate,United States,Warwick,Rhode Island,2886,East,OFF-ST-10000798,Office Supplies,Storage,2300 Heavy-Duty Transfer File Systems by Perma,49.96,2,0.0,9.492399999999996,0
429,CA-2017-152275,2017-10-01,2017-10-08,Standard Class,KH-16630,Ken Heidel,Corporate,United States,San Antonio,Texas,78207,Central,OFF-AR-10000369,Office Supplies,Art,Design Ebony Sketching Pencil,6.671999999999999,6,0.2,0.5004,0
454,CA-2017-147277,2017-10-20,2017-10-24,Standard Class,EB-13705,Ed Braxton,Corporate,United States,Akron,Ohio,44312,East,FUR-TA-10001539,Furniture,Tables,Chromcraft Rectangular Conference Tables,284.364,2,0.4,-75.83040000000005,0
527,CA-2017-113558,2017-10-21,2017-10-26,Standard Class,PH-18790,Patricia Hirasaki,Home Office,United States,Lakeland,Florida,33801,South,FUR-CH-10003379,Furniture,Chairs,Global Commerce Series High-Back Swivel/Tilt Chairs,683.9520000000001,3,0.2,42.746999999999986,0
528,CA-2017-113558,2017-10-21,2017-10-26,Standard Class,PH-18790,Patricia Hirasaki,Home Office,United States,Lakeland,Florida,33801,South,FUR-FU-10001756,Furniture,Furnishings,"Eldon Expressions Desk Accessory, Wood Photo Frame, Mahogany",45.696,3,0.2,5.140799999999992,0
567,CA-2017-156951,2017-10-01,2017-10-08,Standard Class,EB-13840,Ellis Ballard,Corporate,United States,Seattle,Washington,98105,West,OFF-PA-10004530,Office Supplies,Paper,Personal Creations Ink Jet Cards and Labels,91.84,8,0.0,45.0016,0
569,CA-2017-156951,2017-10-01,2017-10-08,Standard Class,EB-13840,Ellis Ballard,Corporate,United States,Seattle,Washington,98105,West,OFF-PA-10004451,Office Supplies,Paper,Xerox 222,19.44,3,0.0,9.3312,0
750,CA-2017-126074,2017-10-02,2017-10-06,Standard Class,RF-19735,Roland Fjeld,Consumer,United States,Trenton,Michigan,48183,Central,OFF-BI-10003638,Office Supplies,Binders,GBC Durable Plastic Covers,58.050000000000004,3,0.0,26.703,0
751,CA-2017-126074,2017-10-02,2017-10-06,Standard Class,RF-19735,Roland Fjeld,Consumer,United States,Trenton,Michigan,48183,Central,FUR-FU-10003577,Furniture,Furnishings,Nu-Dell Leatherette Frames,157.74,11,0.0,56.7864,0
753,CA-2017-126074,2017-10-02,2017-10-06,Standard Class,RF-19735,Roland Fjeld,Consumer,United States,Trenton,Michigan,48183,Central,OFF-BI-10000546,Office Supplies,Binders,Avery Durable Binders,2.88,1,0.0,1.4112,0
1046,CA-2017-152702,2017-10-12,2017-10-16,Standard Class,SN-20710,Steve Nguyen,Home Office,United States,Rockford,Illinois,61107,Central,FUR-CH-10002304,Furniture,Chairs,"Global Stack Chair without Arms, Black",254.60399999999998,14,0.3,-18.185999999999993,0
1361,CA-2017-125199,2017-10-19,2017-10-25,Standard Class,HM-14860,Harry Marie,Corporate,United States,Philadelphia,Pennsylvania,19120,East,OFF-AR-10002956,Office Supplies,Art,Boston 16801 Nautilus Battery Pencil Sharpener,123.256,7,0.2,9.2442,0
1362,CA-2017-125199,2017-10-19,2017-10-25,Standard Class,HM-14860,Harry Marie,Corporate,United States,Philadelphia,Pennsylvania,19120,East,OFF-PA-10004041,Office Supplies,Paper,"It's Hot Message Books with Stickers, 2 3/4"" x 5""",23.680000000000003,4,0.2,7.3999999999999995,0
1494,CA-2017-139661,2017-10-30,2017-11-03,Standard Class,JW-15220,Jane Waco,Corporate,United States,Vancouver,Washington,98661,West,FUR-FU-10002885,Furniture,Furnishings,Magna Visual Magnetic Picture Hangers,9.64,2,0.0,3.6632000000000007,0
1597,CA-2017-132234,2017-10-16,2017-10-18,First Class,MY-17380,Maribeth Yedwab,Corporate,United States,New York City,New York,10011,East,FUR-FU-10001290,Furniture,Furnishings,Executive Impressions Supervisor Wall Clock,547.3000000000001,13,0.0,175.13599999999997,0
1660,CA-2017-127285,2017-10-30,2017-11-06,Standard Class,MM-18055,Michelle Moray,Consumer,United States,Seattle,Washington,98115,West,OFF-BI-10004330,Office Supplies,Binders,"GBC Velobind Prepunched Cover Sets, Regency Series",88.752,3,0.2,27.734999999999996,0
1708,CA-2017-123491,2017-10-30,2017-11-05,Standard Class,JK-15205,Jamie Kunitz,Consumer,United States,San Francisco,California,94122,West,TEC-PH-10003505,Technology,Phones,Geemarc AmpliPOWER60,148.48,2,0.2,16.703999999999986,0
1712,CA-2017-123491,2017-10-30,2017-11-05,Standard Class,JK-15205,Jamie Kunitz,Consumer,United States,San Francisco,California,94122,West,OFF-AP-10002684,Office Supplies,Appliances,"Acco 7-Outlet Masterpiece Power Center, Wihtout Fax/Phone Line Protection",1702.12,14,0.0,510.63599999999985,0
1715,CA-2017-104003,2017-10-07,2017-10-13,Standard Class,DC-13285,Debra Catini,Consumer,United States,San Francisco,California,94110,West,FUR-BO-10003965,Furniture,Bookcases,O'Sullivan Manor Hill 2-Door Library in Brianna Oak,307.666,2,0.15,-14.47839999999998,0
1743,CA-2017-152807,2017-10-30,2017-11-03,Standard Class,MC-18100,Mick Crebagga,Consumer,United States,Philadelphia,Pennsylvania,19140,East,FUR-FU-10004415,Furniture,Furnishings,"Stacking Tray, Side-Loading, Legal, Smoke",7.168000000000001,2,0.2,0.9855999999999994,0
1744,CA-2017-152807,2017-10-30,2017-11-03,Standard Class,MC-18100,Mick Crebagga,Consumer,United States,Philadelphia,Pennsylvania,19140,East,OFF-ST-10002486,Office Supplies,Storage,Eldon Shelf Savers Cubes and Bins,11.168000000000001,2,0.2,-2.512800000000001,0
1745,CA-2017-152807,2017-10-30,2017-11-03,Standard Class,MC-18100,Mick Crebagga,Consumer,United States,Philadelphia,Pennsylvania,19140,East,TEC-AC-10001142,Technology,Accessories,First Data FD10 PIN Pad,442.40000000000003,7,0.2,-55.30000000000007,0
1752,CA-2017-168837,2017-10-14,2017-10-17,First Class,JW-15955,Joni Wasserman,Consumer,United States,Oakland,California,94601,West,FUR-FU-10001918,Furniture,Furnishings,C-Line Cubicle Keepers Polyproplyene Holder With Velcro Backings,9.46,2,0.0,3.689400000000001,0
1903,CA-2017-167094,2017-10-21,2017-10-22,First Class,DK-12835,Damala Kotsonis,Corporate,United States,Springfield,Oregon,97477,West,OFF-PA-10003953,Office Supplies,Paper,Xerox 218,5.184000000000001,1,0.2,1.8144,0
1904,CA-2017-167094,2017-10-21,2017-10-22,First Class,DK-12835,Damala Kotsonis,Corporate,United States,Springfield,Oregon,97477,West,FUR-CH-10000155,Furniture,Chairs,Global Comet Stacking Armless Chair,478.48,2,0.2,47.84800000000001,0
1905,CA-2017-167094,2017-10-21,2017-10-22,First Class,DK-12835,Damala Kotsonis,Corporate,United States,Springfield,Oregon,97477,West,TEC-AC-10003116,Technology,Accessories,Memorex Froggy Flash Drive 8 GB,28.400000000000002,2,0.2,6.744999999999998,0
1906,CA-2017-154410,2017-10-21,2017-10-24,First Class,MD-17860,Michael Dominguez,Corporate,United States,Indianapolis,Indiana,46203,Central,OFF-ST-10002743,Office Supplies,Storage,SAFCO Boltless Steel Shelving,909.12,8,0.0,9.091199999999958,0
2214,CA-2017-129378,2017-10-01,2017-10-02,First Class,NS-18505,Neola Schneider,Consumer,United States,San Jose,California,95123,West,OFF-BI-10002012,Office Supplies,Binders,Wilson Jones Easy Flow II Sheet Lifters,1.4400000000000002,1,0.2,0.504,0
2217,CA-2017-129378,2017-10-01,2017-10-02,First Class,NS-18505,Neola Schneider,Consumer,United States,San Jose,California,95123,West,FUR-CH-10000553,Furniture,Chairs,"Metal Folding Chairs, Beige, 4/Carton",108.608,4,0.2,9.503199999999993,0
2267,CA-2017-149146,2017-10-12,2017-10-12,Same Day,SM-20320,Sean Miller,Home Office,United States,Monroe,North Carolina,28110,South,OFF-PA-10003919,Office Supplies,Paper,Xerox 1989,7.968000000000001,2,0.2,2.6892000000000005,0
2280,CA-2017-142622,2017-10-30,2017-11-02,First Class,JK-15625,Jim Karlsson,Consumer,United States,Seattle,Washington,98115,West,FUR-CH-10003833,Furniture,Chairs,Novimex Fabric Task Chair,97.568,2,0.2,-6.0980000000000025,0
2281,CA-2017-142622,2017-10-30,2017-11-02,First Class,JK-15625,Jim Karlsson,Consumer,United States,Seattle,Washington,98115,West,FUR-CH-10004289,Furniture,Chairs,Global Super Steno Chair,614.272,8,0.2,-23.03520000000006,0
2406,CA-2017-108574,2017-10-07,2017-10-11,Standard Class,MG-18145,Mike Gockenbach,Consumer,United States,Los Angeles,California,90045,West,TEC-PH-10003555,Technology,Phones,Motorola HK250 Universal Bluetooth Headset,128.744,7,0.2,-28.96739999999999,0
2417,CA-2017-168655,2017-10-12,2017-10-18,Standard Class,ML-18040,Michelle Lonsdale,Corporate,United States,Albuquerque,New Mexico,87105,West,TEC-AC-10002842,Technology,Accessories,WD My Passport Ultra 2TB Portable External Hard Drive,595.0,5,0.0,95.20000000000003,0
2418,CA-2017-168655,2017-10-12,2017-10-18,Standard Class,ML-18040,Michelle Lonsdale,Corporate,United States,Albuquerque,New Mexico,87105,West,OFF-BI-10002082,Office Supplies,Binders,GBC Twin Loop Wire Binding Elements,79.87200000000001,3,0.2,29.951999999999998,0
2624,CA-2017-127180,2017-10-22,2017-10-24,First Class,TA-21385,Tom Ashbrook,Home Office,United States,New York City,New York,10024,East,TEC-CO-10004722,Technology,Copiers,Canon imageCLASS 2200 Advanced Copier,11199.968,4,0.2,3919.988799999999,0
2762,CA-2017-126536,2017-10-12,2017-10-14,First Class,NK-18490,Neil Knudson,Home Office,United States,San Francisco,California,94110,West,TEC-AC-10003709,Technology,Accessories,Maxell 4.7GB DVD-R 5/Pack,0.99,1,0.0,0.4356000000000001,0
2763,CA-2017-126536,2017-10-12,2017-10-14,First Class,NK-18490,Neil Knudson,Home Office,United States,San Francisco,California,94110,West,OFF-BI-10001191,Office Supplies,Binders,Canvas Sectional Post Binders,101.84,5,0.2,36.917,0
2800,CA-2017-158743,2017-10-20,2017-10-27,Standard Class,IG-15085,Ivan Gibson,Consumer,United States,Little Rock,Arkansas,72209,South,OFF-BI-10003364,Office Supplies,Binders,Binding Machine Supplies,145.85000000000002,5,0.0,70.008,0
2893,CA-2017-139913,2017-10-23,2017-10-29,Standard Class,JC-16105,Julie Creighton,Corporate,United States,Rochester,New York,14609,East,OFF-PA-10003739,Office Supplies,Paper,Xerox 1969,11.56,2,0.0,5.6644000000000005,0
2894,CA-2017-139913,2017-10-23,2017-10-29,Standard Class,JC-16105,Julie Creighton,Corporate,United States,Rochester,New York,14609,East,OFF-PA-10002479,Office Supplies,Paper,Xerox 4200 Series MultiUse Premium Copy Paper (20Lb. and 84 Bright),26.400000000000002,5,0.0,11.879999999999999,0
3052,US-2017-148054,2017-10-06,2017-10-11,Standard Class,NZ-18565,Nick Zandusky,Home Office,United States,Meridian,Idaho,83642,West,OFF-AP-10004336,Office Supplies,Appliances,"Conquest 14 Commercial Heavy-Duty Upright Vacuum, Collection System, Accessory Kit",227.84,4,0.0,66.07359999999997,0
3053,US-2017-148054,2017-10-06,2017-10-11,Standard Class,NZ-18565,Nick Zandusky,Home Office,United States,Meridian,Idaho,83642,West,OFF-PA-10001295,Office Supplies,Paper,Computer Printout Paper with Letter-Trim Perforations,37.94,2,0.0,18.211199999999998,0
3057,CA-2017-131492,2017-10-19,2017-10-24,Second Class,HH-15010,Hilary Holden,Corporate,United States,San Francisco,California,94110,West,OFF-EN-10002973,Office Supplies,Envelopes,Ampad #10 Peel & Seel Holiday Envelopes,8.96,2,0.0,4.300800000000001,0
3128,CA-2017-147564,2017-10-02,2017-10-06,Standard Class,BP-11155,Becky Pak,Consumer,United States,New York City,New York,10011,East,OFF-PA-10004438,Office Supplies,Paper,Xerox 1907,49.12,4,0.0,23.086399999999998,0
3189,US-2017-146416,2017-10-20,2017-10-22,Second Class,JE-16165,Justin Ellison,Corporate,United States,Woodland,California,95695,West,OFF-LA-10003714,Office Supplies,Labels,Avery 510,3.75,1,0.0,1.7999999999999998,0
3192,CA-2017-123981,2017-10-02,2017-10-08,Standard Class,RW-19630,Rob Williams,Corporate,United States,New York City,New York,10035,East,TEC-PH-10002115,Technology,Phones,Plantronics 81402,65.99,1,0.0,17.157400000000003,0
3254,CA-2017-110373,2017-10-27,2017-10-30,Second Class,MA-17560,Matt Abelman,Home Office,United States,Chicago,Illinois,60610,Central,TEC-PH-10001536,Technology,Phones,Spigen Samsung Galaxy S5 Case Wallet,27.183999999999997,2,0.2,2.0387999999999984,0
3296,CA-2017-113418,2017-10-01,2017-10-03,First Class,CM-12655,Corinna Mitchell,Home Office,United States,New York City,New York,10035,East,TEC-MA-10002428,Technology,Machines,Fellowes Powershred HS-440 4-Sheet High Security Shredder,1704.89,11,0.0,767.2004999999999,0
3386,CA-2017-148404,2017-10-07,2017-10-11,Standard Class,Dp-13240,Dean percer,Home Office,United States,Charlotte,North Carolina,28205,South,OFF-ST-10003208,Office Supplies,Storage,Adjustable Depth Letter/Legal Cart,580.672,4,0.2,65.3255999999999,0
3389,CA-2017-148404,2017-10-07,2017-10-11,Standard Class,Dp-13240,Dean percer,Home Office,United States,Charlotte,North Carolina,28205,South,OFF-BI-10002854,Office Supplies,Binders,"Performers Binder/Pad Holder, Black",50.454000000000015,6,0.7,-33.635999999999996,0
3390,CA-2017-148404,2017-10-07,2017-10-11,Standard Class,Dp-13240,Dean percer,Home Office,United States,Charlotte,North Carolina,28205,South,FUR-TA-10001039,Furniture,Tables,KI Adjustable-Height Table,154.764,3,0.4,-36.11160000000001,0
3438,CA-2017-152583,2017-10-30,2017-10-30,Same Day,RA-19945,Ryan Akin,Consumer,United States,Dallas,Texas,75217,Central,FUR-FU-10003849,Furniture,Furnishings,"DAX Metal Frame, Desktop, Stepped-Edge",16.192,2,0.6,-8.500799999999998,0
3440,CA-2017-152583,2017-10-30,2017-10-30,Same Day,RA-19945,Ryan Akin,Consumer,United States,Dallas,Texas,75217,Central,OFF-ST-10002214,Office Supplies,Storage,X-Rack File for Hanging Folders,54.192,6,0.2,4.064399999999997,0
3547,CA-2017-155292,2017-10-30,2017-11-01,First Class,RD-19810,Ross DeVincentis,Home Office,United States,Richmond,Kentucky,40475,South,OFF-ST-10004963,Office Supplies,Storage,Eldon Gobal File Keepers,105.98,7,0.0,4.239199999999993,0
3548,CA-2017-155292,2017-10-30,2017-11-01,First Class,RD-19810,Ross DeVincentis,Home Office,United States,Richmond,Kentucky,40475,South,OFF-SU-10002573,Office Supplies,Supplies,"Acme 10"" Easy Grip Assistive Scissors",35.06,2,0.0,10.517999999999997,0
3549,CA-2017-155292,2017-10-30,2017-11-01,First Class,RD-19810,Ross DeVincentis,Home Office,United States,Richmond,Kentucky,40475,South,FUR-CH-10000553,Furniture,Chairs,"Metal Folding Chairs, Beige, 4/Carton",33.94,1,0.0,9.163799999999998,0
3550,CA-2017-155292,2017-10-30,2017-11-01,First Class,RD-19810,Ross DeVincentis,Home Office,United States,Richmond,Kentucky,40475,South,OFF-LA-10001982,Office Supplies,Labels,Smead Alpha-Z Color-Coded Name Labels First Letter Starter Set,30.0,8,0.0,14.399999999999999,0
3582,CA-2017-117807,2017-10-01,2017-10-07,Standard Class,DK-13090,Dave Kipp,Consumer,United States,Fremont,Nebraska,68025,Central,OFF-PA-10000994,Office Supplies,Paper,Xerox 1915,104.85,1,0.0,50.327999999999996,0
3712,CA-2017-113670,2017-10-15,2017-10-17,First Class,RS-19765,Roland Schwarz,Corporate,United States,Los Angeles,California,90045,West,OFF-PA-10000675,Office Supplies,Paper,Xerox 1919,204.95000000000002,5,0.0,100.4255,0
3820,CA-2017-141873,2017-10-09,2017-10-14,Standard Class,HG-14845,Harry Greene,Consumer,United States,New York City,New York,10024,East,OFF-BI-10001031,Office Supplies,Binders,Pressboard Data Binders by Wilson Jones,12.816,3,0.2,4.325399999999998,0
3821,CA-2017-141873,2017-10-09,2017-10-14,Standard Class,HG-14845,Harry Greene,Consumer,United States,New York City,New York,10024,East,FUR-BO-10003034,Furniture,Bookcases,"O'Sullivan Elevations Bookcase, Cherry Finish",314.352,3,0.2,-15.71759999999999,0
3822,CA-2017-141873,2017-10-09,2017-10-14,Standard Class,HG-14845,Harry Greene,Consumer,United States,New York City,New York,10024,East,OFF-PA-10000069,Office Supplies,Paper,"TOPS 4 x 6 Fluorescent Color Memo Sheets, 500 Sheets per Pack",18.98,2,0.0,8.9206,0
3857,US-2017-105389,2017-10-23,2017-10-28,Second Class,DM-13015,Darrin Martin,Consumer,United States,San Antonio,Texas,78207,Central,TEC-PH-10002824,Technology,Phones,Jabra SPEAK 410 Multidevice Speakerphone,823.9600000000002,5,0.2,51.497499999999974,0
4024,CA-2017-130764,2017-10-27,2017-10-28,First Class,JO-15145,Jack O'Briant,Corporate,United States,San Francisco,California,94110,West,FUR-BO-10003034,Furniture,Bookcases,"O'Sullivan Elevations Bookcase, Cherry Finish",556.665,5,0.15,6.549000000000021,0
4025,CA-2017-130764,2017-10-27,2017-10-28,First Class,JO-15145,Jack O'Briant,Corporate,United States,San Francisco,California,94110,West,TEC-PH-10003215,Technology,Phones,Jackery Bar Premium Fast-charging Portable Charger,95.84,4,0.2,34.742,0
4137,CA-2017-105914,2017-10-02,2017-10-08,Standard Class,PV-18985,Paul Van Hugh,Home Office,United States,Los Angeles,California,90036,West,OFF-ST-10003716,Office Supplies,Storage,Tennsco Double-Tier Lockers,1575.14,7,0.0,204.7682,0
4148,CA-2017-106068,2017-10-23,2017-10-28,Standard Class,RB-19330,Randy Bradley,Consumer,United States,Austin,Texas,78745,Central,OFF-BI-10000962,Office Supplies,Binders,"Acco Flexible ACCOHIDE Square Ring Data Binder, Dark Blue, 11 1/2"" X 14"" 7/8""",9.761999999999997,3,0.8,-15.131100000000004,0
4150,CA-2017-106068,2017-10-23,2017-10-28,Standard Class,RB-19330,Randy Bradley,Consumer,United States,Austin,Texas,78745,Central,TEC-AC-10002942,Technology,Accessories,WD My Passport Ultra 1TB Portable External Hard Drive,55.2,1,0.2,-2.070000000000004,0
4181,CA-2017-128426,2017-10-07,2017-10-11,Standard Class,JK-15730,Joe Kamberova,Consumer,United States,Houston,Texas,77036,Central,OFF-BI-10000756,Office Supplies,Binders,Storex DuraTech Recycled Plastic Frosted Binders,4.239999999999999,5,0.8,-6.359999999999999,0
4182,US-2017-136868,2017-10-06,2017-10-12,Standard Class,CR-12820,Cyra Reiten,Home Office,United States,New York City,New York,10035,East,TEC-AC-10001539,Technology,Accessories,Logitech G430 Surround Sound Gaming Headset with Dolby 7.1 Technology,319.96,4,0.0,115.1856,0
4184,US-2017-136868,2017-10-06,2017-10-12,Standard Class,CR-12820,Cyra Reiten,Home Office,United States,New York City,New York,10035,East,OFF-ST-10000991,Office Supplies,Storage,Space Solutions HD Industrial Steel Shelving.,344.90999999999997,3,0.0,10.347300000000004,0
4255,CA-2017-163160,2017-10-13,2017-10-16,First Class,TS-21610,Troy Staebel,Consumer,United States,Freeport,Illinois,61032,Central,OFF-PA-10003127,Office Supplies,Paper,Easy-staple paper,63.312,3,0.2,20.576399999999996,0
4257,CA-2017-163160,2017-10-13,2017-10-16,First Class,TS-21610,Troy Staebel,Consumer,United States,Freeport,Illinois,61032,Central,FUR-FU-10001424,Furniture,Furnishings,Dax Clear Box Frame,10.476,3,0.6,-6.809400000000004,0
4261,CA-2017-164819,2017-10-15,2017-10-19,Second Class,RS-19420,Ricardo Sperren,Corporate,United States,Fairfield,Connecticut,6824,East,OFF-LA-10001045,Office Supplies,Labels,Permanent Self-Adhesive File Folder Labels for Typewriters by Universal,13.049999999999999,5,0.0,6.002999999999999,0
4478,CA-2017-130211,2017-10-22,2017-10-22,Same Day,BD-11620,Brian DeCherney,Consumer,United States,Lawton,Oklahoma,73505,Central,OFF-ST-10000129,Office Supplies,Storage,Fellowes Recycled Storage Drawers,333.09000000000003,3,0.0,23.316299999999984,0
4516,US-2017-111920,2017-10-22,2017-10-26,Standard Class,PS-18970,Paul Stevenson,Home Office,United States,Tulsa,Oklahoma,74133,Central,OFF-AR-10003179,Office Supplies,Art,Dixon Ticonderoga Core-Lock Colored Pencils,36.44,4,0.0,12.025199999999998,0
4643,CA-2017-130141,2017-10-22,2017-10-24,Second Class,HA-14905,Helen Abelman,Consumer,United States,Fort Collins,Colorado,80525,West,FUR-CH-10000749,Furniture,Chairs,Office Star - Ergonomic Mid Back Chair with 2-Way Adjustable Arms,579.136,4,0.2,-28.95679999999993,0
4835,CA-2017-167661,2017-10-05,2017-10-10,Standard Class,MP-18175,Mike Pelletier,Home Office,United States,San Francisco,California,94110,West,OFF-BI-10002571,Office Supplies,Binders,"Avery Framed View Binder, EZD Ring (Locking), Navy, 1 1/2""",39.92,5,0.2,13.472999999999999,0
4837,CA-2017-167661,2017-10-05,2017-10-10,Standard Class,MP-18175,Mike Pelletier,Home Office,United States,San Francisco,California,94110,West,OFF-BI-10001097,Office Supplies,Binders,Avery Hole Reinforcements,19.936000000000003,4,0.2,7.2268,0
4918,CA-2017-163125,2017-10-09,2017-10-11,Second Class,MB-17305,Maria Bertelson,Consumer,United States,League City,Texas,77573,Central,FUR-CH-10001802,Furniture,Chairs,Hon Every-Day Chair Series Swivel Task Chairs,254.058,3,0.3,-32.66459999999999,0
4927,CA-2017-117653,2017-10-19,2017-10-23,Standard Class,MO-17500,Mary O'Rourke,Consumer,United States,Chicago,Illinois,60623,Central,FUR-TA-10003008,Furniture,Tables,"Lesro Round Back Collection Coffee Table, End Table",91.275,1,0.5,-67.5435,0
5175,CA-2017-106432,2017-10-19,2017-10-24,Standard Class,CA-12265,Christina Anderson,Consumer,United States,Waco,Texas,76706,Central,OFF-BI-10002799,Office Supplies,Binders,"SlimView Poly Binder, 3/8""",2.0719999999999996,2,0.8,-3.522400000000001,0
5317,US-2017-162558,2017-10-02,2017-10-05,First Class,Dp-13240,Dean percer,Home Office,United States,Knoxville,Tennessee,37918,South,FUR-FU-10002364,Furniture,Furnishings,"Eldon Expressions Wood Desk Accessories, Oak",11.808,2,0.2,1.3283999999999985,0
5318,US-2017-162558,2017-10-02,2017-10-05,First Class,Dp-13240,Dean percer,Home Office,United States,Knoxville,Tennessee,37918,South,FUR-FU-10004864,Furniture,Furnishings,Eldon 500 Class Desk Accessories,9.656,1,0.2,1.5691000000000002,0
5319,US-2017-162558,2017-10-02,2017-10-05,First Class,Dp-13240,Dean percer,Home Office,United States,Knoxville,Tennessee,37918,South,OFF-PA-10003172,Office Supplies,Paper,Xerox 1996,20.736000000000004,4,0.2,7.2576,0
5320,US-2017-162558,2017-10-02,2017-10-05,First Class,Dp-13240,Dean percer,Home Office,United States,Knoxville,Tennessee,37918,South,OFF-BI-10000977,Office Supplies,Binders,Ibico Plastic Spiral Binding Combs,27.360000000000003,3,0.7,-21.88799999999999,0
5322,US-2017-162558,2017-10-02,2017-10-05,First Class,Dp-13240,Dean percer,Home Office,United States,Knoxville,Tennessee,37918,South,OFF-BI-10003984,Office Supplies,Binders,Lock-Up Easel 'Spel-Binder',34.236000000000004,4,0.7,-26.2476,0
5323,US-2017-162558,2017-10-02,2017-10-05,First Class,Dp-13240,Dean percer,Home Office,United States,Knoxville,Tennessee,37918,South,FUR-FU-10003691,Furniture,Furnishings,"Eldon Image Series Desk Accessories, Ebony",19.76,2,0.2,5.928,0
5431,CA-2017-117422,2017-10-21,2017-10-25,Standard Class,FC-14245,Frank Carlisle,Home Office,United States,Lakewood,Ohio,44107,East,OFF-AP-10000938,Office Supplies,Appliances,Avanti 1.7 Cu. Ft. Refrigerator,161.568,2,0.2,16.156799999999997,0
5432,CA-2017-117422,2017-10-21,2017-10-25,Standard Class,FC-14245,Frank Carlisle,Home Office,United States,Lakewood,Ohio,44107,East,OFF-PA-10002195,Office Supplies,Paper,"RSVP Cards & Envelopes, Blank White, 8-1/2"" X 11"", 24 Cards/25 Envelopes/Set",4.064,1,0.2,1.3716,0
5481,CA-2017-105487,2017-10-08,2017-10-14,Standard Class,CS-12250,Chris Selesnick,Corporate,United States,San Diego,California,92105,West,TEC-PH-10001336,Technology,Phones,Digium D40 VoIP phone,103.19200000000001,1,0.2,11.609099999999998,0
5483,CA-2017-105487,2017-10-08,2017-10-14,Standard Class,CS-12250,Chris Selesnick,Corporate,United States,San Diego,California,92105,West,TEC-AC-10003610,Technology,Accessories,Logitech Illuminated - Keyboard,239.96,4,0.0,115.1808,0
5582,CA-2017-163818,2017-10-04,2017-10-08,Standard Class,PS-18970,Paul Stevenson,Home Office,United States,Clinton,Maryland,20735,East,FUR-FU-10000076,Furniture,Furnishings,24-Hour Round Wall Clock,19.98,1,0.0,8.591400000000002,0
5653,CA-2017-109099,2017-10-06,2017-10-11,Standard Class,MM-18280,Muhammed MacIntyre,Corporate,United States,New York City,New York,10009,East,OFF-PA-10001033,Office Supplies,Paper,Xerox 1893,40.99,1,0.0,20.0851,0
5673,CA-2017-127922,2017-10-27,2017-11-03,Standard Class,SH-19975,Sally Hughsby,Corporate,United States,Dallas,Texas,75081,Central,OFF-EN-10003068,Office Supplies,Envelopes,#6 3/4 Gummed Flap White Envelopes,15.840000000000002,2,0.2,5.543999999999999,0
5674,CA-2017-127922,2017-10-27,2017-11-03,Standard Class,SH-19975,Sally Hughsby,Corporate,United States,Dallas,Texas,75081,Central,OFF-PA-10001204,Office Supplies,Paper,Xerox 1972,8.448,2,0.2,2.6399999999999997,0
5786,CA-2017-141117,2017-10-02,2017-10-08,Standard Class,JK-16090,Juliana Krohn,Consumer,United States,Springfield,Oregon,97477,West,OFF-SU-10004664,Office Supplies,Supplies,Acme Softgrip Scissors,39.072,6,0.2,4.395599999999998,0
5787,CA-2017-141117,2017-10-02,2017-10-08,Standard Class,JK-16090,Juliana Krohn,Consumer,United States,Springfield,Oregon,97477,West,OFF-BI-10003676,Office Supplies,Binders,"GBC Standard Recycled Report Covers, Clear Plastic Sheets",22.638,7,0.7,-16.6012,0
5788,CA-2017-141117,2017-10-02,2017-10-08,Standard Class,JK-16090,Juliana Krohn,Consumer,United States,Springfield,Oregon,97477,West,OFF-AR-10003727,Office Supplies,Art,Berol Giant Pencil Sharpener,95.14399999999999,7,0.2,10.703699999999987,0
5888,CA-2017-151596,2017-10-08,2017-10-11,First Class,BP-11050,Barry Pond,Corporate,United States,Cranston,Rhode Island,2920,East,OFF-ST-10001837,Office Supplies,Storage,"SAFCO Mobile Desk Side File, Wire Frame",42.76,1,0.0,11.1176,0
5941,CA-2017-112431,2017-10-12,2017-10-14,Second Class,RW-19690,Robert Waldorf,Consumer,United States,Los Angeles,California,90049,West,TEC-AC-10001465,Technology,Accessories,SanDisk Cruzer 64 GB USB Flash Drive,435.84000000000003,12,0.0,130.75199999999995,0
6196,CA-2017-113453,2017-10-21,2017-10-28,Standard Class,CM-12160,Charles McCrossin,Consumer,United States,Philadelphia,Pennsylvania,19143,East,TEC-PH-10004165,Technology,Phones,Mitel MiVoice 5330e IP Phone,329.988,2,0.4,-76.99720000000002,0
6339,CA-2017-143112,2017-10-05,2017-10-09,Standard Class,TS-21370,Todd Sumrall,Corporate,United States,New York City,New York,10035,East,TEC-PH-10003095,Technology,Phones,Samsung HM1900 Bluetooth Headset,87.8,4,0.0,43.9,0
6340,CA-2017-143112,2017-10-05,2017-10-09,Standard Class,TS-21370,Todd Sumrall,Corporate,United States,New York City,New York,10035,East,FUR-CH-10002880,Furniture,Chairs,"Global High-Back Leather Tilter, Burgundy",221.382,2,0.1,2.459799999999987,0
6341,CA-2017-143112,2017-10-05,2017-10-09,Standard Class,TS-21370,Todd Sumrall,Corporate,United States,New York City,New York,10035,East,TEC-MA-10001047,Technology,Machines,"3D Systems Cube Printer, 2nd Generation, Magenta",5199.96,4,0.0,1351.9895999999999,0
6347,CA-2017-104822,2017-10-20,2017-10-20,Same Day,RB-19465,Rick Bensley,Home Office,United States,New York City,New York,10024,East,OFF-LA-10002034,Office Supplies,Labels,Avery 478,24.55,5,0.0,12.029499999999999,0
6374,CA-2017-143035,2017-10-03,2017-10-05,Second Class,CC-12430,Chuck Clark,Home Office,United States,New York City,New York,10009,East,TEC-AC-10002049,Technology,Accessories,Logitech G19 Programmable Gaming Keyboard,371.96999999999997,3,0.0,66.95459999999997,0
6495,CA-2017-111262,2017-10-28,2017-11-01,Second Class,KH-16510,Keith Herrera,Consumer,United States,Houston,Texas,77095,Central,TEC-AC-10002167,Technology,Accessories,Imation 8gb Micro Traveldrive Usb 2.0 Flash Drive,24.0,2,0.2,-2.6999999999999993,0
6496,CA-2017-111262,2017-10-28,2017-11-01,Second Class,KH-16510,Keith Herrera,Consumer,United States,Houston,Texas,77095,Central,OFF-PA-10001937,Office Supplies,Paper,Xerox 21,15.552000000000003,3,0.2,5.4432,0
6497,CA-2017-111262,2017-10-28,2017-11-01,Second Class,KH-16510,Keith Herrera,Consumer,United States,Houston,Texas,77095,Central,TEC-AC-10004510,Technology,Accessories,Logitech Desktop MK120 Mouse and keyboard Combo,26.176000000000002,2,0.2,-3.272000000000002,0
6664,CA-2017-162173,2017-10-26,2017-11-01,Standard Class,OT-18730,Olvera Toch,Consumer,United States,Virginia Beach,Virginia,23464,South,FUR-TA-10001520,Furniture,Tables,"Lesro Sheffield Collection Coffee Table, End Table, Center Table, Corner Table",356.85,5,0.0,60.66449999999996,0
7206,CA-2017-137414,2017-10-02,2017-10-06,Standard Class,CM-12115,Chad McGuire,Consumer,United States,San Francisco,California,94109,West,FUR-FU-10001424,Furniture,Furnishings,Dax Clear Box Frame,17.46,2,0.0,5.936399999999999,0
7214,CA-2017-154949,2017-10-15,2017-10-19,Standard Class,MC-17275,Marc Crier,Consumer,United States,Camarillo,California,93010,West,OFF-LA-10002034,Office Supplies,Labels,Avery 478,14.73,3,0.0,7.2177,0
7620,CA-2017-151225,2017-10-27,2017-10-29,First Class,JM-15655,Jim Mitchum,Corporate,United States,Los Angeles,California,90032,West,TEC-PH-10004100,Technology,Phones,Griffin GC17055 Auxiliary Audio Cable,71.96,5,0.2,7.1960000000000015,0
7708,CA-2017-100237,2017-10-15,2017-10-19,Standard Class,SV-20815,Stuart Van,Corporate,United States,Orem,Utah,84057,West,OFF-AR-10001761,Office Supplies,Art,Avery Hi-Liter Smear-Safe Highlighters,11.68,2,0.0,4.2048,0
7712,CA-2017-139353,2017-10-28,2017-10-30,Second Class,JM-15250,Janet Martin,Consumer,United States,Fayetteville,North Carolina,28314,South,FUR-FU-10001876,Furniture,Furnishings,"Computer Room Manger, 14""",77.952,3,0.2,15.590399999999995,0
7828,CA-2017-117114,2017-10-31,2017-11-05,Standard Class,CY-12745,Craig Yedwab,Corporate,United States,Chicago,Illinois,60610,Central,OFF-EN-10001137,Office Supplies,Envelopes,"#10 Gummed Flap White Envelopes, 100/Box",9.912,3,0.2,3.2213999999999996,0
7956,CA-2017-131807,2017-10-05,2017-10-10,Standard Class,GG-14650,Greg Guthrie,Corporate,United States,Chico,California,95928,West,FUR-CH-10001190,Furniture,Chairs,Global Deluxe High-Back Office Chair in Storm,435.16800000000006,4,0.2,-59.83560000000004,0
7957,CA-2017-131807,2017-10-05,2017-10-10,Standard Class,GG-14650,Greg Guthrie,Corporate,United States,Chico,California,95928,West,OFF-FA-10002780,Office Supplies,Fasteners,Staples,14.9,5,0.0,6.853999999999999,0
7958,CA-2017-131807,2017-10-05,2017-10-10,Standard Class,GG-14650,Greg Guthrie,Corporate,United States,Chico,California,95928,West,OFF-AP-10004052,Office Supplies,Appliances,"Hoover Replacement Belts For Soft Guard & Commercial Ltweight Upright Vacs, 2/Pk",15.8,4,0.0,4.1080000000000005,0
7959,CA-2017-131807,2017-10-05,2017-10-10,Standard Class,GG-14650,Greg Guthrie,Corporate,United States,Chico,California,95928,West,FUR-FU-10004666,Furniture,Furnishings,DAX Clear Channel Poster Frame,72.9,5,0.0,26.973000000000003,0
7960,CA-2017-131807,2017-10-05,2017-10-10,Standard Class,GG-14650,Greg Guthrie,Corporate,United States,Chico,California,95928,West,FUR-TA-10004086,Furniture,Tables,KI Adjustable-Height Table,206.35200000000003,3,0.2,5.158799999999985,0
7961,CA-2017-131807,2017-10-05,2017-10-10,Standard Class,GG-14650,Greg Guthrie,Corporate,United States,Chico,California,95928,West,TEC-PH-10000702,Technology,Phones,"Square Credit Card Reader, 4 1/2"" x 4 1/2"" x 1"", White",7.992000000000001,1,0.2,2.6972999999999994,0
8115,CA-2017-144820,2017-10-03,2017-10-07,Second Class,LW-16825,Laurel Workman,Corporate,United States,Pasadena,Texas,77506,Central,OFF-AR-10004817,Office Supplies,Art,Colorific Watercolor Pencils,20.64,5,0.2,2.3219999999999974,0
8238,CA-2017-103065,2017-10-20,2017-10-20,Same Day,PT-19090,Pete Takahito,Consumer,United States,Jacksonville,Florida,32216,South,OFF-ST-10000617,Office Supplies,Storage,Woodgrain Magazine Files by Perma,4.768,2,0.2,-0.7748000000000006,0
8239,CA-2017-103065,2017-10-20,2017-10-20,Same Day,PT-19090,Pete Takahito,Consumer,United States,Jacksonville,Florida,32216,South,OFF-PA-10000380,Office Supplies,Paper,"REDIFORM Incoming/Outgoing Call Register, 11"" X 8 1/2"", 100 Messages",6.672000000000001,1,0.2,2.502,0
8329,CA-2017-118577,2017-10-06,2017-10-11,Standard Class,XP-21865,Xylona Preis,Consumer,United States,Belleville,New Jersey,7109,East,OFF-PA-10001357,Office Supplies,Paper,Xerox 1886,143.7,3,0.0,68.976,0
8330,CA-2017-118577,2017-10-06,2017-10-11,Standard Class,XP-21865,Xylona Preis,Consumer,United States,Belleville,New Jersey,7109,East,OFF-PA-10004888,Office Supplies,Paper,Xerox 217,6.48,1,0.0,3.1104000000000003,0
8424,CA-2017-150091,2017-10-12,2017-10-16,Standard Class,NP-18670,Nora Paige,Consumer,United States,Lakewood,New Jersey,8701,East,FUR-FU-10004053,Furniture,Furnishings,DAX Two-Tone Silver Metal Document Frame,40.48,2,0.0,17.4064,0
8446,CA-2017-125451,2017-10-23,2017-10-24,First Class,AH-10075,Adam Hart,Corporate,United States,Cranston,Rhode Island,2920,East,FUR-TA-10001039,Furniture,Tables,KI Adjustable-Height Table,240.744,4,0.3,-13.756799999999984,0
8447,CA-2017-125451,2017-10-23,2017-10-24,First Class,AH-10075,Adam Hart,Corporate,United States,Cranston,Rhode Island,2920,East,FUR-FU-10004963,Furniture,Furnishings,"Eldon 400 Class Desk Accessories, Black Carbon",35.0,4,0.0,14.700000000000003,0
8450,CA-2017-125451,2017-10-23,2017-10-24,First Class,AH-10075,Adam Hart,Corporate,United States,Cranston,Rhode Island,2920,East,OFF-PA-10003724,Office Supplies,Paper,"Wirebound Message Book, 4 per Page",43.44,8,0.0,21.2856,0
8451,CA-2017-125451,2017-10-23,2017-10-24,First Class,AH-10075,Adam Hart,Corporate,United States,Cranston,Rhode Island,2920,East,OFF-AP-10002906,Office Supplies,Appliances,Hoover Replacement Belt for Commercial Guardsman Heavy-Duty Upright Vacuum,2.22,1,0.0,0.6659999999999999,0
8678,CA-2017-141705,2017-10-24,2017-10-26,First Class,PO-18850,Patrick O'Brill,Consumer,United States,Mansfield,Texas,76063,Central,FUR-TA-10004607,Furniture,Tables,Hon 2111 Invitation Series Straight Table,517.4050000000001,5,0.3,-81.30650000000003,0
8808,US-2017-110646,2017-10-26,2017-10-31,Standard Class,JF-15190,Jamie Frazer,Consumer,United States,Philadelphia,Pennsylvania,19134,East,OFF-BI-10004330,Office Supplies,Binders,"GBC Velobind Prepunched Cover Sets, Regency Series",33.282000000000004,3,0.7,-27.734999999999992,0
8857,CA-2017-135909,2017-10-13,2017-10-20,Standard Class,JW-15220,Jane Waco,Corporate,United States,Sacramento,California,95823,West,TEC-AC-10002335,Technology,Accessories,Logitech Media Keyboard K200,209.94,6,0.0,39.8886,0
8859,CA-2017-135909,2017-10-13,2017-10-20,Standard Class,JW-15220,Jane Waco,Corporate,United States,Sacramento,California,95823,West,OFF-BI-10003527,Office Supplies,Binders,Fellowes PB500 Electric Punch Plastic Comb Binding Machine with Manual Bind,5083.96,5,0.2,1906.485,0
8883,US-2017-115252,2017-10-20,2017-10-25,Standard Class,MY-18295,Muhammed Yedwab,Corporate,United States,Durham,North Carolina,27707,South,TEC-PH-10004071,Technology,Phones,PayAnywhere Card Reader,15.984000000000002,2,0.2,1.3986,0
8884,US-2017-115252,2017-10-20,2017-10-25,Standard Class,MY-18295,Muhammed Yedwab,Corporate,United States,Durham,North Carolina,27707,South,OFF-PA-10001667,Office Supplies,Paper,Great White Multi-Use Recycled Paper (20Lb. and 84 Bright),14.352000000000002,3,0.2,4.484999999999999,0
8944,CA-2017-111717,2017-10-10,2017-10-16,Standard Class,SW-20245,Scot Wooten,Consumer,United States,Aurora,Illinois,60505,Central,FUR-CH-10001545,Furniture,Chairs,Hon Comfortask Task/Swivel Chairs,239.358,3,0.3,-47.8716,0
8992,US-2017-139577,2017-10-01,2017-10-06,Standard Class,TN-21040,Tanja Norvell,Home Office,United States,San Francisco,California,94110,West,TEC-AC-10004708,Technology,Accessories,Sony 32GB Class 10 Micro SDHC R40 Memory Card,104.75,5,0.0,21.9975,0
8994,CA-2017-159100,2017-10-16,2017-10-21,Standard Class,VP-21760,Victoria Pisteka,Corporate,United States,Columbia,Tennessee,38401,South,FUR-TA-10001950,Furniture,Tables,Balt Solid Wood Round Tables,1875.258,7,0.4,-968.8833,0
9091,US-2017-148831,2017-10-13,2017-10-15,First Class,AH-10210,Alan Hwang,Consumer,United States,Louisville,Kentucky,40214,South,OFF-ST-10002974,Office Supplies,Storage,"Trav-L-File Heavy-Duty Shuttle II, Black",348.56,8,0.0,104.56799999999998,0
9100,CA-2017-152933,2017-10-12,2017-10-16,Standard Class,MG-17650,Matthew Grinstein,Home Office,United States,Dallas,Texas,75081,Central,OFF-PA-10001934,Office Supplies,Paper,Xerox 1993,10.368000000000002,2,0.2,3.7584,0
9101,CA-2017-152933,2017-10-12,2017-10-16,Standard Class,MG-17650,Matthew Grinstein,Home Office,United States,Dallas,Texas,75081,Central,TEC-AC-10003033,Technology,Accessories,Plantronics CS510 - Over-the-Head monaural Wireless Headset System,791.8799999999999,3,0.2,128.68049999999994,0
9221,CA-2017-103212,2017-10-13,2017-10-14,First Class,MH-18025,Michelle Huthwaite,Consumer,United States,Lafayette,Louisiana,70506,South,OFF-LA-10000248,Office Supplies,Labels,Avery 52,11.07,3,0.0,5.2029,0
9240,CA-2017-110310,2017-10-27,2017-11-02,Standard Class,NB-18655,Nona Balk,Corporate,United States,Tallahassee,Florida,32303,South,OFF-PA-10001685,Office Supplies,Paper,Easy-staple paper,56.784,7,0.2,20.584200000000003,0
9241,CA-2017-110310,2017-10-27,2017-11-02,Standard Class,NB-18655,Nona Balk,Corporate,United States,Tallahassee,Florida,32303,South,OFF-BI-10001097,Office Supplies,Binders,Avery Hole Reinforcements,5.607000000000001,3,0.7,-3.9248999999999974,0
9242,CA-2017-110310,2017-10-27,2017-11-02,Standard Class,NB-18655,Nona Balk,Corporate,United States,Tallahassee,Florida,32303,South,OFF-AR-10001662,Office Supplies,Art,Rogers Handheld Barrel Pencil Sharpener,6.5760000000000005,3,0.2,0.5754000000000006,0
9420,CA-2017-152926,2017-10-02,2017-10-04,Second Class,SC-20695,Steve Chapman,Corporate,United States,Houston,Texas,77041,Central,OFF-AP-10004708,Office Supplies,Appliances,Fellowes Superior 10 Outlet Split Surge Protector,15.223999999999997,2,0.8,-38.82120000000001,0
9487,CA-2017-130505,2017-10-12,2017-10-12,Same Day,NF-18385,Natalie Fritzler,Consumer,United States,Wheeling,West Virginia,26003,East,FUR-TA-10001932,Furniture,Tables,"Chromcraft 48"" x 96"" Racetrack Double Pedestal Table",673.3439999999999,3,0.3,-76.9536,0
9532,CA-2017-102729,2017-10-26,2017-10-31,Standard Class,BF-11215,Benjamin Farhat,Home Office,United States,Dallas,Texas,75217,Central,OFF-ST-10000464,Office Supplies,Storage,"Multi-Use Personal File Cart and Caster Set, Three Stacking Bins",55.616,2,0.2,5.561600000000002,0
9873,CA-2017-146269,2017-10-06,2017-10-06,Same Day,MH-17455,Mark Hamilton,Consumer,United States,Chicago,Illinois,60623,Central,OFF-AR-10004790,Office Supplies,Art,Staples in misc. colors,19.152,2,0.2,1.1969999999999992,0
