Row ID,Order ID,Order Date,Ship Date,Ship Mode,Customer ID,Customer Name,Segment,Country,City,State,Postal Code,Region,Product ID,Category,Sub-Category,Product Name,Sales,Quantity,Discount,Profit,Data_origen
275,CA-2017-118136,2017-09-16,2017-09-17,First Class,BB-10990,Barry Blumstein,Corporate,United States,Inglewood,California,90301,West,OFF-PA-10002615,Office Supplies,Paper,"Ampad Gold Fibre Wirebound Steno Books, 6"" x 9"", Gregg Ruled",8.82,2,0.0,4.0572,0
364,CA-2017-144904,2017-09-25,2017-10-01,Standard Class,KW-16435,Katrina Willman,Consumer,United States,New York City,New York,10009,East,OFF-AR-10003732,Office Supplies,Art,Newell 333,5.56,2,0.0,1.4455999999999998,0
365,CA-2017-144904,2017-09-25,2017-10-01,Standard Class,KW-16435,Katrina Willman,Consumer,United States,New York City,New York,10009,East,FUR-FU-10000023,Furniture,Furnishings,Eldon Wave Desk Accessories,47.12,8,0.0,20.7328,0
439,CA-2017-130043,2017-09-15,2017-09-19,Standard Class,BB-11545,Brenda Bowman,Corporate,United States,Houston,Texas,77070,Central,OFF-PA-10002230,Office Supplies,Paper,Xerox 1897,31.872000000000003,8,0.2,11.553600000000003,0
537,US-2017-122637,2017-09-03,2017-09-08,Second Class,EP-13915,Emily Phan,Consumer,United States,Chicago,Illinois,60653,Central,OFF-BI-10002429,Office Supplies,Binders,"Premier Elliptical Ring Binder, Black",42.61599999999999,7,0.8,-68.18560000000002,0
553,CA-2017-112774,2017-09-11,2017-09-12,First Class,RC-19960,Ryan Crowe,Consumer,United States,Jacksonville,Florida,32216,South,FUR-FU-10003039,Furniture,Furnishings,"Howard Miller 11-1/2"" Diameter Grantwood Wall Clock",34.504000000000005,1,0.2,6.0382,0
712,CA-2017-146136,2017-09-03,2017-09-07,Standard Class,AP-10915,Arthur Prichep,Consumer,United States,Palm Coast,Florida,32137,South,OFF-EN-10001219,Office Supplies,Envelopes,"#10- 4 1/8"" x 9 1/2"" Security-Tint Envelopes",24.448,4,0.2,8.8624,0
726,CA-2017-144113,2017-09-16,2017-09-20,Standard Class,JF-15355,Jay Fein,Consumer,United States,Austin,Texas,78745,Central,OFF-EN-10001141,Office Supplies,Envelopes,"Manila Recycled Extra-Heavyweight Clasp Envelopes, 6"" x 9""",17.568,2,0.2,6.3684,0
727,CA-2017-144113,2017-09-16,2017-09-20,Standard Class,JF-15355,Jay Fein,Consumer,United States,Austin,Texas,78745,Central,TEC-PH-10002170,Technology,Phones,ClearSounds CSC500 Amplified Spirit Phone Corded phone,55.992,1,0.2,5.5992000000000015,0
796,CA-2017-151428,2017-09-21,2017-09-26,Standard Class,RH-19495,Rick Hansen,Consumer,United States,Rochester,Minnesota,55901,Central,OFF-BI-10000546,Office Supplies,Binders,Avery Durable Binders,20.16,7,0.0,9.8784,0
910,CA-2017-137596,2017-09-02,2017-09-07,Standard Class,BE-11335,Bill Eplett,Home Office,United States,Jackson,Michigan,49201,Central,TEC-PH-10001494,Technology,Phones,Polycom CX600 IP Phone VoIP phone,1199.8,4,0.0,323.946,0
911,CA-2017-137596,2017-09-02,2017-09-07,Standard Class,BE-11335,Bill Eplett,Home Office,United States,Jackson,Michigan,49201,Central,TEC-AC-10004666,Technology,Accessories,Maxell iVDR EX 500GB Cartridge,1928.7800000000002,7,0.0,829.3754000000002,0
912,CA-2017-137596,2017-09-02,2017-09-07,Standard Class,BE-11335,Bill Eplett,Home Office,United States,Jackson,Michigan,49201,Central,OFF-ST-10003816,Office Supplies,Storage,Fellowes High-Stak Drawer Files,352.38,2,0.0,81.04739999999998,0
933,CA-2017-114216,2017-09-02,2017-09-06,Standard Class,RK-19300,Ralph Kennedy,Consumer,United States,Philadelphia,Pennsylvania,19140,East,OFF-PA-10002195,Office Supplies,Paper,"RSVP Cards & Envelopes, Blank White, 8-1/2"" X 11"", 24 Cards/25 Envelopes/Set",12.192,3,0.2,4.1148,0
986,CA-2017-100314,2017-09-29,2017-10-05,Standard Class,AS-10630,Ann Steele,Home Office,United States,Pasadena,Texas,77506,Central,OFF-EN-10000461,Office Supplies,Envelopes,"#10- 4 1/8"" x 9 1/2"" Recycled Envelopes",27.968000000000004,4,0.2,9.4392,0
1069,US-2017-139955,2017-09-28,2017-09-30,Second Class,CM-12160,Charles McCrossin,Consumer,United States,Brownsville,Texas,78521,Central,OFF-SU-10001935,Office Supplies,Supplies,Staple remover,1.7440000000000002,1,0.2,-0.34880000000000033,0
1213,US-2017-118087,2017-09-09,2017-09-13,Standard Class,SP-20620,Stefania Perrino,Corporate,United States,Philadelphia,Pennsylvania,19134,East,FUR-CH-10004860,Furniture,Chairs,Global Low Back Tilter Chair,141.37199999999999,2,0.3,-48.47040000000002,0
1214,US-2017-118087,2017-09-09,2017-09-13,Standard Class,SP-20620,Stefania Perrino,Corporate,United States,Philadelphia,Pennsylvania,19134,East,OFF-BI-10002432,Office Supplies,Binders,Wilson Jones Standard D-Ring Binders,3.036,2,0.7,-2.3275999999999994,0
1215,US-2017-118087,2017-09-09,2017-09-13,Standard Class,SP-20620,Stefania Perrino,Corporate,United States,Philadelphia,Pennsylvania,19134,East,OFF-BI-10000069,Office Supplies,Binders,"GBC Prepunched Paper, 19-Hole, for Binding Systems, 24-lb",4.503000000000001,1,0.7,-3.602400000000001,0
1217,US-2017-118087,2017-09-09,2017-09-13,Standard Class,SP-20620,Stefania Perrino,Corporate,United States,Philadelphia,Pennsylvania,19134,East,TEC-AC-10004469,Technology,Accessories,Microsoft Sculpt Comfort Mouse,95.88000000000001,3,0.2,28.764000000000006,0
1219,US-2017-118087,2017-09-09,2017-09-13,Standard Class,SP-20620,Stefania Perrino,Corporate,United States,Philadelphia,Pennsylvania,19134,East,TEC-AC-10003174,Technology,Accessories,Plantronics S12 Corded Telephone Headset System,258.696,3,0.2,64.674,0
1269,CA-2017-121412,2017-09-23,2017-09-27,Standard Class,BG-11695,Brooke Gillingham,Corporate,United States,Louisville,Colorado,80027,West,FUR-FU-10000246,Furniture,Furnishings,Aluminum Document Frame,29.328000000000003,3,0.2,3.665999999999995,0
1496,CA-2017-152485,2017-09-04,2017-09-08,Standard Class,JD-15790,John Dryer,Consumer,United States,Coppell,Texas,75019,Central,OFF-AR-10003759,Office Supplies,Art,"Crayola Anti Dust Chalk, 12/Pack",10.192000000000002,7,0.2,3.184999999999999,0
1510,CA-2017-103611,2017-09-12,2017-09-15,First Class,JM-15535,Jessica Myrick,Consumer,United States,Los Angeles,California,90036,West,FUR-FU-10004270,Furniture,Furnishings,"Eldon Image Series Desk Accessories, Burgundy",8.36,2,0.0,3.0096,0
1538,CA-2017-121888,2017-09-15,2017-09-17,Second Class,CL-11890,Carl Ludwig,Consumer,United States,Everett,Massachusetts,2149,East,TEC-PH-10000439,Technology,Phones,GE DSL Phone Line Filter,39.99,1,0.0,11.597099999999998,0
1540,CA-2017-121888,2017-09-15,2017-09-17,Second Class,CL-11890,Carl Ludwig,Consumer,United States,Everett,Massachusetts,2149,East,FUR-BO-10002545,Furniture,Bookcases,"Atlantic Metals Mobile 3-Shelf Bookcases, Custom Colors",782.94,3,0.0,203.56440000000003,0
1541,CA-2017-121888,2017-09-15,2017-09-17,Second Class,CL-11890,Carl Ludwig,Consumer,United States,Everett,Massachusetts,2149,East,OFF-BI-10001765,Office Supplies,Binders,Wilson Jones Heavy-Duty Casebound Ring Binders with Metal Hinges,242.48000000000002,7,0.0,116.39039999999999,0
1556,CA-2017-120761,2017-09-04,2017-09-08,Standard Class,AB-10150,Aimee Bixby,Consumer,United States,Long Beach,New York,11561,East,TEC-AC-10000171,Technology,Accessories,"Verbatim 25 GB 6x Blu-ray Single Layer Recordable Disc, 25/Pack",91.96,4,0.0,39.5428,0
1562,CA-2017-107293,2017-09-05,2017-09-06,First Class,CS-12400,Christopher Schild,Home Office,United States,Seattle,Washington,98115,West,OFF-AR-10003732,Office Supplies,Art,Newell 333,2.78,1,0.0,0.7227999999999999,0
1714,US-2017-124968,2017-09-08,2017-09-13,Second Class,MM-18055,Michelle Moray,Consumer,United States,Chicago,Illinois,60610,Central,FUR-TA-10004289,Furniture,Tables,BoxOffice By Design Rectangular and Half-Moon Meeting Room Tables,765.625,7,0.5,-566.5625,0
1784,CA-2017-166317,2017-09-22,2017-09-26,Standard Class,JE-15610,Jim Epp,Corporate,United States,Milwaukee,Wisconsin,53209,Central,OFF-PA-10004475,Office Supplies,Paper,Xerox 1940,219.84,4,0.0,107.7216,0
1786,CA-2017-166317,2017-09-22,2017-09-26,Standard Class,JE-15610,Jim Epp,Corporate,United States,Milwaukee,Wisconsin,53209,Central,OFF-BI-10002976,Office Supplies,Binders,ACCOHIDE Binder by Acco,33.04,8,0.0,15.5288,0
1787,CA-2017-166317,2017-09-22,2017-09-26,Standard Class,JE-15610,Jim Epp,Corporate,United States,Milwaukee,Wisconsin,53209,Central,TEC-PH-10001615,Technology,Phones,AT&T CL82213,86.97,3,0.0,25.22129999999999,0
1803,CA-2017-158379,2017-09-22,2017-09-26,Second Class,JA-15970,Joseph Airdo,Consumer,United States,Philadelphia,Pennsylvania,19134,East,OFF-BI-10002498,Office Supplies,Binders,Clear Mylar Reinforcing Strips,5.607000000000001,1,0.7,-4.2987,0
1804,CA-2017-158379,2017-09-22,2017-09-26,Second Class,JA-15970,Joseph Airdo,Consumer,United States,Philadelphia,Pennsylvania,19134,East,OFF-SU-10002881,Office Supplies,Supplies,Martin Yale Chadless Opener Electric Letter Opener,4663.736000000001,7,0.2,-1049.3406,0
1805,CA-2017-158379,2017-09-22,2017-09-26,Second Class,JA-15970,Joseph Airdo,Consumer,United States,Philadelphia,Pennsylvania,19134,East,TEC-AC-10002926,Technology,Accessories,Logitech Wireless Marathon Mouse M705,79.98400000000001,2,0.2,22.995400000000004,0
1849,CA-2017-128370,2017-09-10,2017-09-10,Same Day,FH-14275,Frank Hawley,Corporate,United States,Los Angeles,California,90004,West,OFF-BI-10004140,Office Supplies,Binders,Avery Non-Stick Binders,7.184000000000001,2,0.2,2.244999999999999,0
1947,CA-2017-157987,2017-09-02,2017-09-06,Standard Class,AC-10615,Ann Chong,Corporate,United States,New York City,New York,10009,East,OFF-AR-10000658,Office Supplies,Art,Newell 324,23.1,2,0.0,6.468,0
1948,CA-2017-157987,2017-09-02,2017-09-06,Standard Class,AC-10615,Ann Chong,Corporate,United States,New York City,New York,10009,East,FUR-FU-10001196,Furniture,Furnishings,DAX Cubicle Frames - 8x10,11.54,2,0.0,3.4619999999999997,0
1949,CA-2017-157987,2017-09-02,2017-09-06,Standard Class,AC-10615,Ann Chong,Corporate,United States,New York City,New York,10009,East,FUR-TA-10001889,Furniture,Tables,Bush Advantage Collection Racetrack Conference Table,254.52599999999998,1,0.4,-93.3262,0
1950,CA-2017-157987,2017-09-02,2017-09-06,Standard Class,AC-10615,Ann Chong,Corporate,United States,New York City,New York,10009,East,OFF-AP-10000358,Office Supplies,Appliances,Fellowes Basic Home/Office Series Surge Protectors,12.98,1,0.0,3.764199999999999,0
1954,CA-2017-157987,2017-09-02,2017-09-06,Standard Class,AC-10615,Ann Chong,Corporate,United States,New York City,New York,10009,East,FUR-CH-10003379,Furniture,Chairs,Global Commerce Series High-Back Swivel/Tilt Chairs,1282.41,5,0.1,213.735,0
1955,CA-2017-157987,2017-09-02,2017-09-06,Standard Class,AC-10615,Ann Chong,Corporate,United States,New York City,New York,10009,East,OFF-AR-10004582,Office Supplies,Art,BIC Brite Liner Grip Highlighters,4.92,3,0.0,2.2139999999999995,0
1956,CA-2017-157987,2017-09-02,2017-09-06,Standard Class,AC-10615,Ann Chong,Corporate,United States,New York City,New York,10009,East,TEC-AC-10002842,Technology,Accessories,WD My Passport Ultra 2TB Portable External Hard Drive,238.0,2,0.0,38.08000000000001,0
1958,CA-2017-157987,2017-09-02,2017-09-06,Standard Class,AC-10615,Ann Chong,Corporate,United States,New York City,New York,10009,East,OFF-PA-10003893,Office Supplies,Paper,Xerox 1962,17.12,4,0.0,7.703999999999999,0
1961,CA-2017-110905,2017-09-10,2017-09-15,Second Class,RW-19690,Robert Waldorf,Consumer,United States,Springfield,Missouri,65807,Central,TEC-AC-10003023,Technology,Accessories,Logitech G105 Gaming Keyboard,296.84999999999997,5,0.0,53.43299999999999,0
1965,CA-2017-110905,2017-09-10,2017-09-15,Second Class,RW-19690,Robert Waldorf,Consumer,United States,Springfield,Missouri,65807,Central,OFF-ST-10000025,Office Supplies,Storage,Fellowes Stor/Drawer Steel Plus Storage Drawers,286.29,3,0.0,17.177399999999977,0
1966,CA-2017-110905,2017-09-10,2017-09-15,Second Class,RW-19690,Robert Waldorf,Consumer,United States,Springfield,Missouri,65807,Central,OFF-AP-10003281,Office Supplies,Appliances,Acco 6 Outlet Guardian Standard Surge Suppressor,24.18,2,0.0,7.253999999999998,0
1970,CA-2017-117485,2017-09-23,2017-09-29,Standard Class,BD-11320,Bill Donatelli,Consumer,United States,Tulsa,Oklahoma,74133,Central,TEC-AC-10004659,Technology,Accessories,Imation Secure+ Hardware Encrypted USB 2.0 Flash Drive; 16GB,291.96,4,0.0,102.18599999999998,0
2035,CA-2017-162481,2017-09-25,2017-09-29,Standard Class,CT-11995,Carol Triggs,Consumer,United States,Rochester,Minnesota,55901,Central,OFF-BI-10002976,Office Supplies,Binders,ACCOHIDE Binder by Acco,8.26,2,0.0,3.8822,0
2036,CA-2017-162481,2017-09-25,2017-09-29,Standard Class,CT-11995,Carol Triggs,Consumer,United States,Rochester,Minnesota,55901,Central,FUR-CH-10003061,Furniture,Chairs,"Global Leather Task Chair, Black",269.96999999999997,3,0.0,51.294299999999964,0
2077,CA-2017-140676,2017-09-12,2017-09-15,First Class,BF-11080,Bart Folk,Consumer,United States,Baltimore,Maryland,21215,East,OFF-PA-10004082,Office Supplies,Paper,"Adams Telephone Message Book w/Frequently-Called Numbers Space, 400 Messages per Book",39.900000000000006,5,0.0,19.950000000000003,0
2078,CA-2017-140676,2017-09-12,2017-09-15,First Class,BF-11080,Bart Folk,Consumer,United States,Baltimore,Maryland,21215,East,OFF-AP-10000358,Office Supplies,Appliances,Fellowes Basic Home/Office Series Surge Protectors,90.86,7,0.0,26.349399999999992,0
2079,CA-2017-140676,2017-09-12,2017-09-15,First Class,BF-11080,Bart Folk,Consumer,United States,Baltimore,Maryland,21215,East,OFF-PA-10004243,Office Supplies,Paper,Xerox 1939,94.85,5,0.0,45.52799999999999,0
2099,CA-2017-124401,2017-09-07,2017-09-12,Standard Class,RD-19900,Ruben Dartt,Consumer,United States,Portland,Oregon,97206,West,OFF-ST-10000649,Office Supplies,Storage,Hanging Personal Folder File,37.68,3,0.2,2.355000000000002,0
2123,CA-2017-167381,2017-09-22,2017-09-24,Second Class,EH-14005,Erica Hernandez,Home Office,United States,Lansing,Michigan,48911,Central,FUR-BO-10001972,Furniture,Bookcases,O'Sullivan 4-Shelf Bookcase in Odessa Pine,241.96,2,0.0,41.13319999999999,0
2304,CA-2017-157931,2017-09-17,2017-09-22,Second Class,MO-17800,Meg O'Connel,Home Office,United States,Roswell,Georgia,30076,South,FUR-CH-10000785,Furniture,Chairs,Global Ergonomic Managers Chair,723.92,4,0.0,188.2192,0
2305,CA-2017-157931,2017-09-17,2017-09-22,Second Class,MO-17800,Meg O'Connel,Home Office,United States,Roswell,Georgia,30076,South,OFF-PA-10000474,Office Supplies,Paper,Easy-staple paper,106.32,3,0.0,49.97039999999999,0
2400,CA-2017-147361,2017-09-09,2017-09-15,Standard Class,SB-20290,Sean Braxton,Corporate,United States,Florence,South Carolina,29501,South,OFF-ST-10001809,Office Supplies,Storage,Fellowes Officeware Wire Shelving,628.81,7,0.0,12.576199999999986,0
2478,CA-2017-102750,2017-09-04,2017-09-08,Second Class,GM-14695,Greg Maxwell,Corporate,United States,Los Angeles,California,90036,West,FUR-TA-10000198,Furniture,Tables,Chromcraft Bull-Nose Wood Oval Conference Tables & Bases,1322.352,3,0.2,-99.1764,0
2569,CA-2017-148929,2017-09-07,2017-09-11,Standard Class,SP-20620,Stefania Perrino,Corporate,United States,New York City,New York,10011,East,OFF-ST-10003282,Office Supplies,Storage,"Advantus 10-Drawer Portable Organizer, Chrome Metal Frame, Smoke Drawers",478.08,8,0.0,133.86240000000004,0
2653,CA-2017-112515,2017-09-17,2017-09-21,Second Class,AS-10225,Alan Schoenberger,Corporate,United States,Provo,Utah,84604,West,OFF-BI-10003712,Office Supplies,Binders,"Acco Pressboard Covers with Storage Hooks, 14 7/8"" x 11"", Light Blue",11.784,3,0.2,4.271699999999999,0
2655,CA-2017-112515,2017-09-17,2017-09-21,Second Class,AS-10225,Alan Schoenberger,Corporate,United States,Provo,Utah,84604,West,FUR-BO-10003404,Furniture,Bookcases,"Global Adaptabilites Bookcase, Cherry/Storm Gray Finish",1292.94,3,0.0,77.57639999999992,0
2657,CA-2017-112515,2017-09-17,2017-09-21,Second Class,AS-10225,Alan Schoenberger,Corporate,United States,Provo,Utah,84604,West,OFF-ST-10001272,Office Supplies,Storage,"Mini 13-1/2 Capacity Data Binder Rack, Pearl",261.74,2,0.0,65.435,0
2658,CA-2017-112515,2017-09-17,2017-09-21,Second Class,AS-10225,Alan Schoenberger,Corporate,United States,Provo,Utah,84604,West,OFF-LA-10001175,Office Supplies,Labels,Avery 514,14.399999999999999,5,0.0,7.056,0
2824,CA-2017-131016,2017-09-18,2017-09-20,First Class,DC-12850,Dan Campbell,Consumer,United States,Arlington,Texas,76017,Central,OFF-ST-10000352,Office Supplies,Storage,Acco Perma 2700 Stacking Storage Drawers,47.584,2,0.2,-2.9739999999999966,0
2902,CA-2017-124898,2017-09-11,2017-09-15,Standard Class,DB-12910,Daniel Byrd,Home Office,United States,Columbus,Georgia,31907,South,OFF-PA-10003656,Office Supplies,Paper,Xerox 1935,184.66,7,0.0,84.94359999999999,0
3034,CA-2017-134173,2017-09-16,2017-09-21,Standard Class,AB-10060,Adam Bellavance,Home Office,United States,Philadelphia,Pennsylvania,19143,East,OFF-PA-10004355,Office Supplies,Paper,Xerox 231,20.736000000000004,4,0.2,7.2576,0
3042,CA-2017-149559,2017-09-11,2017-09-12,Same Day,KF-16285,Karen Ferguson,Home Office,United States,Long Beach,California,90805,West,OFF-PA-10003172,Office Supplies,Paper,Xerox 1996,12.96,2,0.0,6.2208000000000006,0
3044,CA-2017-149559,2017-09-11,2017-09-12,Same Day,KF-16285,Karen Ferguson,Home Office,United States,Long Beach,California,90805,West,FUR-CH-10002320,Furniture,Chairs,Hon Pagoda Stacking Chairs,2054.2720000000004,8,0.2,256.78399999999976,0
3080,CA-2017-101182,2017-09-04,2017-09-05,First Class,KB-16405,Katrina Bavinger,Home Office,United States,Apple Valley,California,92307,West,OFF-PA-10001800,Office Supplies,Paper,Xerox 220,12.96,2,0.0,6.2208000000000006,0
3081,CA-2017-101182,2017-09-04,2017-09-05,First Class,KB-16405,Katrina Bavinger,Home Office,United States,Apple Valley,California,92307,West,TEC-PH-10003589,Technology,Phones,invisibleSHIELD by ZAGG Smudge-Free Screen Protector,43.176,3,0.2,15.1116,0
3127,CA-2017-149895,2017-09-08,2017-09-12,Standard Class,EB-14110,Eugene Barchas,Consumer,United States,Philadelphia,Pennsylvania,19134,East,TEC-PH-10002200,Technology,Phones,Aastra 6757i CT Wireless VoIP phone,258.52799999999996,2,0.4,-47.39680000000001,0
3143,CA-2017-162572,2017-09-25,2017-09-27,Second Class,RB-19360,Raymond Buch,Consumer,United States,Cincinnati,Ohio,45231,East,TEC-AC-10003628,Technology,Accessories,Logitech 910-002974 M325 Wireless Mouse for Web Scrolling,119.96000000000001,5,0.2,35.98800000000001,0
3176,US-2017-132059,2017-09-23,2017-09-29,Standard Class,AP-10915,Arthur Prichep,Consumer,United States,Fort Collins,Colorado,80525,West,FUR-BO-10001811,Furniture,Bookcases,"Atlantic Metals Mobile 5-Shelf Bookcases, Custom Colors",180.58800000000005,2,0.7,-240.78400000000005,0
3177,US-2017-132059,2017-09-23,2017-09-29,Standard Class,AP-10915,Arthur Prichep,Consumer,United States,Fort Collins,Colorado,80525,West,TEC-AC-10003280,Technology,Accessories,Belkin F8E887 USB Wired Ergonomic Keyboard,47.984,2,0.2,0.5997999999999966,0
3211,US-2017-108245,2017-09-22,2017-09-27,Standard Class,SH-19975,Sally Hughsby,Corporate,United States,Pearland,Texas,77581,Central,OFF-EN-10001415,Office Supplies,Envelopes,Staple envelope,13.392000000000001,3,0.2,5.022,0
3212,US-2017-108245,2017-09-22,2017-09-27,Standard Class,SH-19975,Sally Hughsby,Corporate,United States,Pearland,Texas,77581,Central,OFF-BI-10000773,Office Supplies,Binders,Insertable Tab Post Binder Dividers,11.227999999999998,7,0.8,-18.52620000000001,0
3231,CA-2017-131625,2017-09-01,2017-09-05,Second Class,BN-11515,Bradley Nguyen,Consumer,United States,New York City,New York,10009,East,FUR-FU-10004960,Furniture,Furnishings,"Seth Thomas 12"" Clock w/ Goldtone Case",114.9,5,0.0,39.066,0
3373,CA-2017-123778,2017-09-23,2017-09-30,Standard Class,BS-11755,Bruce Stewart,Consumer,United States,San Francisco,California,94122,West,OFF-AP-10001242,Office Supplies,Appliances,APC 7 Outlet Network SurgeArrest Surge Protector,160.96,2,0.0,48.288,0
3458,CA-2017-136448,2017-09-16,2017-09-18,First Class,AS-10090,Adam Shillingsburg,Consumer,United States,Philadelphia,Pennsylvania,19143,East,FUR-FU-10003832,Furniture,Furnishings,"Eldon Expressions Punched Metal & Wood Desk Accessories, Black & Cherry",22.512000000000004,3,0.2,2.2512,0
3460,CA-2017-136448,2017-09-16,2017-09-18,First Class,AS-10090,Adam Shillingsburg,Consumer,United States,Philadelphia,Pennsylvania,19143,East,OFF-BI-10001359,Office Supplies,Binders,GBC DocuBind TL300 Electric Binding System,538.1940000000001,2,0.7,-412.6153999999999,0
3513,CA-2017-140326,2017-09-04,2017-09-06,First Class,HW-14935,Helen Wasserman,Corporate,United States,Chicago,Illinois,60653,Central,FUR-BO-10000112,Furniture,Bookcases,"Bush Birmingham Collection Bookcase, Dark Cherry",825.174,9,0.3,-117.88199999999998,0
3514,CA-2017-140326,2017-09-04,2017-09-06,First Class,HW-14935,Helen Wasserman,Corporate,United States,Chicago,Illinois,60653,Central,OFF-PA-10004041,Office Supplies,Paper,"It's Hot Message Books with Stickers, 2 3/4"" x 5""",17.76,3,0.2,5.55,0
3561,CA-2017-109757,2017-09-04,2017-09-09,Second Class,MD-17350,Maribeth Dona,Consumer,United States,Akron,Ohio,44312,East,OFF-AR-10002335,Office Supplies,Art,DIXON Oriole Pencils,8.256,4,0.2,0.6192000000000002,0
3562,CA-2017-109757,2017-09-04,2017-09-09,Second Class,MD-17350,Maribeth Dona,Consumer,United States,Akron,Ohio,44312,East,OFF-BI-10004001,Office Supplies,Binders,GBC Recycled VeloBinder Covers,25.560000000000002,5,0.7,-20.448,0
3563,CA-2017-109757,2017-09-04,2017-09-09,Second Class,MD-17350,Maribeth Dona,Consumer,United States,Akron,Ohio,44312,East,OFF-BI-10001634,Office Supplies,Binders,Wilson Jones Active Use Binders,4.368000000000001,2,0.7,-3.0576,0
3587,CA-2017-161823,2017-09-03,2017-09-08,Standard Class,AG-10300,Aleksandra Gannaway,Corporate,United States,San Francisco,California,94122,West,OFF-AR-10002053,Office Supplies,Art,"Premium Writing Pencils, Soft, #2 by Central Association for the Blind",5.96,2,0.0,1.6688,0
3618,CA-2017-141929,2017-09-04,2017-09-08,Standard Class,RA-19285,Ralph Arnett,Consumer,United States,Los Angeles,California,90004,West,OFF-BI-10004632,Office Supplies,Binders,Ibico Hi-Tech Manual Binding System,487.98400000000004,2,0.2,152.49499999999998,0
3657,CA-2017-158036,2017-09-08,2017-09-14,Standard Class,DB-13555,Dorothy Badders,Corporate,United States,Dublin,Ohio,43017,East,TEC-AC-10002558,Technology,Accessories,Imation Swivel Flash Drive USB flash drive - 8 GB,9.096,1,0.2,1.7054999999999998,0
3798,CA-2017-121314,2017-09-23,2017-09-26,First Class,BE-11410,Bobby Elias,Consumer,United States,Miami,Florida,33178,South,OFF-PA-10003395,Office Supplies,Paper,Xerox 1941,251.64,3,0.2,88.07399999999998,0
3849,CA-2017-161053,2017-09-22,2017-09-23,First Class,JE-15745,Joel Eaton,Consumer,United States,Fayetteville,Arkansas,72701,South,OFF-BI-10004318,Office Supplies,Binders,Ibico EB-19 Dual Function Manual Binding System,691.96,4,0.0,318.3016,0
3850,CA-2017-161053,2017-09-22,2017-09-23,First Class,JE-15745,Joel Eaton,Consumer,United States,Fayetteville,Arkansas,72701,South,TEC-AC-10004633,Technology,Accessories,"Verbatim 25 GB 6x Blu-ray Single Layer Recordable Disc, 3/Pack",34.95,5,0.0,15.378000000000004,0
3913,CA-2017-148068,2017-09-18,2017-09-25,Standard Class,MM-18280,Muhammed MacIntyre,Corporate,United States,New York City,New York,10035,East,OFF-PA-10001639,Office Supplies,Paper,Xerox 203,19.44,3,0.0,9.3312,0
3914,CA-2017-148068,2017-09-18,2017-09-25,Standard Class,MM-18280,Muhammed MacIntyre,Corporate,United States,New York City,New York,10035,East,FUR-FU-10002268,Furniture,Furnishings,Ultra Door Push Plate,9.82,2,0.0,3.2405999999999997,0
4152,CA-2017-100160,2017-09-07,2017-09-11,Standard Class,CB-12025,Cassandra Brandow,Consumer,United States,Philadelphia,Pennsylvania,19134,East,OFF-LA-10002475,Office Supplies,Labels,Avery 519,29.24,5,0.2,9.868500000000001,0
4153,CA-2017-100160,2017-09-07,2017-09-11,Standard Class,CB-12025,Cassandra Brandow,Consumer,United States,Philadelphia,Pennsylvania,19134,East,OFF-PA-10003072,Office Supplies,Paper,"Eureka Recycled Copy Paper 8 1/2"" x 11"", Ream",15.552000000000003,3,0.2,5.4432,0
4263,CA-2017-123351,2017-09-21,2017-09-25,Standard Class,KT-16480,Kean Thornton,Consumer,United States,Columbus,Georgia,31907,South,OFF-AP-10001242,Office Supplies,Appliances,APC 7 Outlet Network SurgeArrest Surge Protector,80.48,1,0.0,24.144,0
4333,CA-2017-107909,2017-09-01,2017-09-06,Standard Class,SS-20875,Sung Shariari,Consumer,United States,Redmond,Washington,98052,West,OFF-BI-10003476,Office Supplies,Binders,Avery Metallic Poly Binders,22.92,5,0.2,8.021999999999998,0
4368,CA-2017-117044,2017-09-11,2017-09-13,Second Class,HA-14920,Helen Andreada,Consumer,United States,Chicago,Illinois,60623,Central,OFF-FA-10000936,Office Supplies,Fasteners,Acco Hot Clips Clips to Go,10.528,4,0.2,3.2899999999999996,0
4369,CA-2017-117044,2017-09-11,2017-09-13,Second Class,HA-14920,Helen Andreada,Consumer,United States,Chicago,Illinois,60623,Central,OFF-PA-10003657,Office Supplies,Paper,Xerox 1927,20.544000000000004,6,0.2,6.419999999999996,0
4460,US-2017-125717,2017-09-28,2017-10-01,First Class,DS-13030,Darrin Sayre,Home Office,United States,Aurora,Colorado,80013,West,FUR-FU-10001979,Furniture,Furnishings,Dana Halogen Swing-Arm Architect Lamp,32.776,1,0.2,3.2776000000000014,0
4461,US-2017-125717,2017-09-28,2017-10-01,First Class,DS-13030,Darrin Sayre,Home Office,United States,Aurora,Colorado,80013,West,OFF-ST-10001522,Office Supplies,Storage,"Gould Plastics 18-Pocket Panel Bin, 34w x 5-1/4d x 20-1/2h",147.184,2,0.2,-29.436800000000012,0
4473,CA-2017-121300,2017-09-29,2017-09-29,Same Day,MG-17680,Maureen Gastineau,Home Office,United States,Mentor,Ohio,44060,East,TEC-AC-10004571,Technology,Accessories,Logitech G700s Rechargeable Gaming Mouse,239.976,3,0.2,65.99340000000001,0
4476,CA-2017-121300,2017-09-29,2017-09-29,Same Day,MG-17680,Maureen Gastineau,Home Office,United States,Mentor,Ohio,44060,East,FUR-FU-10004586,Furniture,Furnishings,G.E. Longer-Life Indoor Recessed Floodlight Bulbs,21.248,4,0.2,7.436799999999999,0
4624,CA-2017-147228,2017-09-09,2017-09-14,Standard Class,SO-20335,Sean O'Donnell,Consumer,United States,Columbia,Tennessee,38401,South,OFF-PA-10000357,Office Supplies,Paper,Xerox 1888,177.536,4,0.2,62.13759999999999,0
4625,CA-2017-147228,2017-09-09,2017-09-14,Standard Class,SO-20335,Sean O'Donnell,Consumer,United States,Columbia,Tennessee,38401,South,OFF-ST-10000046,Office Supplies,Storage,Fellowes Super Stor/Drawer Files,258.48,2,0.2,-3.2309999999999945,0
4723,US-2017-135230,2017-09-01,2017-09-07,Standard Class,CK-12325,Christine Kargatis,Home Office,United States,Seattle,Washington,98103,West,OFF-AR-10001166,Office Supplies,Art,Staples in misc. colors,7.58,1,0.0,2.9562,0
4757,CA-2017-169817,2017-09-21,2017-09-25,Standard Class,EB-13870,Emily Burns,Consumer,United States,Philadelphia,Pennsylvania,19143,East,OFF-BI-10004141,Office Supplies,Binders,Insertable Tab Indexes For Data Binders,1.9080000000000004,2,0.7,-1.5264000000000002,0
5065,CA-2017-122196,2017-09-22,2017-09-24,First Class,CA-12265,Christina Anderson,Consumer,United States,Wilmington,Delaware,19805,East,TEC-PH-10004977,Technology,Phones,GE 30524EE4,391.98,2,0.0,113.67419999999998,0
5152,CA-2017-169929,2017-09-25,2017-09-28,First Class,LS-17200,Luke Schmidt,Corporate,United States,Helena,Montana,59601,West,OFF-ST-10002352,Office Supplies,Storage,Iris Project Case,39.900000000000006,5,0.0,10.373999999999999,0
5217,US-2017-159562,2017-09-09,2017-09-15,Standard Class,JB-16000,Joy Bell-,Consumer,United States,Roseville,Michigan,48066,Central,OFF-EN-10000461,Office Supplies,Envelopes,"#10- 4 1/8"" x 9 1/2"" Recycled Envelopes",17.48,2,0.0,8.2156,0
5267,CA-2017-147452,2017-09-30,2017-10-03,First Class,CS-11845,Cari Sayre,Corporate,United States,Seattle,Washington,98103,West,OFF-PA-10004039,Office Supplies,Paper,Xerox 1882,167.94,3,0.0,82.2906,0
5271,CA-2017-144484,2017-09-11,2017-09-11,Same Day,CB-12025,Cassandra Brandow,Consumer,United States,San Francisco,California,94110,West,OFF-AP-10004487,Office Supplies,Appliances,Kensington 4 Outlet MasterPiece Compact Power Control Center,406.59999999999997,5,0.0,113.84799999999998,0
5280,US-2017-104094,2017-09-07,2017-09-11,Standard Class,AG-10675,Anna Gayman,Consumer,United States,Milwaukee,Wisconsin,53209,Central,TEC-AC-10002134,Technology,Accessories,Rosewill 107 Normal Keys USB Wired Standard Keyboard,13.48,1,0.0,1.8872,0
5413,CA-2017-166856,2017-09-18,2017-09-22,Standard Class,TS-21505,Tony Sayre,Consumer,United States,Clovis,New Mexico,88101,West,TEC-AC-10004992,Technology,Accessories,Kingston Digital DataTraveler 64GB USB 2.0,101.34,3,0.0,8.107199999999992,0
5416,US-2017-125647,2017-09-23,2017-09-28,Standard Class,LC-16870,Lena Cacioppo,Consumer,United States,Chicago,Illinois,60653,Central,OFF-PA-10004888,Office Supplies,Paper,Xerox 217,20.736000000000004,4,0.2,7.2576,0
5417,US-2017-125647,2017-09-23,2017-09-28,Standard Class,LC-16870,Lena Cacioppo,Consumer,United States,Chicago,Illinois,60653,Central,TEC-PH-10004188,Technology,Phones,OtterBox Commuter Series Case - Samsung Galaxy S4,39.984,2,0.2,-8.9964,0
5442,CA-2017-155929,2017-09-09,2017-09-13,Standard Class,AI-10855,Arianne Irving,Consumer,United States,Glendale,Arizona,85301,West,OFF-PA-10000859,Office Supplies,Paper,Unpadded Memo Slips,6.368,2,0.2,2.388,0
5459,CA-2017-116680,2017-09-04,2017-09-06,Second Class,PK-19075,Pete Kriz,Consumer,United States,San Francisco,California,94122,West,OFF-BI-10004022,Office Supplies,Binders,Acco Suede Grain Vinyl Round Ring Binder,13.343999999999998,6,0.2,4.336799999999999,0
5460,CA-2017-116680,2017-09-04,2017-09-06,Second Class,PK-19075,Pete Kriz,Consumer,United States,San Francisco,California,94122,West,FUR-TA-10001771,Furniture,Tables,"Bush Cubix Conference Tables, Fully Assembled",1478.272,8,0.2,92.39200000000005,0
5546,CA-2017-102967,2017-09-22,2017-09-26,Standard Class,MG-17890,Michael Granlund,Home Office,United States,Concord,New Hampshire,3301,East,OFF-ST-10001590,Office Supplies,Storage,"Tenex Personal Project File with Scoop Front Design, Black",67.4,5,0.0,17.523999999999997,0
5547,CA-2017-151008,2017-09-07,2017-09-08,First Class,JM-16195,Justin MacKendrick,Consumer,United States,Draper,Utah,84020,West,FUR-FU-10002396,Furniture,Furnishings,"DAX Copper Panel Document Frame, 5 x 7 Size",25.16,2,0.0,10.567200000000001,0
5548,CA-2017-151008,2017-09-07,2017-09-08,First Class,JM-16195,Justin MacKendrick,Consumer,United States,Draper,Utah,84020,West,TEC-PH-10002807,Technology,Phones,Motorla HX550 Universal Bluetooth Headset,126.56,4,0.2,47.459999999999994,0
5580,CA-2017-137498,2017-09-09,2017-09-14,Second Class,LC-17050,Liz Carlisle,Consumer,United States,Los Angeles,California,90004,West,FUR-CH-10003833,Furniture,Chairs,Novimex Fabric Task Chair,243.92,5,0.2,-15.245000000000005,0
5581,CA-2017-137498,2017-09-09,2017-09-14,Second Class,LC-17050,Liz Carlisle,Consumer,United States,Los Angeles,California,90004,West,OFF-PA-10000143,Office Supplies,Paper,Astroparche Fine Business Paper,47.52,9,0.0,22.809600000000003,0
5595,CA-2017-160325,2017-09-24,2017-09-24,Same Day,BP-11095,Bart Pistole,Corporate,United States,Lawrence,Massachusetts,1841,East,TEC-PH-10000984,Technology,Phones,Panasonic KX-TG9471B,391.98,2,0.0,109.75440000000003,0
5637,CA-2017-123022,2017-09-03,2017-09-08,Standard Class,SC-20050,Sample Company A,Home Office,United States,La Mesa,California,91941,West,TEC-AC-10000474,Technology,Accessories,Kensington Expert Mouse Optical USB Trackball for PC or Mac,284.96999999999997,3,0.0,85.49099999999996,0
5707,CA-2017-136000,2017-09-22,2017-09-25,Second Class,SC-20440,Shaun Chance,Corporate,United States,New York City,New York,10009,East,OFF-BI-10004828,Office Supplies,Binders,GBC Poly Designer Binding Covers,40.176,3,0.2,14.563799999999997,0
5715,CA-2017-116939,2017-09-25,2017-09-29,Standard Class,AG-10900,Arthur Gainer,Consumer,United States,Richmond,Virginia,23223,South,OFF-ST-10001476,Office Supplies,Storage,Steel Personal Filing/Posting Tote,177.54999999999998,5,0.0,47.938500000000005,0
5791,CA-2017-140186,2017-09-29,2017-10-02,First Class,PG-18820,Patrick Gardner,Consumer,United States,Bakersfield,California,93309,West,OFF-FA-10002280,Office Supplies,Fasteners,Advantus Plastic Paper Clips,35.0,7,0.0,16.8,0
5792,CA-2017-140186,2017-09-29,2017-10-02,First Class,PG-18820,Patrick Gardner,Consumer,United States,Bakersfield,California,93309,West,FUR-CH-10002961,Furniture,Chairs,"Leather Task Chair, Black",72.784,1,0.2,0.0,0
5794,CA-2017-140186,2017-09-29,2017-10-02,First Class,PG-18820,Patrick Gardner,Consumer,United States,Bakersfield,California,93309,West,FUR-FU-10004848,Furniture,Furnishings,"Howard Miller 13-3/4"" Diameter Brushed Chrome Round Wall Clock",51.75,1,0.0,15.524999999999999,0
5795,CA-2017-140186,2017-09-29,2017-10-02,First Class,PG-18820,Patrick Gardner,Consumer,United States,Bakersfield,California,93309,West,OFF-BI-10003364,Office Supplies,Binders,Binding Machine Supplies,46.672000000000004,2,0.2,16.3352,0
5984,CA-2017-112984,2017-09-16,2017-09-18,Second Class,EH-14185,Evan Henry,Consumer,United States,Philadelphia,Pennsylvania,19143,East,OFF-PA-10003657,Office Supplies,Paper,Xerox 1927,20.544000000000004,6,0.2,6.419999999999996,0
5991,US-2017-163300,2017-09-15,2017-09-21,Standard Class,ES-14020,Erica Smith,Consumer,United States,Los Angeles,California,90049,West,OFF-BI-10004390,Office Supplies,Binders,GBC DocuBind 200 Manual Binding Machine,2357.4880000000003,7,0.2,884.058,0
6042,CA-2017-122364,2017-09-24,2017-09-29,Standard Class,FA-14230,Frank Atkinson,Corporate,United States,Los Angeles,California,90008,West,TEC-MA-10001031,Technology,Machines,Socket Bluetooth Cordless Hand Scanner (CHS),506.28,3,0.2,177.19799999999998,0
6091,CA-2017-100111,2017-09-20,2017-09-26,Standard Class,SV-20365,Seth Vernon,Consumer,United States,New York City,New York,10035,East,FUR-CH-10003846,Furniture,Chairs,Hon Valutask Swivel Chairs,272.646,3,0.1,18.176400000000008,0
6093,CA-2017-100111,2017-09-20,2017-09-26,Standard Class,SV-20365,Seth Vernon,Consumer,United States,New York City,New York,10035,East,OFF-PA-10000807,Office Supplies,Paper,"TOPS ""Important Message"" Pads, Canary, 4-1/4 x 5-1/2, 50 Sheets per Pad",38.52,9,0.0,18.104400000000002,0
6096,CA-2017-100111,2017-09-20,2017-09-26,Standard Class,SV-20365,Seth Vernon,Consumer,United States,New York City,New York,10035,East,OFF-PA-10002713,Office Supplies,Paper,"Adams Phone Message Book, 200 Message Capacity, 8 1/16” x 11”",13.76,2,0.0,6.329599999999999,0
6097,CA-2017-100111,2017-09-20,2017-09-26,Standard Class,SV-20365,Seth Vernon,Consumer,United States,New York City,New York,10035,East,FUR-CH-10003061,Furniture,Chairs,"Global Leather Task Chair, Black",80.991,1,0.1,8.099099999999988,0
6104,CA-2017-100111,2017-09-20,2017-09-26,Standard Class,SV-20365,Seth Vernon,Consumer,United States,New York City,New York,10035,East,TEC-AC-10001998,Technology,Accessories,Logitech LS21 Speaker System - PC Multimedia - 2.1-CH - Wired,59.97,3,0.0,20.389799999999994,0
6119,CA-2017-143378,2017-09-19,2017-09-25,Standard Class,JR-16210,Justin Ritter,Corporate,United States,Springfield,Oregon,97477,West,TEC-PH-10001425,Technology,Phones,Mophie Juice Pack Helium for iPhone,191.976,3,0.2,19.197599999999994,0
6120,CA-2017-143378,2017-09-19,2017-09-25,Standard Class,JR-16210,Justin Ritter,Corporate,United States,Springfield,Oregon,97477,West,OFF-AR-10001915,Office Supplies,Art,Peel-Off China Markers,23.832,3,0.2,6.553800000000001,0
6133,CA-2017-145737,2017-09-15,2017-09-20,Standard Class,AB-10165,Alan Barnes,Consumer,United States,Lebanon,Tennessee,37087,South,OFF-PA-10001033,Office Supplies,Paper,Xerox 1893,163.96,5,0.2,59.4355,0
6232,US-2017-142188,2017-09-11,2017-09-11,Same Day,JF-15415,Jennifer Ferguson,Consumer,United States,Seattle,Washington,98105,West,FUR-CH-10003199,Furniture,Chairs,Office Star - Contemporary Task Swivel Chair,177.568,2,0.2,8.878399999999992,0
6233,US-2017-142188,2017-09-11,2017-09-11,Same Day,JF-15415,Jennifer Ferguson,Consumer,United States,Seattle,Washington,98105,West,OFF-PA-10002005,Office Supplies,Paper,Xerox 225,19.44,3,0.0,9.3312,0
6234,US-2017-142188,2017-09-11,2017-09-11,Same Day,JF-15415,Jennifer Ferguson,Consumer,United States,Seattle,Washington,98105,West,OFF-PA-10004101,Office Supplies,Paper,Xerox 1894,71.28,11,0.0,34.214400000000005,0
6256,CA-2017-139444,2017-09-09,2017-09-15,Standard Class,GK-14620,Grace Kelly,Corporate,United States,Plano,Texas,75023,Central,OFF-LA-10000134,Office Supplies,Labels,Avery 511,9.856000000000002,4,0.2,3.4495999999999993,0
6321,CA-2017-160017,2017-09-28,2017-10-02,Standard Class,SP-20860,Sung Pak,Corporate,United States,Jacksonville,Florida,32216,South,OFF-PA-10001800,Office Supplies,Paper,Xerox 220,10.368000000000002,2,0.2,3.6288,0
6490,US-2017-148866,2017-09-19,2017-09-24,Standard Class,JM-15535,Jessica Myrick,Consumer,United States,New York City,New York,10011,East,OFF-PA-10004782,Office Supplies,Paper,Xerox 228,32.400000000000006,5,0.0,15.552000000000001,0
6517,US-2017-116652,2017-09-15,2017-09-19,Standard Class,RD-19480,Rick Duston,Consumer,United States,San Francisco,California,94122,West,FUR-FU-10001488,Furniture,Furnishings,"Tenex 46"" x 60"" Computer Anti-Static Chairmat, Rectangular Shaped",529.9,5,0.0,105.97999999999999,0
6518,US-2017-116652,2017-09-15,2017-09-19,Standard Class,RD-19480,Rick Duston,Consumer,United States,San Francisco,California,94122,West,OFF-AR-10001915,Office Supplies,Art,Peel-Off China Markers,99.3,10,0.0,41.706,0
6519,US-2017-116652,2017-09-15,2017-09-19,Standard Class,RD-19480,Rick Duston,Consumer,United States,San Francisco,California,94122,West,OFF-AP-10001205,Office Supplies,Appliances,Belkin 5 Outlet SurgeMaster Power Centers,108.96,2,0.0,30.508800000000008,0
6649,US-2017-124779,2017-09-08,2017-09-11,First Class,BF-11020,Barry Französisch,Corporate,United States,Arlington,Texas,76017,Central,OFF-BI-10002429,Office Supplies,Binders,"Premier Elliptical Ring Binder, Black",42.61599999999999,7,0.8,-68.18560000000002,0
6650,US-2017-124779,2017-09-08,2017-09-11,First Class,BF-11020,Barry Französisch,Corporate,United States,Arlington,Texas,76017,Central,TEC-CO-10001943,Technology,Copiers,Canon PC-428 Personal Copier,319.98400000000004,2,0.2,107.99459999999999,0
6651,US-2017-124779,2017-09-08,2017-09-11,First Class,BF-11020,Barry Französisch,Corporate,United States,Arlington,Texas,76017,Central,OFF-FA-10004854,Office Supplies,Fasteners,"Vinyl Coated Wire Paper Clips in Organizer Box, 800/Box",45.92,5,0.2,15.498000000000001,0
6653,US-2017-124779,2017-09-08,2017-09-11,First Class,BF-11020,Barry Französisch,Corporate,United States,Arlington,Texas,76017,Central,OFF-PA-10000061,Office Supplies,Paper,Xerox 205,20.736000000000004,4,0.2,7.2576,0
6680,CA-2017-145037,2017-09-02,2017-09-07,Second Class,TB-21055,Ted Butterfield,Consumer,United States,Meriden,Connecticut,6450,East,OFF-ST-10000918,Office Supplies,Storage,Crate-A-Files,10.9,1,0.0,2.8339999999999996,0
6721,CA-2017-102974,2017-09-19,2017-09-24,Standard Class,DP-13105,Dave Poirier,Corporate,United States,Los Angeles,California,90032,West,TEC-AC-10000057,Technology,Accessories,Microsoft Natural Ergonomic Keyboard 4000,149.95,5,0.0,31.489499999999992,0
6723,CA-2017-102974,2017-09-19,2017-09-24,Standard Class,DP-13105,Dave Poirier,Corporate,United States,Los Angeles,California,90032,West,OFF-AR-10004956,Office Supplies,Art,Newell 33,16.740000000000002,3,0.0,4.854599999999998,0
6724,US-2017-166394,2017-09-04,2017-09-06,Second Class,VM-21835,Vivian Mathis,Consumer,United States,Nashua,New Hampshire,3060,East,OFF-FA-10001843,Office Supplies,Fasteners,Staples,14.82,6,0.0,6.965400000000001,0
6756,CA-2017-124205,2017-09-15,2017-09-19,Standard Class,TC-21145,Theresa Coyne,Corporate,United States,Lakewood,New Jersey,8701,East,FUR-FU-10002445,Furniture,Furnishings,"DAX Two-Tone Rosewood/Black Document Frame, Desktop, 5 x 7",47.400000000000006,5,0.0,18.960000000000004,0
6757,CA-2017-124205,2017-09-15,2017-09-19,Standard Class,TC-21145,Theresa Coyne,Corporate,United States,Lakewood,New Jersey,8701,East,FUR-CH-10003606,Furniture,Chairs,SAFCO Folding Chair Trolley,512.96,4,0.0,143.6288,0
6770,CA-2017-139787,2017-09-19,2017-09-23,Standard Class,JP-16135,Julie Prescott,Home Office,United States,Columbus,Georgia,31907,South,OFF-AR-10002445,Office Supplies,Art,SANFORD Major Accent Highlighters,35.4,5,0.0,13.452000000000002,0
6810,CA-2017-156237,2017-09-14,2017-09-15,First Class,PS-18760,Pamela Stobb,Consumer,United States,Philadelphia,Pennsylvania,19140,East,OFF-BI-10000301,Office Supplies,Binders,GBC Instant Report Kit,3.8820000000000006,2,0.7,-2.588,0
6814,CA-2017-156237,2017-09-14,2017-09-15,First Class,PS-18760,Pamela Stobb,Consumer,United States,Philadelphia,Pennsylvania,19140,East,FUR-FU-10001057,Furniture,Furnishings,Tensor Track Tree Floor Lamp,127.93599999999999,8,0.2,4.797599999999999,0
6815,CA-2017-156237,2017-09-14,2017-09-15,First Class,PS-18760,Pamela Stobb,Consumer,United States,Philadelphia,Pennsylvania,19140,East,TEC-MA-10001681,Technology,Machines,Lexmark MarkNet N8150 Wireless Print Server,241.17000000000002,2,0.7,-168.8189999999999,0
6886,CA-2017-123036,2017-09-10,2017-09-17,Standard Class,HA-14905,Helen Abelman,Consumer,United States,Springfield,Ohio,45503,East,TEC-AC-10003499,Technology,Accessories,Memorex Mini Travel Drive 8 GB USB 2.0 Flash Drive,37.056000000000004,4,0.2,8.8008,0
6887,CA-2017-123036,2017-09-10,2017-09-17,Standard Class,HA-14905,Helen Abelman,Consumer,United States,Springfield,Ohio,45503,East,TEC-PH-10003580,Technology,Phones,Cisco IP Phone 7961G-GE VoIP phone,259.896,2,0.4,-56.31079999999997,0
6890,CA-2017-164756,2017-09-18,2017-09-22,Standard Class,SS-20140,Saphhira Shifley,Corporate,United States,Columbus,Georgia,31907,South,TEC-PH-10001552,Technology,Phones,I Need's 3d Hello Kitty Hybrid Silicone Case Cover for HTC One X 4g with 3d Hello Kitty Stylus Pen Green/pink,95.68,8,0.0,26.790400000000005,0
6891,CA-2017-164756,2017-09-18,2017-09-22,Standard Class,SS-20140,Saphhira Shifley,Corporate,United States,Columbus,Georgia,31907,South,OFF-PA-10000673,Office Supplies,Paper,"Post-it “Important Message” Note Pad, Neon Colors, 50 Sheets/Pad",50.96,7,0.0,24.460800000000003,0
6892,CA-2017-164756,2017-09-18,2017-09-22,Standard Class,SS-20140,Saphhira Shifley,Corporate,United States,Columbus,Georgia,31907,South,OFF-AR-10000380,Office Supplies,Art,"Hunt PowerHouse Electric Pencil Sharpener, Blue",113.94,3,0.0,34.18199999999999,0
6895,CA-2017-164756,2017-09-18,2017-09-22,Standard Class,SS-20140,Saphhira Shifley,Corporate,United States,Columbus,Georgia,31907,South,TEC-PH-10002447,Technology,Phones,AT&T CL83451 4-Handset Telephone,411.98,2,0.0,119.4742,0
6896,CA-2017-164756,2017-09-18,2017-09-22,Standard Class,SS-20140,Saphhira Shifley,Corporate,United States,Columbus,Georgia,31907,South,OFF-SU-10004261,Office Supplies,Supplies,"Fiskars 8"" Scissors, 2/Pack",34.48,2,0.0,9.999199999999995,0
6897,CA-2017-164756,2017-09-18,2017-09-22,Standard Class,SS-20140,Saphhira Shifley,Corporate,United States,Columbus,Georgia,31907,South,OFF-PA-10003228,Office Supplies,Paper,Xerox 1917,244.54999999999998,5,0.0,114.93849999999998,0
6903,CA-2017-111220,2017-09-02,2017-09-08,Standard Class,JS-15595,Jill Stevenson,Corporate,United States,Chicago,Illinois,60653,Central,OFF-FA-10002280,Office Supplies,Fasteners,Advantus Plastic Paper Clips,16.0,4,0.2,5.6,0
6904,CA-2017-111220,2017-09-02,2017-09-08,Standard Class,JS-15595,Jill Stevenson,Corporate,United States,Chicago,Illinois,60653,Central,OFF-AP-10003278,Office Supplies,Appliances,Belkin 7-Outlet SurgeMaster Home Series,5.587999999999999,2,0.8,-15.087600000000002,0
6972,CA-2017-153822,2017-09-19,2017-09-25,Standard Class,AB-10105,Adrian Barton,Consumer,United States,Phoenix,Arizona,85023,West,TEC-AC-10000109,Technology,Accessories,Sony Micro Vault Click 16 GB USB 2.0 Flash Drive,89.584,2,0.2,4.479200000000006,0
7038,CA-2017-161970,2017-09-22,2017-09-27,Standard Class,PB-19105,Peter Bühler,Consumer,United States,Smyrna,Georgia,30080,South,OFF-PA-10004255,Office Supplies,Paper,Xerox 219,12.96,2,0.0,6.2208000000000006,0
7086,CA-2017-112004,2017-09-25,2017-09-28,First Class,AH-10075,Adam Hart,Corporate,United States,Chester,Pennsylvania,19013,East,OFF-BI-10003476,Office Supplies,Binders,Avery Metallic Poly Binders,8.595000000000002,5,0.7,-6.303000000000001,0
7104,CA-2017-147410,2017-09-04,2017-09-08,Standard Class,EJ-14155,Eva Jacobs,Consumer,United States,Santa Ana,California,92704,West,OFF-ST-10003805,Office Supplies,Storage,"24 Capacity Maxi Data Binder Racks, Pearl",421.1,2,0.0,105.27499999999998,0
7142,CA-2017-128783,2017-09-07,2017-09-07,Same Day,TG-21640,Trudy Glocke,Consumer,United States,Saint Charles,Missouri,63301,Central,FUR-FU-10003623,Furniture,Furnishings,"DataProducts Ampli Magnifier Task Lamp, Black,",135.29999999999998,5,0.0,37.88399999999999,0
7223,CA-2017-113075,2017-09-02,2017-09-06,Standard Class,MC-18100,Mick Crebagga,Consumer,United States,Chicago,Illinois,60623,Central,TEC-AC-10003441,Technology,Accessories,Kingston Digital DataTraveler 32GB USB 2.0,40.68,3,0.2,-7.1190000000000015,0
7284,CA-2017-169439,2017-09-09,2017-09-13,Standard Class,LC-17140,Logan Currie,Consumer,United States,Cleveland,Ohio,44105,East,OFF-AR-10001374,Office Supplies,Art,"BIC Brite Liner Highlighters, Chisel Tip",25.920000000000005,5,0.2,3.8879999999999972,0
7285,CA-2017-169439,2017-09-09,2017-09-13,Standard Class,LC-17140,Logan Currie,Consumer,United States,Cleveland,Ohio,44105,East,FUR-FU-10000723,Furniture,Furnishings,"Deflect-o EconoMat Studded, No Bevel Mat for Low Pile Carpeting",66.11200000000001,2,0.2,-9.090399999999999,0
7304,US-2017-117450,2017-09-04,2017-09-08,Standard Class,DO-13645,Doug O'Connell,Consumer,United States,Boynton Beach,Florida,33437,South,FUR-CH-10003817,Furniture,Chairs,"Global Value Steno Chair, Gray",97.18400000000001,2,0.2,6.074000000000002,0
7323,CA-2017-167626,2017-09-03,2017-09-07,Standard Class,MY-18295,Muhammed Yedwab,Corporate,United States,Chicago,Illinois,60623,Central,TEC-AC-10004353,Technology,Accessories,Hypercom P1300 Pinpad,100.80000000000001,2,0.2,21.42,0
7440,US-2017-163657,2017-09-02,2017-09-06,Standard Class,JL-15235,Janet Lee,Consumer,United States,Los Angeles,California,90049,West,OFF-BI-10000138,Office Supplies,Binders,Acco Translucent Poly Ring Binders,18.72,5,0.2,6.552,0
7451,CA-2017-105669,2017-09-17,2017-09-22,Second Class,SJ-20125,Sanjit Jacobs,Home Office,United States,Houston,Texas,77036,Central,FUR-CH-10003774,Furniture,Chairs,"Global Wood Trimmed Manager's Task Chair, Khaki",318.43,5,0.3,-77.33300000000001,0
7452,CA-2017-105669,2017-09-17,2017-09-22,Second Class,SJ-20125,Sanjit Jacobs,Home Office,United States,Houston,Texas,77036,Central,OFF-BI-10002412,Office Supplies,Binders,Wilson Jones “Snap” Scratch Pad Binder Tool for Ring Binders,5.799999999999999,5,0.8,-10.15,0
7494,US-2017-160836,2017-09-11,2017-09-16,Standard Class,CC-12475,Cindy Chapman,Consumer,United States,Houston,Texas,77070,Central,FUR-TA-10002855,Furniture,Tables,Bevis Round Conference Table Top & Single Column Base,512.19,5,0.3,-65.85300000000001,0
7495,US-2017-160836,2017-09-11,2017-09-16,Standard Class,CC-12475,Cindy Chapman,Consumer,United States,Houston,Texas,77070,Central,OFF-AP-10001626,Office Supplies,Appliances,"Commercial WindTunnel Clean Air Upright Vacuum, Replacement Belts, Filtration Bags",1.5559999999999996,2,0.8,-4.2012,0
7528,US-2017-106145,2017-09-26,2017-09-26,Same Day,RA-19885,Ruben Ausman,Corporate,United States,San Francisco,California,94109,West,FUR-FU-10003829,Furniture,Furnishings,Stackable Trays,9.24,3,0.0,2.9567999999999994,0
7663,US-2017-141509,2017-09-29,2017-10-01,First Class,SC-20575,Sonia Cooley,Consumer,United States,Los Angeles,California,90036,West,OFF-AR-10002067,Office Supplies,Art,Newell 334,99.2,5,0.0,25.792,0
7664,CA-2017-139493,2017-09-13,2017-09-19,Standard Class,SG-20605,Speros Goranitis,Consumer,United States,Asheville,North Carolina,28806,South,OFF-AR-10003158,Office Supplies,Art,Fluorescent Highlighters by Dixon,15.920000000000002,5,0.2,2.785999999999998,0
7719,US-2017-146213,2017-09-09,2017-09-14,Standard Class,MC-17605,Matt Connell,Corporate,United States,Los Angeles,California,90032,West,TEC-AC-10001114,Technology,Accessories,Microsoft Wireless Mobile Mouse 4000,159.96,4,0.0,51.18719999999999,0
7732,CA-2017-140508,2017-09-18,2017-09-21,First Class,PA-19060,Pete Armstrong,Home Office,United States,Dallas,Texas,75220,Central,OFF-EN-10000927,Office Supplies,Envelopes,Jet-Pak Recycled Peel 'N' Seal Padded Mailers,114.84800000000001,4,0.2,35.889999999999986,0
7735,CA-2017-134418,2017-09-15,2017-09-20,Standard Class,GM-14500,Gene McClure,Consumer,United States,Seattle,Washington,98103,West,OFF-AR-10004441,Office Supplies,Art,BIC Brite Liner Highlighters,12.419999999999998,3,0.0,5.2164,0
7871,CA-2017-122112,2017-09-25,2017-09-29,Standard Class,CA-11965,Carol Adams,Corporate,United States,Lakewood,Ohio,44107,East,OFF-EN-10004459,Office Supplies,Envelopes,Security-Tint Envelopes,24.448,4,0.2,8.8624,0
7876,CA-2017-168403,2017-09-09,2017-09-15,Standard Class,DK-12835,Damala Kotsonis,Corporate,United States,Portland,Oregon,97206,West,OFF-PA-10002036,Office Supplies,Paper,Xerox 1930,31.104000000000006,6,0.2,11.2752,0
7877,CA-2017-168403,2017-09-09,2017-09-15,Standard Class,DK-12835,Damala Kotsonis,Corporate,United States,Portland,Oregon,97206,West,OFF-AP-10003278,Office Supplies,Appliances,Belkin 7-Outlet SurgeMaster Home Series,11.176000000000002,1,0.2,0.8382000000000005,0
7918,CA-2017-100783,2017-09-04,2017-09-08,Second Class,JK-16120,Julie Kriz,Home Office,United States,Garland,Texas,75043,Central,OFF-AR-10000380,Office Supplies,Art,"Hunt PowerHouse Electric Pencil Sharpener, Blue",30.384,1,0.2,3.7979999999999947,0
7920,CA-2017-139822,2017-09-15,2017-09-21,Standard Class,Dp-13240,Dean percer,Home Office,United States,Waterbury,Connecticut,6708,East,OFF-ST-10000943,Office Supplies,Storage,Eldon ProFile File 'N Store Portable File Tub Letter/Legal Size Black,38.62,2,0.0,10.813600000000001,0
7921,CA-2017-139822,2017-09-15,2017-09-21,Standard Class,Dp-13240,Dean percer,Home Office,United States,Waterbury,Connecticut,6708,East,TEC-AC-10001090,Technology,Accessories,Micro Innovations Wireless Classic Keyboard with Mouse,59.98,2,0.0,10.796399999999998,0
7924,CA-2017-134096,2017-09-24,2017-09-29,Standard Class,PP-18955,Paul Prost,Home Office,United States,Hollywood,Florida,33021,South,OFF-BI-10004002,Office Supplies,Binders,Wilson Jones International Size A4 Ring Binders,15.570000000000004,3,0.7,-11.418,0
8054,CA-2017-152205,2017-09-28,2017-10-05,Standard Class,SF-20965,Sylvia Foulston,Corporate,United States,Philadelphia,Pennsylvania,19134,East,OFF-BI-10004094,Office Supplies,Binders,GBC Standard Plastic Binding Systems Combs,2.6550000000000002,1,0.7,-1.8584999999999994,0
8197,CA-2017-102736,2017-09-05,2017-09-09,Standard Class,LP-17095,Liz Preis,Consumer,United States,Knoxville,Tennessee,37918,South,TEC-AC-10004568,Technology,Accessories,Maxell LTO Ultrium - 800 GB,89.568,4,0.2,-1.119600000000009,0
8198,CA-2017-102736,2017-09-05,2017-09-09,Standard Class,LP-17095,Liz Preis,Consumer,United States,Knoxville,Tennessee,37918,South,OFF-AR-10001897,Office Supplies,Art,Model L Table or Wall-Mount Pencil Sharpener,71.96,5,0.2,7.1960000000000015,0
8326,CA-2017-144456,2017-09-08,2017-09-09,First Class,FC-14245,Frank Carlisle,Home Office,United States,Hialeah,Florida,33012,South,TEC-PH-10001750,Technology,Phones,Samsung Rugby III,158.376,3,0.2,13.857900000000008,0
8485,CA-2017-142391,2017-09-24,2017-09-24,Same Day,PB-19150,Philip Brown,Consumer,United States,Seattle,Washington,98115,West,FUR-FU-10002759,Furniture,Furnishings,12-1/2 Diameter Round Wall Clock,199.8,10,0.0,71.928,0
8591,CA-2017-126676,2017-09-29,2017-10-01,First Class,FH-14365,Fred Hopkins,Corporate,United States,Hempstead,New York,11550,East,OFF-EN-10004846,Office Supplies,Envelopes,Letter or Legal Size Expandable Poly String Tie Envelopes,7.98,3,0.0,3.9102000000000006,0
8754,CA-2017-152198,2017-09-09,2017-09-10,First Class,JD-16015,Joy Daniels,Consumer,United States,Toledo,Ohio,43615,East,OFF-LA-10000443,Office Supplies,Labels,Avery 501,17.712,6,0.2,5.977799999999999,0
8773,CA-2017-115882,2017-09-14,2017-09-17,First Class,DB-13555,Dorothy Badders,Corporate,United States,Raleigh,North Carolina,27604,South,OFF-PA-10001125,Office Supplies,Paper,Xerox 1988,74.352,3,0.2,23.234999999999992,0
8834,US-2017-132675,2017-09-24,2017-09-28,Standard Class,KF-16285,Karen Ferguson,Home Office,United States,Sandy Springs,Georgia,30328,South,OFF-ST-10004950,Office Supplies,Storage,"Tenex Personal Filing Tote With Secure Closure Lid, Black/Frost",15.51,1,0.0,3.8774999999999995,0
9032,CA-2017-128041,2017-09-01,2017-09-01,Same Day,RW-19540,Rick Wilson,Corporate,United States,Seattle,Washington,98103,West,FUR-TA-10002607,Furniture,Tables,KI Conference Tables,283.56,4,0.0,45.36960000000002,0
9055,CA-2017-117009,2017-09-22,2017-09-28,Standard Class,BK-11260,Berenike Kampe,Consumer,United States,Santa Ana,California,92704,West,OFF-SU-10001218,Office Supplies,Supplies,Fiskars Softgrip Scissors,21.96,2,0.0,6.148800000000001,0
9082,CA-2017-166898,2017-09-11,2017-09-13,Second Class,KH-16630,Ken Heidel,Corporate,United States,Santa Ana,California,92704,West,OFF-PA-10002262,Office Supplies,Paper,Xerox 192,19.44,3,0.0,9.3312,0
9215,US-2017-120908,2017-09-30,2017-10-02,First Class,BF-10975,Barbara Fisher,Corporate,United States,Philadelphia,Pennsylvania,19120,East,OFF-LA-10004677,Office Supplies,Labels,Self-Adhesive Address Labels for Typewriters with Dispenser Box,20.664,7,0.2,6.9741,0
9253,CA-2017-102309,2017-09-23,2017-09-25,Second Class,DO-13645,Doug O'Connell,Consumer,United States,Pine Bluff,Arkansas,71603,South,TEC-AC-10001114,Technology,Accessories,Microsoft Wireless Mobile Mouse 4000,199.95000000000002,5,0.0,63.98399999999999,0
9274,CA-2017-146983,2017-09-02,2017-09-06,Standard Class,AH-10210,Alan Hwang,Consumer,United States,Henderson,Kentucky,42420,South,OFF-BI-10003650,Office Supplies,Binders,GBC DocuBind 300 Electric Binding Machine,1577.94,3,0.0,757.4112,0
9282,US-2017-152898,2017-09-11,2017-09-15,Standard Class,CB-12025,Cassandra Brandow,Consumer,United States,Richmond,Virginia,23223,South,OFF-AP-10000027,Office Supplies,Appliances,Hoover Commercial SteamVac,67.9,5,0.0,20.369999999999997,0
9324,CA-2017-121853,2017-09-23,2017-09-29,Standard Class,DB-13660,Duane Benoit,Consumer,United States,Los Angeles,California,90036,West,OFF-PA-10003641,Office Supplies,Paper,Xerox 1909,211.04,8,0.0,97.07839999999999,0
9325,CA-2017-121853,2017-09-23,2017-09-29,Standard Class,DB-13660,Duane Benoit,Consumer,United States,Los Angeles,California,90036,West,FUR-CH-10003973,Furniture,Chairs,GuestStacker Chair with Chrome Finish Legs,594.816,2,0.2,59.481600000000014,0
9328,US-2017-130687,2017-09-07,2017-09-10,First Class,PF-19225,Phillip Flathmann,Consumer,United States,Edmonds,Washington,98026,West,TEC-PH-10002033,Technology,Phones,Konftel 250 Conference phone - Charcoal black,455.712,2,0.2,34.17840000000001,0
9334,CA-2017-127726,2017-09-11,2017-09-13,Second Class,SS-20410,Shahid Shariari,Consumer,United States,Georgetown,Kentucky,40324,South,OFF-FA-10000992,Office Supplies,Fasteners,"Acco Clips to Go Binder Clips, 24 Clips in Two Sizes",14.2,4,0.0,6.6739999999999995,0
9337,CA-2017-130715,2017-09-16,2017-09-20,Standard Class,CY-12745,Craig Yedwab,Corporate,United States,San Francisco,California,94110,West,OFF-FA-10000621,Office Supplies,Fasteners,"OIC Colored Binder Clips, Assorted Sizes",17.9,5,0.0,8.771,0
9353,CA-2017-148411,2017-09-24,2017-09-26,First Class,RO-19780,Rose O'Brian,Consumer,United States,Chicago,Illinois,60623,Central,FUR-CH-10003973,Furniture,Chairs,GuestStacker Chair with Chrome Finish Legs,520.4639999999999,2,0.3,-14.870399999999961,0
9408,CA-2017-162789,2017-09-22,2017-09-24,Second Class,LC-17140,Logan Currie,Consumer,United States,New York City,New York,10035,East,TEC-AC-10002842,Technology,Accessories,WD My Passport Ultra 2TB Portable External Hard Drive,1071.0,9,0.0,171.36000000000007,0
9539,US-2017-169488,2017-09-07,2017-09-09,First Class,AA-10375,Allen Armold,Consumer,United States,Providence,Rhode Island,2908,East,OFF-PA-10002659,Office Supplies,Paper,Avoid Verbal Orders Carbonless Minifold Book,16.9,5,0.0,7.773999999999999,0
9579,CA-2017-152975,2017-09-14,2017-09-16,First Class,RB-19705,Roger Barcio,Home Office,United States,New York City,New York,10035,East,TEC-PH-10004586,Technology,Phones,Wilson SignalBoost 841262 DB PRO Amplifier Kit,1079.85,3,0.0,323.9549999999999,0
9595,CA-2017-108931,2017-09-14,2017-09-19,Standard Class,HZ-14950,Henia Zydlo,Consumer,United States,New York City,New York,10024,East,OFF-PA-10003845,Office Supplies,Paper,Xerox 1987,11.56,2,0.0,5.6644000000000005,0
9627,CA-2017-103520,2017-09-23,2017-09-25,First Class,MH-17785,Maya Herman,Corporate,United States,Lubbock,Texas,79424,Central,OFF-PA-10001846,Office Supplies,Paper,Xerox 1899,9.248000000000001,2,0.2,3.3524000000000003,0
9688,US-2017-130603,2017-09-30,2017-10-06,Standard Class,SC-20050,Sample Company A,Home Office,United States,Arlington,Texas,76017,Central,OFF-BI-10000301,Office Supplies,Binders,GBC Instant Report Kit,11.645999999999997,9,0.8,-17.469000000000005,0
9694,CA-2017-130148,2017-09-24,2017-09-28,Second Class,NK-18490,Neil Knudson,Home Office,United States,San Francisco,California,94110,West,OFF-PA-10000551,Office Supplies,Paper,Array Memo Cubes,31.08,6,0.0,15.229199999999999,0
9695,CA-2017-130148,2017-09-24,2017-09-28,Second Class,NK-18490,Neil Knudson,Home Office,United States,San Francisco,California,94110,West,OFF-SU-10001574,Office Supplies,Supplies,Acme Value Line Scissors,7.3,2,0.0,2.1899999999999995,0
9726,CA-2017-142293,2017-09-17,2017-09-20,First Class,SC-20380,Shahid Collister,Consumer,United States,Boise,Idaho,83704,West,TEC-AC-10001109,Technology,Accessories,Logitech Trackman Marble Mouse,89.97,3,0.0,37.787400000000005,0
9847,CA-2017-169327,2017-09-02,2017-09-04,Second Class,MH-17290,Marc Harrigan,Home Office,United States,Los Angeles,California,90008,West,OFF-AP-10001492,Office Supplies,Appliances,"Acco Six-Outlet Power Strip, 4' Cord Length",43.099999999999994,5,0.0,11.206,0
9848,CA-2017-169327,2017-09-02,2017-09-04,Second Class,MH-17290,Marc Harrigan,Home Office,United States,Los Angeles,California,90008,West,FUR-FU-10004188,Furniture,Furnishings,Luxo Professional Combination Clamp-On Lamps,511.5,5,0.0,132.99,0
9849,CA-2017-169327,2017-09-02,2017-09-04,Second Class,MH-17290,Marc Harrigan,Home Office,United States,Los Angeles,California,90008,West,OFF-BI-10004330,Office Supplies,Binders,"GBC Velobind Prepunched Cover Sets, Regency Series",147.92,5,0.2,46.22499999999999,0
9961,CA-2017-141446,2017-09-16,2017-09-18,Second Class,CL-12700,Craig Leslie,Home Office,United States,Florence,Kentucky,41042,South,TEC-AC-10002305,Technology,Accessories,KeyTronic E03601U1 - Keyboard - Beige,18.0,1,0.0,3.2399999999999984,0
